ts,open,high,low,close,volume
1357084800,116.19320923629536,117.0259578889844,115.88892981603676,116.95389556884766,192059000.0
1357171200,116.8978248809956,117.20209201473284,116.37734639928368,116.68962860107422,144761800.0
1357257600,116.88178714610552,117.39425047287789,116.6415672889739,117.20207214355467,116817700.0
1357516800,116.78574521865126,116.99392931849997,116.44942996937397,116.88182830810548,110002500.0
1357603200,116.6736129766293,116.83375548888336,116.08907509067072,116.54549407958984,121265100.0
1357689600,116.801742925648,117.16207892262148,116.61757961077002,116.84178161621094,90745600.0
1357776000,117.490310366571,117.77857169468348,116.88176410415,117.77056884765624,130735400.0
1357862400,117.73859365831646,117.82667389332536,117.3942877875229,117.76262664794922,113917300.0
1358121600,117.61848905988316,117.76262590630512,117.25015020177656,117.68254852294922,89567200.0
1358208000,117.1380499336449,117.8747276544975,117.0659876190267,117.76262664794922,93172600.0
1358294400,117.52241052845544,117.9307758759713,117.39429159735856,117.74661254882812,104849500.0
1358380800,118.26702808674482,118.8435508108531,117.8266270866498,118.50724792480467,133833500.0
1358467200,118.48328391004009,118.89966434756218,118.05088555081863,118.77154541015624,169906000.0
1358812800,118.77156494766376,119.41214752197266,118.4913062532485,119.41214752197266,111797300.0
1358899200,119.41210478420992,119.70836907882963,119.19590564641317,119.6042709350586,104596100.0
1358985600,119.42806477846472,120.22078650160935,119.31596382734112,119.63626098632812,146426400.0
1359072000,120.0126574969914,120.30892181396484,119.60427995944109,120.30892181396484,147211600.0
1359331200,120.34097372640178,120.37300957355302,119.71640910600632,120.16482543945312,113357700.0
1359417600,119.92457758276949,120.7893619834044,119.84450020160048,120.63722229003906,105694400.0
1359504000,120.62123240754408,120.8614523887952,120.05271219251958,120.16482543945312,137447700.0
1359590400,120.02064706137423,120.41300663567978,119.78844223125324,119.8685073852539,108975800.0
1359676800,120.62919421553772,121.2457557734048,120.4210101522736,121.10163116455078,131173000.0
1359936000,120.36493290074972,121.12561885976818,119.65227624681005,119.7403564453125,159073600.0
1360022400,120.38898844582872,121.29379923577176,120.34093469068934,120.94949340820312,113912400.0
1360108800,120.52511133793018,121.11763992453312,120.43703111315246,121.0375747680664,138762800.0
1360195200,121.07759971365152,121.18970069445554,119.99661637025577,120.8774185180664,162490000.0
1360281600,121.08561169438424,121.62209587283928,121.08561169438424,121.55003356933594,103133700.0
1360540800,121.50201835049792,121.63012506733185,121.22175970760458,121.52603912353516,73775000.0
1360627200,121.5340483940985,121.95042884555906,121.39792660033336,121.72622680664062,65392700.0
1360713600,121.97440567186034,122.19860762999764,121.4859630734704,121.83026885986328,82322600.0
1360800000,121.46194763093789,122.08651200141938,121.32582588025252,121.94237518310548,80834300.0
1360886400,122.054535033954,122.18265399689344,121.34990517398056,121.79830932617188,215226500.0
1361232000,122.00644827090798,122.73511085727937,121.83830288518676,122.71109008789062,95105400.0
1361318400,122.6230089026811,122.6630475907136,121.11764220292268,121.18170166015624,160574800.0
1361404800,120.8773978454695,121.24572434022372,120.06065528609724,120.44499969482422,183257000.0
1361491200,121.02959039269382,121.62213134765624,120.50112112810032,121.62213134765624,106356600.0
1361750400,122.21465712103792,122.39882044463914,119.30802154541016,119.30802154541016,245824800.0
1361836800,119.88451309746377,120.2688575645738,119.09179117958968,120.1247329711914,186596200.0
1361923200,120.02066989452084,121.9744408515849,119.91657173461525,121.6381378173828,150781900.0
1362009600,121.63010828907606,122.40681242505556,121.23776090486066,121.3979034423828,126866000.0
1362096000,120.98156621005384,121.98247269908684,120.43707894470634,121.79830932617188,170634800.0
1362355200,121.51800979559316,122.44685363769533,121.32584363384284,122.44685363769533,99010200.0
1362441600,123.039374929649,123.87212334047288,123.02335701268392,123.5438232421875,121431900.0
1362528000,123.9842262291892,124.0482856799437,123.43973922491236,123.71198272705078,94469900.0
1362614400,123.87213591726152,124.09633790517324,123.72801130421486,123.93619537353516,86101400.0
1362700800,124.48070908255886,124.632836563502,123.84012666360712,124.46469116210938,123477800.0
1362960000,124.36861063260916,124.945121381616,124.21647093044464,124.93711853027344,83746800.0
1363046400,124.84903874732636,124.99317559867268,124.28053084759388,124.6568603515625,105755800.0
1363132800,124.72092968214432,125.00919118954452,124.29654638209608,124.8330307006836,92550900.0
1363219200,125.16132422064167,125.55368387362432,124.84103910423131,125.49762725830078,126329900.0
1363305600,125.34803649044711,125.50084059289674,124.91371497525216,125.33194732666016,138601100.0
1363564800,124.1335240591377,125.17909853063787,124.02092448666431,124.64022827148438,126704300.0
1363651200,124.90567519377883,125.0745684582092,123.5303401069515,124.35071563720705,167567300.0
1363737600,125.08258740029284,125.42842455932268,124.8734651437326,125.21931457519533,113759300.0
1363824000,124.47135257916422,125.1791285027095,123.94053290894117,124.14964294433594,128605000.0
1363910400,124.54375024479629,125.14696502685544,124.4472275344102,125.14696502685548,111163600.0
1364169600,125.47672533285912,125.685847665363,124.1416191456076,124.62418365478516,151322300.0
1364256000,125.13889854589144,125.6536412708461,125.00217135187292,125.62147521972656,86856600.0
1364342400,124.8734826025256,125.66169198795193,124.66437258916216,125.62147521972656,99950600.0
1364428800,125.54105029772909,126.15231576285572,125.26759589092794,126.00753784179688,102932800.0
1364774400,125.94314388621056,126.20052130125154,125.20320222661368,125.5088348388672,99194100.0
1364860800,125.95929117568058,126.44186791538664,125.76625802531088,126.1281967163086,101504300.0
1364947200,126.20055724452824,126.29706766644048,124.519601943241,124.84934997558594,154167400.0
1365033600,125.01018391697636,125.60536005516856,124.73672958554972,125.35603332519533,131885000.0
1365120000,123.81987608836748,124.94588429599878,123.6751104420288,124.7930679321289,159666000.0
1365379200,124.88150420957452,125.6455735380123,124.4632720079036,125.63753509521484,86571200.0
1365465600,125.8708658902839,126.5303868611196,125.45263337883786,126.07193756103516,101922200.0
1365552000,126.40968224858284,127.77696656845576,126.37751619494011,127.6161117553711,135711100.0
1365638400,127.64024279994226,128.45257987740757,127.51155403703584,128.0343475341797,110142500.0
1365724800,127.62414227821988,127.91368583277266,127.0128891174684,127.72066497802734,116359900.0
1365984000,127.07724339225162,127.18180454500695,124.7448178845327,124.76089477539062,217259000.0
1366070400,125.7018903507391,126.66704365131945,125.39626992649374,126.60269927978516,147507800.0
1366156800,125.7019053741359,125.72604525472612,124.08529426559066,124.75285339355467,226834800.0
1366243200,124.96194776589438,124.9941260876929,123.4981532073438,123.9726791381836,167583200.0
1366329600,124.26219525479912,125.10669806538594,123.95656262731806,125.0503921508789,149687600.0
1366588800,125.2917136734726,125.90296681822838,124.4632998003763,125.60538482666016,106553500.0
1366675200,126.2327323411228,127.02092947890723,125.60539000886486,126.9002914428711,166141300.0
1366761600,126.94051137892046,127.31852693117672,126.70726147351878,126.98072814941406,96781200.0
1366848000,127.35070546495884,128.09869819765285,127.15768458356928,127.4954833984375,131060600.0
1366934400,127.3426159557931,127.55977663271337,126.86003940095512,127.27023315429688,95918800.0
1367193600,127.61606807021988,128.40426497522637,127.41499655458536,128.12277221679688,88572800.0
1367280000,128.09870342810254,128.46062986792242,127.56787143773369,128.42845153808594,116010700.0
1367366400,128.14692455298925,128.21126892310443,127.15765594139042,127.30242156982422,138874200.0
1367452800,127.62413379052693,128.597325534073,127.5034957643342,128.48472595214844,96407600.0
1367539200,129.6026763037905,130.19785250310062,128.50884659332772,129.78765869140625,144202300.0
1367798400,129.88416355956903,130.30238348528323,129.82785764316617,130.11740112304688,66882100.0
1367884800,130.39890107900217,130.8171209884198,130.02892409651457,130.77691650390625,90359200.0
1367971200,130.63217419489158,131.41233285675995,130.5597913761453,131.3721160888672,97419200.0
1368057600,131.3157920527824,131.6616291772972,130.67236073265508,131.0021209716797,106738600.0
1368144000,131.09059182401404,131.54099006256823,130.70452567174053,131.4283905029297,103203000.0
1368403200,131.25948939628051,131.75010440941412,130.95386902276408,131.53294372558594,81843200.0
1368489600,131.63751222932794,132.98871933818418,131.63751222932794,132.89219665527344,119000900.0
1368576000,132.6750694735602,133.8734481703041,132.63485270527792,133.6080322265625,120718500.0
1368662400,133.33457027797,133.8010577642383,132.77961081547093,132.98068237304688,109913600.0
1368748800,133.47133014396718,134.34799940426063,133.2943861481821,134.267578125,129801000.0
1369008000,134.13891392474352,134.78234563888617,134.00218667975955,134.25955200195312,85071200.0
1369094400,134.3801013389433,134.95918821913187,133.91361400365636,134.45248413085938,95804200.0
1369180800,134.58926204497655,135.98068613410737,132.8439623043958,133.45521545410156,244031800.0
1369267200,132.03162900664006,133.4391298936235,131.85468505619602,133.06915283203125,211064400.0
1369353600,132.28097590314255,133.01287942114476,131.8868711767331,132.95657348632812,151573900.0
1369699200,134.3479562690978,134.94313245223017,133.3586877175149,133.75279235839844,143679800.0
1369785600,133.0449947675619,133.35062738879915,132.17636437491203,132.88414001464844,160363400.0
1369872000,132.98871720999705,133.98602416213117,132.88415608536397,133.37477111816406,107793800.0
1369958400,133.00475293995487,133.76078363581112,131.20316041103305,131.4605255126953,176850100.0
1370217600,131.76623117228306,132.27293548834567,130.8252176370493,132.18446350097656,168390700.0
1370304000,132.25680215181436,132.78763389873174,130.88146758433408,131.5490264892578,157631500.0
1370390400,131.17110116663423,131.43651722242203,129.5947062729392,129.70730590820312,211737800.0
1370476800,129.65092812725746,130.8895357014073,128.88685872037522,130.88148498535156,200225500.0
1370563200,131.78228683490985,132.66699421126447,131.211238284796,132.54635620117188,188337800.0
1370822400,132.9565377079191,133.02892051397467,132.20050678485245,132.54635620117188,105667100.0
1370908800,131.33999303539008,132.33730047999035,130.88959454138498,131.17913818359375,159505400.0
1370995200,132.0799111063481,132.21663831908492,129.97268470514916,130.09332275390625,177361500.0
1371081600,130.0209362190122,132.30510654157948,129.731392637811,132.07186889648438,163587800.0
1371168000,131.9271023551279,132.44184518030448,131.0263054791781,131.2434539794922,141197500.0
1371427200,132.1361856337809,132.88417824504876,131.2756057082705,132.2568359375,136295600.0
1371513600,132.3292524257694,133.5035160762652,132.32121397911666,133.3024444580078,114695600.0
1371600000,133.18974752974347,133.42298503663827,131.40423188238086,131.4605255126953,206149500.0
1371686400,130.18178151711896,131.47668295607158,127.8654330368969,128.20323181152344,321255900.0
1371772800,129.07562380361483,129.1726448801845,127.32108942388416,128.61476135253906,271956800.0
1372032000,127.2725957626018,128.09729969754366,125.91423882365206,126.9896011352539,222329000.0
1372118400,128.1377320978488,129.44757852104976,127.28067955589285,128.21051025390625,162262200.0
1372204800,129.26164009842995,129.77102564236938,128.760347872569,129.47994995117188,134848000.0
1372291200,130.256103491492,130.8382546396282,130.1348148054977,130.23992919921875,129483700.0
1372377600,129.87611334573546,130.49868184087794,129.25353251322042,129.70631408691406,160402900.0
1372636800,130.38546472611895,131.37188684906567,130.2399331034074,130.46632385253906,131954800.0
1372723200,130.27226884862498,131.22635471974263,129.7709768113931,130.3450469970703,154863700.0
1372809600,129.75479064933154,130.79781652880857,129.5445742129992,130.40162658691406,75216400.0
1372982400,131.36380169084828,131.85701273662568,130.4178091612169,131.80850219726562,122416900.0
1373241600,132.48767425452905,132.91620046815794,131.85701256891028,132.56044006347656,108092500.0
1373328000,133.39331390579076,133.6763086642117,132.81925574425418,133.5146026611328,119298000.0
1373414400,133.38516909692467,134.01583084331526,133.11026778949724,133.56304931640625,121410100.0
1373500800,135.11550378018566,135.51977492879047,133.5550107311355,135.38232421875,135592200.0
1373587200,135.34180645016087,135.7784135777232,135.13159003131508,135.43882751464844,104212700.0
1373846400,135.81081295332922,136.15039914341577,135.5763288432916,135.9563446044922,69450600.0
1373932800,136.04525831220965,136.12611743873853,135.08310379579072,135.4469451904297,88702100.0
1374019200,135.9645076027047,136.22323478316045,135.6168279177864,135.79470825195312,92873900.0
1374105600,136.08570112306597,136.8619068662452,135.99676101017428,136.53848266601562,103620100.0
1374192000,136.2554738589336,136.8295316544168,136.0856746446797,136.78102111816406,103831700.0
1374451200,136.97508575272772,137.24190605926302,136.651661591456,137.0478515625,79428600.0
1374537600,137.2904461478469,137.3147014229914,136.68403959448835,136.75680541992188,80829700.0
1374624000,137.2823479336643,137.3389517985641,135.9805947520665,136.25550842285156,112914000.0
1374710400,136.01293246126718,136.70827905551036,135.7865416945249,136.5869903564453,111088600.0
1374796800,136.01294202811545,136.77297351451125,135.44696507145017,136.7325439453125,107814600.0
1375056000,136.3848385622259,136.69208842495772,135.92397610549816,136.31207275390625,79695000.0
1375142400,136.72443700912424,136.86996862576353,135.98866093646117,136.31207275390625,85209600.0
1375228800,136.5950187291611,137.3307945399407,136.23117747969428,136.4090576171875,142388700.0
1375315200,137.44410275308184,138.10710098859963,137.37132457352286,137.98582458496094,110438400.0
1375401600,137.67856932648417,138.23646543668863,137.49260806887443,138.2202911376953,91116700.0
1375660800,137.91301011564713,138.22834099130012,137.73512989477916,138.0181121826172,54072700.0
1375747200,137.75126142039755,138.05043027342444,136.92655767387456,137.23379516601562,87495000.0
1375833600,136.797232110405,136.99127430747512,136.27976568926363,136.7891387939453,84854700.0
1375920000,137.43601325579556,137.5977192442684,136.587041394593,137.2904815673828,102181300.0
1376006400,137.11256640626814,137.53301173926428,136.4172197290477,136.89425659179688,91757700.0
1376265600,136.20699655784597,136.8942498847351,136.14231171460247,136.7325439453125,68593300.0
1376352000,136.97511960960298,137.3712973412021,136.16657751262738,137.13682556152344,80806000.0
1376438400,137.07213820220727,137.29044801885593,136.40104679352672,136.4333953857422,79829200.0
1376524800,135.3580047034679,135.37416665883157,134.29072345568275,134.52520751953125,152931800.0
1376611200,134.26645127452906,134.72732602912694,133.81366983396418,134.0804901123047,130868200.0
1376870400,133.92684651957683,134.38772120991115,133.21532587654866,133.22341918945312,96437600.0
1376956800,133.4417678569907,134.37967954924392,133.2962362171783,133.87838745117188,89294400.0
1377043200,133.50649262437568,134.2422690342365,132.75455425239477,133.0537109375,159530500.0
1377129600,133.3285526803511,134.46051872838518,133.3204717029071,134.26646423339844,101471400.0
1377216000,134.66269252466358,134.8890833312253,134.0320306581884,134.7192840576172,90888900.0
1377475200,134.8566838895596,135.2690481111079,134.12900119103878,134.2179412841797,89702100.0
1377561600,132.8919862576886,134.2179948701396,131.96216773420045,132.05918884277344,158619400.0
1377648000,132.0025470484639,132.99706247512043,131.8327601572389,132.52810668945312,108113000.0
1377734400,132.23703497825926,133.44175455676003,132.11574628646588,132.7383270263672,119200500.0
1377820800,133.01326360713404,133.02943790447137,131.92982009563946,132.3179168701172,134928900.0
1378166400,133.5954169567809,133.87841164627838,132.35834844531894,132.91624450683594,142375100.0
1378252800,132.94860265601207,134.24227525334,132.7060498392173,134.01588439941406,97389400.0
1378339200,134.0966830637883,134.54137125220265,133.99964964347205,134.1856231689453,63090500.0
1378425600,134.6303361960459,135.01035195752152,132.9889967740866,134.2503204345703,159756500.0
1378684800,134.5818027720168,135.61673546304786,134.5818027720168,135.535888671875,87559300.0
1378771200,136.35252146174096,136.56273793886135,136.04527155586578,136.53848266601562,105847200.0
1378857600,136.3524774456643,136.9669647216797,136.1180057713882,136.9669647216797,94545900.0
1378944000,136.91849555067796,137.09637577277198,136.4172034724338,136.60316467285156,83209000.0
1379030400,136.74874020160044,137.01556059631525,136.43340925100554,136.9104461669922,72727800.0
1379289600,138.3900396229182,138.4547244577668,137.484464272409,137.70277404785156,106299200.0
1379376000,137.82414094454057,138.3496885620092,137.82414094454057,138.31735229492188,82523300.0
1379462400,138.26873486075175,140.29818276396904,137.92106779339045,139.9181671142578,203460600.0
1379548800,140.2982769589944,140.3629618297538,139.54632613162158,139.68377685546875,146616900.0
1379635200,140.0152057527612,140.0152057527612,138.59336041263555,138.7071075439453,132867100.0
1379894400,138.52021691164518,138.65020475619465,137.62648074439974,138.06521606445312,104616500.0
1379980800,138.0408643932514,138.55273267882882,137.4802615060802,137.74024963378906,106333100.0
1380067200,137.82961205595268,138.10585329339972,137.22024982172792,137.3421173095703,117306500.0
1380153600,137.56965497258378,138.2602582219386,137.35028104749028,137.87026977539062,77146900.0
1380240000,137.17961621524233,137.4233635760346,136.87900149551845,137.2364959716797,99141800.0
1380499200,136.0746644949484,136.93589458708286,135.8065435874429,136.50527954101562,143937000.0
1380585600,136.61092958741472,137.71590727442555,136.47280892622712,137.58590698242188,127160000.0
1380672000,136.78156713600208,137.58591766049145,136.35907235295534,137.45591735839844,113350000.0
1380758400,137.13903464780165,137.260914566996,135.5546948783536,136.1884307861328,176698000.0
1380844800,136.2940759144861,137.35842707215386,136.115328593617,137.22030639648438,96878000.0
1381104000,136.02595250608613,136.86280931271793,135.88783183288112,136.03407287597656,96295000.0
1381190400,136.0095805631122,136.18832772465456,134.35212153494723,134.44961547851562,178015000.0
1381276800,134.70970483914067,135.0346931307033,133.67784779729098,134.54721069335938,168973000.0
1381363200,135.92026673999715,137.52085913728484,135.87151974678125,137.44773864746094,195955000.0
1381449600,137.23652923031565,138.38213342541718,137.1227820873806,138.3333740234375,105040000.0
1381708800,137.48019643255932,138.99953504043253,137.37456971949808,138.8857879638672,112106000.0
1381795200,138.53649681609045,139.05648553383554,137.69151979882056,137.87838745117188,155485000.0
1381881600,138.70708293540488,139.8770603055966,138.64208281511586,139.80393981933594,161676000.0
1381968000,139.23530377460887,140.81965663535632,139.21093025959877,140.7384033203125,129389000.0
1382054400,141.25834967848908,141.78645887437165,140.9739755591606,141.68896484375,138316000.0
1382313600,141.7376481113657,141.98139547580388,141.38015362985715,141.697021484375,104104000.0
1382400000,142.1114585408461,142.94018258974936,141.7214576263501,142.5177001953125,126663000.0
1382486400,142.030177841443,142.09517798131503,141.3395746006321,141.83518981933594,105484000.0
1382572800,142.11952886043304,142.4851437411915,141.78640784568344,142.306396484375,70350000.0
1382659200,142.59886541346378,142.9969864866705,142.3226242104248,142.95635986328125,93625000.0
1382918400,142.9075967188145,143.37883822234602,142.75322300588994,143.183837890625,84979000.0
1383004800,143.50891162151373,144.00452686954645,143.3057908214595,143.94764709472656,87401000.0
1383091200,144.1182668229431,144.2238812033892,142.72079479657324,143.23265075683594,140002000.0
1383177600,143.11886459288542,143.7201064302049,142.61512913844567,142.8263702392578,133795000.0
1383264000,143.01327454734684,143.49263658691407,142.36328560687016,143.1676483154297,142805000.0
1383523200,143.55770056854644,143.72831514782948,142.98083187296302,143.67144775390625,85677000.0
1383609600,143.11075812827585,143.60637326458004,142.64764925525776,143.2163848876953,85825000.0
1383696000,143.8338999425966,144.2157680384993,143.4357787113868,143.94764709472656,87348000.0
1383782400,144.21578888282946,144.32953605139994,141.98958012936498,142.12770080566406,157000000.0
1383868800,142.0789427683546,144.06140389323133,142.06270202946982,144.04515075683594,136713000.0
1384128000,143.90701249390784,144.24013356297,143.7363979739066,144.06951904296875,62614000.0
1384214400,143.7607854382324,144.10202690888397,143.29766404394866,143.77703857421875,83990000.0
1384300800,143.07013203895892,144.97133933065703,143.07013203895892,144.93072509765625,103844000.0
1384387200,145.06073275826282,145.77572188076743,144.82511810516945,145.6538543701172,103435000.0
1384473600,145.88944600418375,146.3444345021663,145.70257838483522,146.28756713867188,102818000.0
1384732800,146.53134209991885,146.65320961427886,145.4507380150599,145.77572631835938,104796000.0
1384819200,145.702594453129,146.1413298681375,145.20697927084652,145.45884704589844,93891000.0
1384905600,145.75135877859964,146.19009424575478,144.605754506709,145.00387573242188,124909000.0
1384992000,145.41010725542702,146.28759052647007,145.32073361492704,146.17384338378906,92841000.0
1385078400,146.2307581432166,146.92137398883324,146.0601435726609,146.90512084960938,81296000.0
1385337600,147.16501520834058,147.1975090658093,146.54752033890108,146.75877380371094,79486000.0
1385424000,146.83194474270638,147.2381862869486,146.5800769688775,146.7994384765625,86994000.0
1385510400,146.95380063065383,147.25442777993473,146.77505337351613,147.15692138671875,58800000.0
1385683200,147.31943351185228,147.6687952747661,146.89693885186858,147.05943298339844,55870900.0
1385942400,147.13257036660653,147.4088116616571,146.4500874973608,146.67758178710938,99726000.0
1386028800,146.198242824763,146.56385781985523,145.572627230265,146.0438690185547,116563000.0
1386115200,145.51574715991856,146.6369655539405,144.9063847553921,146.02760314941406,123033000.0
1386201600,145.76764087156943,146.03576186490457,145.24765202321072,145.38577270507812,106934000.0
1386288000,146.79130726335876,147.14880177948035,146.3688126172599,147.01068115234375,127728000.0
1386547200,147.4413096996571,147.60380384076254,147.1894419213174,147.38442993164062,70124000.0
1386633600,147.04325200041774,147.3519996800724,146.7670106015234,146.85638427734375,80976000.0
1386720000,146.91320499962288,146.9375785016363,145.02823819386208,145.2069854736328,130591000.0
1386806400,145.1419925676169,145.3207398562939,144.42700341290893,144.72763061523438,115565000.0
1386892800,145.02823265768075,145.15823292846218,144.4351234688144,144.71136474609375,107808000.0
1387152000,145.39390725269632,146.09264349807822,145.3532806017122,145.61328125,96195000.0
1387238400,145.7432682600305,145.76764176889174,144.82515810121723,145.150146484375,89886000.0
1387324800,145.36951692324138,147.65259311276014,144.06955102474026,147.6282196044922,234906000.0
1387411200,147.20568512754224,147.62817981951324,146.82382946841494,147.4575653076172,136531200.0
1387497600,147.6045681013348,148.666532716933,147.50654481721605,148.3152618408203,197087000.0
1387756800,149.04232824967266,149.1975401253316,148.73191696316965,149.10768127441406,85598000.0
1387843200,149.11582955406067,149.49977074226214,149.10766510115917,149.43441772460938,45368800.0
1388016000,149.76937961672766,150.27586249673607,149.75305070739756,150.1941680908203,63365000.0
1388102400,150.39025874908427,150.4555993297506,150.03082323132494,150.18603515625,61814000.0
1388361600,150.20230323603275,150.32484482099446,149.96540944880894,150.16146850585938,56857000.0
1388448000,150.3657371731377,150.87220764160156,150.25136000689866,150.87220764160156,86119900.0
1388620800,150.29220599037075,150.36573594875676,149.06686457162533,149.42630004882812,119636900.0
1388707200,149.67948963588822,149.98174890308,149.18936069674652,149.40174865722656,81390600.0
1388966400,149.8919207254851,149.94909683758237,148.74009691592389,148.9688262939453,108028200.0
1389052800,149.56513982258,150.13696320743608,149.4507751456088,149.88372802734375,86144200.0
1389139200,149.85925428795588,150.16967810540697,149.40179548212328,149.91644287109375,96582300.0
1389225600,150.39842193930195,150.41476331674042,149.32829231623052,150.0144805908203,90683400.0
1389312000,150.26763971751848,150.48820457432447,149.4997574095967,150.4228515625,102026400.0
1389571200,150.03894038544468,150.4555518961481,148.13557560451824,148.42149353027344,149892000.0
1389657600,148.91159227528922,150.12060429282278,148.6338513245636,150.03890991210938,105016100.0
1389744000,150.39024322002592,151.07643142953782,150.0716549466941,150.8477020263672,98525800.0
1389830400,150.53723140330905,150.8476551245879,150.16963158142363,150.65159606933594,72290600.0
1389916800,150.39025748299213,150.67616303166182,149.75308087589892,150.0144805908203,107848700.0
1390262400,150.88033957467013,150.93752814546258,149.5324692795371,150.45555114746094,88621200.0
1390348800,150.70883129345788,150.77418433210818,150.23503111185642,150.55361938476562,61270900.0
1390435200,149.79389905170518,149.81840488274258,148.52772289871487,149.32009887695312,132496900.0
1390521600,148.34800527764287,148.39701693975616,146.0852046464805,146.13421630859375,208677100.0
1390780800,146.27305501552237,146.6488317846636,144.68827847296038,145.41531372070312,180843100.0
1390867200,145.5215167347122,146.46911689697978,145.50517536231038,146.28123474121094,110463200.0
1390953600,145.06407235988053,145.85646072466452,144.49224891746323,144.87619018554688,216597300.0
1391040000,146.0851583902381,146.88571103584255,145.61952281796562,146.4119110107422,118938100.0
1391126400,144.5984345225525,146.46095225844752,144.52491703780254,145.55419921875,194677900.0
1391385600,145.38262683094513,145.70937944648918,142.00068615432966,142.27842712402344,254837100.0
1391472000,142.91560431468966,143.6426394837668,142.22941633900606,143.27503967285156,165012400.0
1391558400,142.77674871607556,143.41392511204944,141.90267851741993,143.0953369140625,164230500.0
1391644800,143.4302066597786,144.9822998046875,143.13612441008107,144.9822998046875,132877600.0
1391731200,145.6604302570444,146.9347834548231,145.18663003597976,146.77957153320312,170787200.0
1391990400,146.795867606006,147.09812689975735,146.39559747359044,147.04910278320312,92218800.0
1392076800,147.1716454361448,149.03416300453276,147.07360966714575,148.65838623046875,117814100.0
1392163200,148.87895329337402,149.35275337850797,148.4378359533197,148.73191833496094,94717700.0
1392249600,147.72718796792932,149.65505935053224,147.71902351084074,149.49984741210938,100542200.0
1392336000,149.36096355759983,150.60264648963667,149.22209301053542,150.3249053955078,96498400.0
1392681600,150.45555351891755,150.70880116737086,150.02260063112027,150.50457763671875,80460900.0
1392768000,150.1124587582198,151.0845647537994,149.38542349120212,149.50796508789062,126524300.0
1392854400,149.7122349648942,150.733352929337,149.16491723173115,150.3902587890625,104998100.0
1392940800,150.67608654720414,151.0355218794851,150.1451104657607,150.2186279296875,118116400.0
1393200000,150.5372630626279,152.06485123685522,150.47191003046623,151.05191040039062,114063900.0
1393286400,151.1744381796014,151.60739110704705,150.4964144999674,150.99472045898438,117085000.0
1393372800,151.21531773693775,151.61560046665164,150.57814112380558,151.0029296875,98677200.0
1393459200,150.7823347781994,151.83612282458452,150.61078150957945,151.7952880859375,93880800.0
1393545600,151.77078259686587,152.88175931479591,151.16628880794494,152.17922973632812,150842000.0
1393804800,150.8394932706307,151.49301105525493,150.1042935534378,151.10906982421875,167748500.0
1393891200,152.5876483689031,153.55975437358228,152.55497808836935,153.23300170898438,167545900.0
1393977600,153.36370749432672,153.6332840513185,153.12680121781193,153.3718719482422,88376900.0
1394064000,153.74766282487434,154.07441551885933,153.396391837265,153.72314453125,82516500.0
1394150400,154.3603338378481,154.3603338378481,153.1104742416153,153.7884979248047,114513500.0
1394409600,153.55157524583817,153.7639632110489,152.8245400414925,153.706787109375,74939200.0
1394496000,153.93551453134464,154.15607941177578,152.59580880747572,152.9470672607422,99009100.0
1394582400,152.20373410095064,153.0451341340432,151.86062756616786,152.98794555664062,104824400.0
1394668800,153.44540248618316,153.56794409423418,150.84768493107512,151.2724609375,155014300.0
1394755200,151.00291393526533,151.77896101493835,150.66798428604488,150.8477020263672,153919600.0
1395014400,151.60736220794024,152.57130365885197,151.54200918882643,152.2118682861328,98359500.0
1395100800,152.52230817364642,153.50257863460635,152.35891937614045,153.29835510253906,101804600.0
1395187200,153.31472963176313,153.5271301457981,151.50940005137932,152.48150634765625,176267300.0
1395273600,152.14653076090602,153.48623662713428,151.87695420391427,153.3718719482422,117241000.0
1395360000,154.01595496148522,155.0908072217144,152.63750939582002,152.77699279785156,163128000.0
1395619200,153.30212520758536,153.4908491088716,151.48061529660382,152.1452178955078,121411000.0
1395705600,152.9164917620454,153.38418249865455,152.01394980060903,152.8672637939453,103852000.0
1395792000,153.46621918294426,153.7123715340416,151.7267642695592,151.76779174804688,119843000.0
1395878400,151.58732891419805,152.071420762263,150.88989911829708,151.44784545898438,142383000.0
1395964800,151.8826794164444,152.95753187483228,151.79242396086366,152.19447326660156,101642000.0
1396224000,153.16268348647486,153.6796023240366,152.21911380250668,153.441650390625,99745000.0
1396310400,153.9421418778905,154.54931613214805,153.43343609611034,154.4590606689453,89193000.0
1396396800,154.6559426116164,155.18106174786965,154.36876280217558,154.97593688964844,78774000.0
1396483200,155.21390778099524,155.25493526494844,154.2949522356288,154.77084350585938,77435000.0
1396569600,155.61593744435447,155.6487519154758,152.69496124123708,152.94110107421875,169381000.0
1396828800,152.57188979450905,152.82624265346337,150.93910369225532,151.25088500976562,140803000.0
1396915200,151.18523683149996,152.12060578216696,150.6355036562669,151.8744659423828,112660000.0
1397001600,152.28474196121493,153.55650641882832,151.8416651335428,153.5072784423828,100254000.0
1397088000,153.49905629722647,153.5728982514771,150.0939756754367,150.28269958496094,172959000.0
1397174400,149.445782229882,150.49602061500516,148.7647661251831,148.92886352539062,167251000.0
1397433600,150.0939598442924,150.4549816089894,148.87142366454717,150.1021728515625,132382000.0
1397520000,150.41403130216457,151.24273160380457,148.9289161281855,151.1360626220703,157093000.0
1397606400,152.17805651150687,152.7277897219738,151.50524085343008,152.71958923339844,105197000.0
1397692800,152.51447206779844,153.35958566758543,152.25190618212494,152.93292236328125,105255000.0
1398038400,152.9738944458373,153.5154269990409,152.7851831087485,153.4661865234375,68329000.0
1398124800,153.62217865883946,154.58216195126977,153.5401361882773,154.16371154785156,85790000.0
1398211200,154.10620560066792,154.18824802998705,153.67954240079507,153.8026123046875,73869000.0
1398297600,154.557535797256,154.5739492980105,153.37601413958797,154.11447143554688,88170000.0
1398384000,153.6139777170456,153.70423319828282,152.50629794911922,152.8509063720703,100380000.0
1398643200,153.47447490489373,153.99959422413033,151.75963349736827,153.33499145507812,135121000.0
1398729600,153.82722873947571,154.28670641444077,153.4990339773086,154.04876708984375,84098000.0
1398816000,153.79447002883444,154.66419773173897,153.581132088236,154.50830078125,101508000.0
1398902400,154.43447901497066,154.94318490325935,154.0324295911024,154.5247344970703,93019000.0
1398988800,154.50828653285632,155.18930274228774,154.07342272150618,154.30316162109375,98122000.0
1399248000,153.54831787325242,154.70522548903816,153.1216545111508,154.5985565185547,75883000.0
1399334400,154.25392494322682,154.36059389767158,153.22009995340582,153.25291442871094,85454000.0
1399420800,153.7698664220334,154.22934429460673,152.62115922076703,154.15550231933594,106500000.0
1399507200,154.01599003237126,155.11545652450437,153.49907126256107,153.99136352539062,93618000.0
1399593600,154.01594449045547,154.286698269044,153.29390102801406,154.2210693359375,83679000.0
1399852800,154.91026318172092,155.7964038871295,154.2538612681044,155.72254943847656,86940000.0
1399939200,155.9277047420153,156.23949852890777,155.7061789122178,155.86207580566406,66454000.0
1400025600,155.72258781233904,155.7964422791915,154.90208834808348,155.12362670898438,72367000.0
1400112000,154.8118964586421,154.84472346179209,153.00679940022826,153.76165771484375,154956000.0
1400198400,153.85186038218964,154.36057859772336,153.2036712705605,154.29493713378906,97458000.0
1400457600,153.99957215790718,154.98416917541633,153.86008872807784,154.86109924316406,63839000.0
1400544000,154.7872006054486,154.80361409834316,153.4908226227947,153.88465881347656,111644000.0
1400630400,154.32777989962057,155.25494853291087,154.3031659111112,155.1811065673828,89093000.0
1400716800,155.22206393511885,155.87846593139685,154.9595106485037,155.5584716796875,61549000.0
1400803200,155.6979789150917,156.28873955023622,155.55849550399213,156.1820831298828,61092800.0
1401148800,156.7646088455301,157.19127202679252,156.67435341333663,157.1420440673828,72010000.0
1401235200,157.14207585603398,157.38822822270427,156.76464055782895,157.02720642089844,66723000.0
1401321600,157.38824328103743,157.86412204367969,156.9861939596817,157.83950805664062,64377000.0
1401408000,157.69186568044356,158.19237108182037,157.56058270175987,158.09390258789062,76316000.0
1401667200,158.31541103296098,158.3482380313249,157.511324850687,158.27438354492188,64656000.0
1401753600,157.88869795977016,158.27433369016978,157.74101407314612,158.19229125976562,65047000.0
1401840000,157.9216291607225,158.60264563360252,157.75753167179815,158.51239013671875,55529000.0
1401926400,158.69282851428468,159.71023999196004,158.11026829736562,159.546142578125,92103000.0
1402012800,159.89077176146657,160.3502495880773,159.81692979358235,160.30923461914062,78696000.0
1402272000,160.28461621737688,160.85896348482913,160.13691976584263,160.47332763671875,65119000.0
1402358400,160.27633196684062,160.52248426343138,159.93172375954393,160.4896697998047,57129000.0
1402444800,159.91533394236723,160.09584481860233,159.57072568405326,159.93174743652344,68772000.0
1402531200,159.7430969869703,159.8333524595044,158.44670589049517,158.7995147705078,106350000.0
1402617600,159.11128941959603,159.43949678900694,158.60258364679785,159.28359985351562,82017000.0
1402876800,159.08660022744135,159.7512026215558,158.89788890413325,159.414794921875,87424000.0
1402963200,159.19329240620212,159.9727643092856,159.02098202855169,159.85789489746094,84834000.0
1403049600,159.85798700240943,161.12155126050502,159.5051655572037,161.0312957763672,105267000.0
1403136000,161.17074924463998,161.31024521038503,160.6538429497454,161.21177673339844,85929000.0
1403222400,161.61321249657573,161.67092870652186,161.34114874929926,161.5390167236328,100587000.0
1403481600,161.58026617707736,161.6297300334774,161.19278252884914,161.4895782470703,70611000.0
1403568000,161.20097226925978,162.0006712456619,160.3353173115256,160.51669311523438,96237000.0
1403654400,160.1787404472362,161.40714752635424,160.1457687326834,161.2422637939453,82782000.0
1403740800,161.2669675729713,161.28345971727995,160.04681307035665,161.12681579589844,84312000.0
1403827200,160.74757754590567,161.48957310775555,160.6733817636669,161.4401092529297,71445100.0
1404086400,161.3411586130118,161.7286422240505,161.20100684005607,161.35765075683594,70201200.0
1404172800,161.75337329075072,162.9323162614293,161.69566965740242,162.43765258789062,90470000.0
1404259200,162.4541779955239,162.8086773896183,162.37998220324684,162.60256958007812,52475000.0
1404345600,163.06424763221253,163.4764632476818,162.94058797950066,163.4022674560547,52938800.0
1404691200,163.08900406713386,163.22090351306318,162.59434026047356,162.8334197998047,61696000.0
1404777600,162.53663041450713,162.59434664547402,161.39067137790528,161.78640747070312,108143000.0
1404864000,162.19032844998506,162.66026022013554,161.84406889399963,162.51185607910156,72992000.0
1404950400,160.94544609223016,162.2975126412901,160.8135340923656,161.86880493164062,99040000.0
1405036800,161.7698877470716,162.20683526770944,161.4071360137523,162.09141540527344,64243000.0
1405296000,162.91587833450518,163.12198617043367,162.7757265156527,162.9076385498047,58658000.0
1405382400,163.0065454155129,163.31983331155712,161.8853184284215,162.60256958007812,111307000.0
1405468800,163.32806638699745,163.45172603571368,162.7592068432592,163.20440673828125,79986400.0
1405555200,162.7015082420752,163.31983166445983,161.11858921052692,161.3494415283203,145398000.0
1405641600,161.8770641290753,163.16317473250734,161.78637619781682,162.998291015625,124330000.0
1405900800,162.4871447602149,162.8251645767213,161.9430171404468,162.69325256347656,67592000.0
1405987200,163.2456235094048,163.69906320238545,163.1302036402663,163.4022674560547,67678000.0
1406073600,163.6495795344794,163.93813546231232,163.3198121139453,163.76499938964844,65612000.0
1406160000,163.9216280082081,164.1112436283154,163.60834018208504,163.77322387695312,56888000.0
1406246400,163.31158155421622,163.45173335564502,162.6850183396247,163.0065460205078,76837000.0
1406505600,163.0394644469,163.31152817715966,162.09961364228417,163.07244873046875,69259000.0
1406592000,163.37754176568805,163.60838151278193,162.34700268765363,162.37173461914062,80466000.0
1406678400,162.94879062911642,163.16315075139673,161.72039642603966,162.39642333984375,104222000.0
1406764800,161.2670391956707,161.4071910349885,159.0905406336414,159.18946838378906,183479000.0
1406851200,158.75248205150393,159.74179705151948,157.93630315190688,158.70301818847656,189261000.0
1407110400,159.00802996183808,160.18697303366045,158.33200296847866,159.8489532470703,91340000.0
1407196800,159.19765069154116,159.60986624218748,157.72191197552797,158.29901123046875,152690000.0
1407283200,157.55702086942912,159.02450715440403,157.53228894393786,158.34848022460938,94818000.0
1407369600,159.06575545572397,159.22239939424517,157.09536541922233,157.4910888671875,135733000.0
1407456000,157.84557827624712,159.42023206007144,157.4251103792522,159.3130645751953,117014000.0
1407715200,159.91493207768113,160.48379165831992,159.70058447939488,159.7747802734375,74544000.0
1407801600,159.6180952754668,160.0632825050641,159.06572798437665,159.55213928222656,73632000.0
1407888000,160.17868630875793,160.8135016727859,159.90663516113554,160.6321258544922,69047000.0
1407974400,160.89595868386132,161.39060974121094,160.7475545607832,161.39060974121094,57371000.0
1408060800,161.9759740621335,162.1243656170914,160.19519992371977,161.35765075683594,139951000.0
1408320000,162.24805262503563,162.78392783991055,162.15736469546067,162.70973205566406,75424000.0
1408406400,163.1054136179309,163.68251275808322,162.77564627493467,163.55885314941406,59135000.0
1408492800,163.33633254106462,164.19374817666684,163.30336082269096,163.99588012695312,72763000.0
1408579200,164.13599449186293,164.68836185230492,164.00408248882042,164.47401428222656,67791000.0
1408665600,164.34205865549106,164.6306145130734,163.84740764511542,164.21839904785156,76107000.0
1408924800,165.0016225777306,165.37261401792955,164.18543134543768,165.05108642578125,63855000.0
1409011200,165.15829467773438,165.56227047214358,165.11707060404837,165.15829467773438,47298000.0
1409097600,165.24073776764592,165.3561702111501,164.8367745346679,165.09234619140625,47874000.0
1409184000,164.54820830599954,165.10882802302172,164.38332459387095,165.00164794921875,58330000.0
1409270400,165.25722797628157,165.48806770094015,164.73784488571056,165.47158813476562,65907000.0
1409616000,165.68592534892704,165.71065727646322,164.7708062906254,165.38912963867188,72426000.0
1409702400,166.02393477179686,166.0486666977898,165.0675917006704,165.29843139648438,57462000.0
1409788800,165.5787244233337,166.1888079119742,164.60590184990554,165.05934143066406,85236000.0
1409875200,165.0264089215725,165.86733235519725,164.3998456732809,165.80137634277344,102177000.0
1410134400,165.64472923391128,165.8838213468761,164.88625397520406,165.37266540527344,64146000.0
1410220800,165.2242494913086,165.33966934890665,163.98760276854912,164.32562255859375,88591000.0
1410307200,164.41630642875722,165.05112196835466,163.87219140320963,164.94395446777344,67251000.0
1410393600,164.28439711119032,165.15829210852672,164.16072489205612,165.13356018066406,66774400.0
1410480000,164.96869037000522,164.98516993675514,163.6990592602343,164.1689910888672,117409300.0
1410739200,164.19373803537988,164.32565006037493,163.55068263830793,164.0453338623047,76401000.0
1410825600,163.74029992649014,165.57877819112898,163.64961198088966,165.281982421875,116201000.0
1410912000,165.52103926386835,166.2712620214036,164.6801160002408,165.50454711914062,151266000.0
1410998400,166.00745962079907,166.41143541973548,165.79311204697922,166.38670349121094,94990000.0
1411084800,166.91600093106018,167.23074064469938,165.89720125566132,166.23680114746094,121649000.0
1411344000,165.9468785896213,165.97172612460585,164.60504850733415,164.9529266357422,125553000.0
1411430400,164.35662154370644,165.04409975699312,163.95904819771212,164.0087432861328,111393000.0
1411516800,164.03352970687226,165.4002073223229,163.60283067529758,165.2925262451172,107276000.0
1411603200,164.8617935772583,164.87008451360222,162.56745388479882,162.62542724609375,150300000.0
1411689600,162.9236326973026,164.32343616091765,162.69171394294767,163.91757202148438,103547000.0
1411948800,162.50953155856735,163.9093353779233,162.38529385095543,163.6194305419922,95112000.0
1412035200,163.74359360507768,164.24884774442071,162.8490446712267,163.1886444091797,131302000.0
1412121600,162.92365019622184,162.98163621035073,160.61274070332888,160.97718811035156,177798000.0
1412208000,160.83636232134435,161.56525710718824,159.32061201502137,161.0020294189453,157285000.0
1412294400,162.0787976667849,163.12244482288062,161.58183426549593,162.77456665039062,121569000.0
1412553600,163.45374712540846,163.66910929865912,161.99597018002987,162.58404541015625,104778000.0
1412640000,161.74747991562052,162.11192730654156,160.04121498414924,160.0743408203125,147913000.0
1412726400,160.1654368949933,163.10585063094425,159.32887374903632,162.87393188476562,186461000.0
1412812800,162.61717064242285,162.84081109696095,159.5111023684876,159.6436309814453,210705000.0
1412899200,159.60220052274374,160.39734685505067,157.779976486032,157.82138061523438,221909000.0
1413158400,157.7551223870877,158.3266282602489,155.13773948838482,155.22885131835938,230939000.0
1413244800,156.06546719768457,157.22507384783896,154.92242978730252,155.46910095214844,215847000.0
1413331200,153.36524722792393,155.46080717931216,150.68159939010192,154.4171600341797,380715000.0
1413417600,151.6258372648552,155.3696886873007,151.48503034338904,154.28463745117188,270391000.0
1413504000,156.06542527202444,157.167045606348,155.40279488403584,156.10684204101562,214625000.0
1413763200,155.8252278205513,157.7468420381379,155.775532753343,157.6226043701172,130011000.0
1413849600,158.76559628567577,160.85287715090644,158.59994188273194,160.74520874023438,154949000.0
1413936000,161.02690045008555,161.4410429772622,159.53598482452432,159.6022491455078,151822000.0
1414022400,161.20084472101803,162.5095367167886,160.90266157465732,161.45761108398438,154944000.0
1414108800,161.72261166500792,162.74968939526886,161.09311974953255,162.69998168945312,117927000.0
1414368000,162.12021029269818,162.71657646987765,161.54041335339184,162.47637939453125,82954000.0
1414454400,163.02307189951273,164.34832041496853,162.94851663860814,164.3400421142578,106736000.0
1414540800,164.45600018071707,164.9281160899315,163.00650133461917,164.091552734375,142557000.0
1414627200,163.65256276607732,165.6155943030568,163.50346488401613,165.1434783935547,113330000.0
1414713600,167.1313267895515,167.16446526331583,166.2947635870595,167.0319366455078,146903000.0
1414972800,167.24728455385377,167.686274537303,166.742030262141,167.123046875,93600000.0
1415059200,166.67577465181,166.98224867335003,165.70668279030542,166.5432586669922,93343000.0
1415145600,167.7608693466431,167.80228613202345,166.85804156304155,167.59521484375,91709000.0
1415232000,167.6365907507292,168.3571946138396,167.01537703739254,168.26608276367188,107089000.0
1415318400,168.28265498651027,168.63882409389285,167.81881742783804,168.4234619140625,89540000.0
1415577600,168.4566193115432,169.00327784502204,168.2495480468328,168.95358276367188,66319000.0
1415664000,169.01984201801363,169.22691327651629,168.6802421207989,169.11923217773438,54499400.0
1415750400,168.43169651789597,169.1688693853611,168.39855805271702,168.93695068359375,90120300.0
1415836800,169.10267016106093,169.65761959943958,168.31580193167702,169.1275177001953,85357900.0
1415923200,169.05295541291153,169.3759860226993,168.73820310232998,169.16891479492188,80417500.0
1416182400,168.84589698272416,169.45054147484794,168.6802298770458,169.27659606933594,80441000.0
1416268800,169.33455534498427,170.5604133739536,169.33455534498427,170.2539520263672,76068100.0
1416355200,170.05519447357742,170.25398742716015,169.21863115800767,169.98065185546875,82373000.0
1416441600,169.18542099387915,170.38644386810935,169.11915670409522,170.2787628173828,72840300.0
1416528000,171.98511591396974,172.15077040456393,170.61015962864562,171.18995666503906,142327300.0
1416787200,171.5957912502158,171.77801494996106,171.38044171352834,171.6703338623047,65880800.0
1416873600,171.90225326434404,172.10932450220824,171.28933048898628,171.5460968017578,79108300.0
1416960000,171.6952178317474,172.08451285120557,171.4798682493648,171.98512268066406,62167800.0
1417132800,171.86083041493694,172.17557006795548,171.38042367876514,171.62062072753906,57890100.0
1417392000,170.95801937626234,171.07397877101013,170.1131777739397,170.42791748046875,103968400.0
1417478400,170.4693220412306,171.73659699251863,170.4444745040387,171.52952575683594,74507200.0
1417564800,171.70343842330482,172.40747290723797,171.53778399406306,172.19212341308594,68952000.0
1417651200,171.90230616534484,172.50696346579502,171.20654962528,172.001708984375,91316600.0
1417737600,172.17556782644422,172.67254379218613,171.91052324637263,172.2832489013672,91025500.0
1417996800,171.8857310151158,172.38269450212883,170.56874807375573,171.13198852539062,108588200.0
1418083200,169.27658779533985,171.12367229664,168.89558380360424,171.0159912109375,125180100.0
1418169600,170.55218275905997,170.61015614220088,168.0838841367247,168.27439880371094,159856400.0
1418256000,168.8707513700557,170.78408771516192,168.72994443541867,169.1275177001953,159012800.0
1418342400,167.84366371845454,168.82104654292982,166.36103920167162,166.3941650390625,202330200.0
1418601600,167.2969785814571,167.75253779878565,164.6464694605788,165.25111389160156,189965800.0
1418688000,164.4808068762931,167.64484842825894,163.88444077375917,163.9258575439453,259543800.0
1418774400,164.364840852869,167.59514657871222,164.24059054733763,167.13958740234375,253910100.0
1418860800,169.58304010883083,176.3998206993997,168.90384048383538,171.27273559570312,257633900.0
1418947200,171.92660489284938,172.67618355839568,171.24366899762884,172.00157165527344,245084600.0
1419206400,172.19306696289422,172.792724609375,171.95154418979698,172.792724609375,148318900.0
1419292800,173.37572286094098,173.42569221379,172.73441984649037,173.0259246826172,122167900.0
1419379200,173.2508166688463,173.51732414661095,173.00095717142935,173.0426025390625,42963400.0
1419552000,173.49229529211084,173.94204481461992,173.4423259470273,173.60057067871094,57326700.0
1419811200,173.41732737301146,174.04196955324034,173.35069734878172,173.83375549316406,79643900.0
1419897600,173.40904391021013,173.54229128143098,172.82603423904874,172.9010009765625,73540800.0
1419984000,173.2258265678818,173.39239532481875,171.06039460255673,171.18531799316406,130333800.0
1420156800,171.88492806315838,172.30135631201117,170.05263360150084,171.0937042236328,121465900.0
1420416000,170.0442796984389,170.210848427002,167.69563139642682,168.0037841796875,169632600.0
1420502400,168.3119309002513,168.8366344492853,165.62180854113814,166.42135620117188,209151400.0
1420588800,167.75392133465348,168.83663711095127,167.304184505805,168.4951629638672,125346700.0
1420675200,169.91102463885844,171.70167347171844,169.89437666137715,171.48512268066406,147217800.0
1420761600,171.90153685743795,171.91819754194108,169.49458263607897,170.11090087890625,158567300.0
1421020800,170.24417089217803,170.40241563326305,168.1703539893546,168.77833557128906,144396100.0
1421107200,170.00264081422807,171.13532600332968,166.99602876356442,168.30361938476562,214553300.0
1421193600,166.2798202883678,167.48747256270798,165.380346315715,167.28758239746094,192991100.0
1421280000,167.9288059305194,168.24528265661644,165.63845129516972,165.7550506591797,176613900.0
1421366400,165.54686329463857,168.08707775056558,165.363633877596,167.9288330078125,211879600.0
1421712000,168.57014018853744,168.83666035223123,166.71287386567698,168.28697204589844,130991100.0
1421798400,167.8205902885187,169.61956343790112,167.3541926664674,169.13650512695312,122942700.0
1421884800,169.89434522728652,171.78491970037678,168.51180084935413,171.65167236328125,174356000.0
1421971200,171.39352222439166,171.65171839738085,170.57732646664056,170.71058654785156,117516800.0
1422230400,170.4940155279843,171.20193574451778,169.77775861524674,171.11032104492188,92009700.0
1422316800,169.04484012917385,170.002619767601,168.0204304633567,168.85328674316406,134044600.0
1422403200,170.04429178698032,170.144230489547,166.49632805368034,166.68788146972656,168514300.0
1422489600,166.8878445911525,168.4869280736668,165.47197790736828,168.22874450683594,173585400.0
1422576000,167.0460127574295,168.37857536051064,165.84669751879048,166.1132049560547,197729700.0
1422835200,166.61292696359033,168.26197909309886,164.78896939671293,168.1703643798828,163107000.0
1422921600,169.0698573805268,170.6106468784307,168.6950745240688,170.60231018066406,124212900.0
1423008000,169.83603735731498,171.0520130194609,169.4945632601205,169.95263671875,134306700.0
1423094400,170.61894060729665,171.8182557019596,170.54398659097484,171.6683349609375,97953200.0
1423180800,172.03484508220583,172.6011941384663,170.66896086324883,171.19366455078125,125672000.0
1423440000,170.5439980621101,171.2685790187147,170.0192944958078,170.42739868164062,87219000.0
1423526400,171.46852196685603,172.50125602406882,170.46908387378355,172.24307250976562,96164200.0
1423612800,172.07647959259256,172.77607599290178,171.4268525482509,172.34298706054688,91087800.0
1423699200,173.14255546009565,174.0587027896621,172.37632892463236,174.00039672851562,97545900.0
1423785600,174.12527763780497,174.76656785680686,173.8670815025059,174.7165985107422,93670400.0
1424131200,174.40012145471852,175.16636051017983,174.1502747066114,174.991455078125,76968200.0
1424217600,174.61668937962395,175.08308696635635,174.35016921098767,175.0081329345703,80652900.0
1424304000,174.40848761852723,175.24966813215974,174.26690353455237,174.88320922851562,91462500.0
1424390400,174.46679669952945,176.00758649014386,173.84215425063974,175.93263244628906,140896400.0
1424649600,175.68268752522405,175.90756225585938,175.29956808445183,175.90756225585938,74411100.0
1424736000,175.8325995188934,176.60716240488594,175.53277077405394,176.4072723388672,72472300.0
1424822400,176.2824157094348,176.7654740205243,175.91595680389227,176.25743103027344,73061700.0
1424908800,176.1658089954363,176.3240537624812,175.44121520467164,176.04920959472656,72697900.0
1424995200,175.9492301169762,176.2157502523171,175.3995545774997,175.44952392578125,108076000.0
1425254400,175.54948903718906,176.6155443222025,175.49951968138868,176.5572509765625,87491400.0
1425340800,176.1241617131455,176.60721999893985,174.96649170855645,175.83265686035156,110325800.0
1425427200,175.2329842116886,175.3079509472276,174.1169596682809,175.09140014648438,114497200.0
1425513600,175.4161605353806,175.56608125269267,174.77487044154316,175.2829132080078,76873000.0
1425600000,174.41677061237215,174.84985946109856,172.48455054057112,172.81768798828125,188128000.0
1425859200,173.01756871835596,173.89205764836316,172.85932399132506,173.533935546875,89818900.0
1425945600,172.15978409582223,172.24306212630245,170.6772877360374,170.71893310546875,157121300.0
1426032000,170.97711918760012,171.15202465850157,170.2358773506991,170.3191680908203,110145700.0
1426118400,170.9520927370052,172.5511754312293,170.90212338849497,172.48455810546875,93993500.0
1426204800,172.2097671401559,173.1758711624678,170.38580910621403,171.4268798828125,162410900.0
1426464000,172.1597712868315,173.80882358488438,171.45183818431738,173.7172088623047,136099200.0
1426550400,172.97597661655487,173.58395833167188,172.38464288218248,173.2008514404297,94510400.0
1426636800,172.72603869412174,175.95752466497083,172.0847358919078,175.2829132080078,228808500.0
1426723200,174.86654851965048,175.2913007406576,174.09198540089506,174.48342895507812,117917300.0
1426809600,175.43794504489014,176.5338549792553,175.25389773750445,176.02354431152344,177715100.0
1427068800,176.0319321229721,176.6091703322073,175.68057250976562,175.68057250976562,71784500.0
1427155200,175.5550754307756,176.01518096173757,174.62647769329277,174.6934051513672,77805300.0
1427241600,174.9025549072123,175.13679463627102,172.09166539340015,172.13348388671875,159521700.0
1427328000,171.464220608944,172.6437803021698,170.76148871487146,171.7235565185547,153067200.0
1427414400,171.60646475488804,172.29244894114026,171.41404350358889,172.1167755126953,118939000.0
1427673600,173.1541152407761,174.51773519993907,173.13739294853366,174.21656799316406,96180400.0
1427760000,173.38835833889635,174.09109034504394,172.6354466899418,172.69400024414062,126768700.0
1427846400,172.66056654739788,172.6856627547938,171.08780280332977,172.0833282470703,137303600.0
1427932800,172.01636516011706,173.1541064652605,171.83231783390946,172.70236206054688,86900900.0
1428278400,171.80719571411393,174.3838451272178,171.67335357760535,173.86517333984375,114368200.0
1428364800,173.89027427218582,174.6431857753294,173.37160247069164,173.40505981445312,81236300.0
1428451200,173.63097137316254,174.434075427146,173.23778049242375,173.99069213867188,89351900.0
1428537600,173.82335608486596,174.99455465554132,173.32978045616042,174.76031494140625,85548900.0
1428624000,175.01131578707125,175.75586629617376,174.81054615367393,175.7140350341797,72722900.0
1428883200,175.57185375030343,176.20765842235582,174.86913436393013,174.91932678222656,74436600.0
1428969600,174.71848414445543,175.43793829151184,174.09105364754947,175.25389099121094,75099900.0
1429056000,175.72234802904322,176.55054800991795,175.63868553405783,176.0402374267578,99529300.0
1429142400,175.70566490305748,176.5004077798699,175.50488251481832,175.99009704589844,68934900.0
1429228800,174.79381976361367,175.03642067103527,173.17922487936102,173.96560668945312,191113200.0
1429488000,174.89415312241215,175.88967819480203,174.8105033839989,175.5550537109375,92189500.0
1429574400,176.24104429653198,176.39999540007486,175.0447495953094,175.34591674804688,72559800.0
1429660800,175.6889416628794,176.3916736864279,174.76034379811696,176.20762634277344,78264600.0
1429747200,175.8060073560729,177.30348184836805,175.68888751576253,176.6509552001953,102585900.0
1429833600,177.06928699707592,177.32862294019844,176.6091686632577,177.0609130859375,61327400.0
1430092800,177.6297296963135,177.75521066960437,176.13225533448704,176.32467651367188,79358100.0
1430179200,176.29962409274148,176.93541579045058,175.12005159051273,176.88522338867188,86863500.0
1430265600,175.9900998846387,176.75974657097427,175.3459469798925,176.1574249267578,125684900.0
1430352000,175.580176121344,175.97336696939254,173.68951048644487,174.39224243164062,161304900.0
1430438400,175.17864432023794,176.3247597326714,175.07825949422718,176.28292846679688,103399700.0
1430697600,176.7095497011237,177.37045041151927,176.60080374462314,176.78485107421875,70927200.0
1430784000,176.54222176296173,176.90195524438084,174.61809888390331,174.76031494140625,113326200.0
1430870400,175.312397710292,175.62192592126226,172.96998859443704,174.04080200195312,135060200.0
1430956800,173.94044107608676,175.16184456791325,173.60581662728458,174.7351837158203,88244900.0
1431043200,176.41672528377873,177.23656421132716,176.33306277959574,177.03578186035156,155877300.0
1431302400,176.9940042755637,177.26170137362172,176.11559883907202,176.19088745117188,75708100.0
1431388800,175.35430527247587,176.20761446598536,174.52609228185415,175.66383361816406,119727600.0
1431475200,176.07378251770783,176.70121320199718,175.4630868925637,175.69732666015625,94667900.0
1431561600,176.71788018320964,177.62138155233902,176.44180925666134,177.52935791015625,95934000.0
1431648000,177.72178649902344,177.86400255032882,177.23657203657223,177.72178649902344,76510100.0
1431907200,177.55448682270912,178.52490305122956,177.4875593646892,178.27394104003906,74549700.0
1431993600,178.39103343593186,178.667104370846,177.93091521107496,178.21534729003906,72114600.0
1432080000,178.31572477483513,178.84277042581908,177.77195683643623,178.08985900878906,76857500.0
1432166400,177.94770878152835,178.81774035773176,177.78038372466148,178.6085968017578,64764600.0
1432252800,178.22376429924475,178.6420514047552,178.11501833208644,178.18194580078125,57433500.0
1432598400,177.6883170825327,178.11497800321865,175.8478567880264,176.26614379882812,124308600.0
1432684800,176.7262706995305,178.17354025339603,176.31634481347524,177.93930053710938,93214000.0
1432771200,177.6297971799629,177.8473018713344,177.04419780695585,177.73855590820312,74974600.0
1432857600,177.67163395462651,177.7134524528389,176.3665802356876,176.63427734375,124919600.0
1433116800,177.30353165400166,177.63815621599926,176.19924762221376,176.99400329589844,93338800.0
1433203200,176.53385098157483,177.51264104044824,175.90642047472474,176.8182830810547,91531000.0
1433289600,177.3537011384114,177.91420422812087,176.7931980487019,177.28677368164062,87820900.0
1433376000,176.57568827854223,177.23657615173047,175.47140442143973,175.789306640625,151882800.0
1433462400,175.6387058523768,176.16575154852487,174.82722806454183,175.48812866210938,121704700.0
1433721600,175.3793950911492,175.52998506810235,174.33367745853045,174.40896606445312,89063300.0
1433808000,174.38388061523438,174.92766147679112,173.74808885083718,174.38388061523438,105034700.0
1433894400,175.1535074692772,176.86012570609938,175.09495392272834,176.4752960205078,134551300.0
1433980800,176.91868042500167,177.42899111737034,176.6844407070397,177.04417419433594,73876400.0
1434067200,176.21602604423754,176.91874545642756,175.41290902665472,175.68898010253906,135382400.0
1434326400,174.54282902826878,175.22045204301443,173.8317358992766,174.93601989746094,124384200.0
1434412800,174.78544066533198,175.97338725709966,174.6097672326107,175.8897247314453,85308200.0
1434499200,176.1741485595703,176.7848568847138,175.14516592127148,176.1741485595703,126708600.0
1434585600,176.77644555614165,178.47468971322607,176.2075813773633,178.00621032714844,165867900.0
1434672000,177.76247515027617,177.83812998461815,176.8377621954244,177.21604919433594,130478700.0
1434931200,178.14074834460564,178.7123797071612,177.91377103196717,178.12393188476562,70696000.0
1435017600,178.33408472701234,178.58628030448224,177.8549246742994,178.25001525878906,68476800.0
1435104000,177.98104570739,178.35933272303097,176.9302413154973,176.95545959472656,92307300.0
1435190400,177.45979113992342,177.5858824936552,176.34173410377656,176.41738891601562,97107400.0
1435276800,176.77892550414745,177.0227193155275,175.82900702041866,176.3838348388672,104174800.0
1435536000,174.89584785088476,176.3921919562065,172.6092969608472,172.68495178222656,202621300.0
1435622400,174.23176055386128,174.28220993678866,172.5672900788952,173.0464630126953,182925100.0
1435708800,174.62683130828665,174.87902686689048,173.64328017421067,174.43348693847656,135979900.0
1435795200,174.91263972795153,175.08076580534464,173.85342106869976,174.27374267578125,104373700.0
1436140800,172.97920805230245,174.5596090318326,172.77744900446402,173.77781677246094,117975400.0
1436227200,173.9795560737806,174.99672735991516,171.5837173580294,174.87063598632812,173820200.0
1436313600,173.52561365038193,173.8114293353674,171.7014189636915,171.93679809570312,164020100.0
1436400000,174.04680967463503,174.30741991214194,172.13855832881873,172.24783325195312,144113100.0
1436486400,174.25694747040882,174.83699341126913,172.2898451879079,174.4166717529297,129456900.0
1436745600,175.6860503416392,176.45102600666576,175.6440156106116,176.3417510986328,106069400.0
1436832000,176.29975517338303,177.41781256338055,176.24090397155075,177.1067657470703,81709600.0
1436918400,177.14875516918326,177.61111153957924,176.56870925243177,177.04788208007812,97914100.0
1437004800,178.10715976153412,178.46864318847656,177.86337875557118,178.46864318847656,106683300.0
1437091200,178.4601182877373,178.67869370342757,178.04821137760544,178.61984252929688,89030000.0
1437350400,178.8468931148329,179.2083636395126,178.39295129801633,178.71238708496094,70446800.0
1437436800,178.57784158696444,178.83845177244334,177.70357824042284,178.00621032714844,77965000.0
1437523200,177.31692816034092,178.02307845244874,177.2833080641462,177.6868133544922,88667900.0
1437609600,177.82129030170896,177.9221634009919,176.3249461354128,176.68641662597656,90509100.0
1437696000,176.78728768794434,176.84612604851225,174.5175533545217,174.8538055419922,117755000.0
1437955200,173.96272833812014,174.47552126946613,173.39108421811528,173.8366241455078,132361100.0
1438041600,174.6773406658094,176.11484697001185,173.84511165087497,175.97193908691406,123544800.0
1438128000,176.0979967838263,177.40939859144004,175.9550889280942,177.18243408203125,105791300.0
1438214400,176.66959861423553,177.39255236371818,176.0475179558253,177.22442626953125,91304400.0
1438300800,177.72885008789532,177.7540683671246,176.66964387866025,176.95545959472656,103266900.0
1438560000,176.9217780128513,176.98061636820424,175.40020300733116,176.35853576660156,113965700.0
1438646400,176.28291522861923,176.7452716557032,175.52634131317282,176.013916015625,81820800.0
1438732800,176.9133688169266,177.6363225226438,176.30810465273552,176.59393310546875,85786800.0
1438819200,176.77890883841243,176.88819659370753,174.55961060104406,175.1480712890625,116030800.0
1438905600,174.98830831096058,175.13961794436378,173.90387129611028,174.811767578125,117858000.0
1439164800,175.92986025124037,177.09835413406026,175.92986025124037,177.01429748535156,80270700.0
1439251200,175.66929464522073,176.08961644648178,174.65211024219948,175.41709899902344,126081400.0
1439337600,174.10565006664132,175.81215509325716,172.63452415906218,175.62721252441406,172123700.0
1439424000,175.46749925852896,176.1568330270313,174.86223496376618,175.40866088867188,89383300.0
1439510400,175.2152895827167,176.12318595189458,175.07238175060533,176.0475311279297,72786500.0
1439769600,175.45066623600465,177.03106689453125,174.9883098622873,177.03106689453125,79072600.0
1439856000,176.75364385263464,177.1067124758249,176.282885688381,176.5182647705078,71692700.0
1439942400,175.77010409702893,176.5434943919107,174.3073929679433,175.12281799316406,172946000.0
1440028800,173.60129340789322,175.09763788791878,171.40721324807112,171.466064453125,194327900.0
1440115200,169.5829933392716,171.44082093940537,166.04389172817966,166.3044891357422,346588500.0
1440374400,157.6122823193802,166.01030416084615,153.3333963986368,159.30197143554688,507244300.0
1440460800,164.28693221143578,164.30374867091948,157.13306155155368,157.4272918701172,369833100.0
1440547200,161.47077655876117,163.74891285898858,158.35198407950423,163.4715118408203,339257000.0
1440633600,165.62356699009533,167.6411060281135,164.10200448173654,167.5150146484375,274143900.0
1440720000,166.8677213898852,167.9941805111678,166.3801466596582,167.52342224121094,160414400.0
1440979200,166.5398527737038,167.39731257301148,165.61513996786226,166.1699676513672,163298800.0
1441065600,162.3450353567343,163.73210454389564,160.3358983164211,161.21017456054688,256000400.0
1441152000,163.60604128201234,164.31219160269748,161.75662806361365,164.27015686035156,160269300.0
1441238400,164.98463637774822,166.4893949488421,163.89181043603045,164.38778686523438,152087800.0
1441324800,162.11805054485183,162.96709558154924,161.07564833145102,161.89947509765625,207081000.0
1441670400,164.71571094961112,166.11958423865346,164.06841177847548,165.96826171875,116025700.0
1441756800,167.5570428983945,167.68313427318986,163.37904431751025,163.74891662597656,149347700.0
1441843200,163.55559263994223,165.79170736465431,163.2949952147317,164.64002990722656,158611100.0
1441929600,164.24492323444312,165.4554518685684,163.53037116293268,165.38819885253906,119691200.0
1442188800,165.56471245111297,165.61514900196477,164.28693091166673,164.77450561523438,79452000.0
1442275200,165.27889579940174,167.27963115267613,164.73248273214276,166.83409118652344,113806200.0
1442361600,167.13673600742004,168.47335600736517,166.7920691162037,168.27999877929688,99581600.0
1442448000,168.1454966503681,170.55813910640103,167.5234159158703,167.90170288085938,276046600.0
1442534400,165.377625006293,167.88730365242108,164.74386477687324,165.1579132080078,223657500.0
1442793600,165.99449443102557,167.04230317413473,164.95513118317555,166.0113983154297,105726200.0
1442880000,163.83127903557792,164.32138858494636,162.7158546348317,163.85662841796875,153890900.0
1442966400,164.02569438867425,164.49890024162093,163.01168000466103,163.59474182128906,92790600.0
1443052800,162.36944381108702,163.46796464986647,161.02587457223476,163.00320434570312,159378800.0
1443139200,164.47349132330473,164.7776968178008,162.08210063760552,162.96092224121094,155054800.0
1443398400,162.05672264237,162.16657854689706,158.55836652025982,158.8710174560547,178515900.0
1443484800,159.09079487488393,160.33296652921854,157.95846627649064,158.9640350341797,159045600.0
1443571200,160.86523675785992,162.0989623013718,160.0793802898775,161.92996215820312,163452000.0
1443657600,162.3102247657214,162.65668345958522,160.40049854291308,162.35247802734375,131079000.0
1443744000,160.35826118960262,164.80302882407054,159.8089945217929,164.77767944335938,211003300.0
1444003200,166.01136628799642,167.93799613402564,165.90151040139224,167.7098388671875,126320800.0
1444089600,167.5746646401609,168.14082227140872,166.46769875713267,167.13525390625,110274500.0
1444176000,168.07321567961085,168.85908510629437,166.87329780209694,168.50418090820312,124307300.0
1444262400,168.1155437955854,170.31258549786847,167.8113382197907,170.02528381347656,153055200.0
1444348800,170.1688249095847,170.60822265154985,169.492811522253,170.12657165527344,107069200.0
1444608000,170.20267913085308,170.48998073014675,169.77172673191262,170.2871856689453,56395600.0
1444694400,169.5520201504705,170.82799928825577,169.0450195878507,169.21401977539062,88038700.0
1444780800,169.15477134951504,169.73783264173778,168.10696301578685,168.4027099609375,99106200.0
1444867200,169.0703557909591,170.99698614527193,168.69854767102385,170.98854064941406,134142200.0
1444953600,171.39418300562025,171.7828822065321,170.62521720770405,171.7659912109375,114580100.0
1445212800,171.1152907445767,171.85044860839844,170.80263977148232,171.85044860839844,76523900.0
1445299200,171.41108409690358,172.2476396513213,171.15757733433566,171.6307830810547,78448500.0
1445385600,172.05329046327924,172.20538678484803,170.39705745193362,170.56607055664062,102038000.0
1445472000,171.52089462437985,173.65877847085542,170.56603781430815,173.44752502441406,174911700.0
1445558400,175.12908648375384,175.72059348538025,174.32632606055478,175.34878540039062,144442300.0
1445817600,175.17139922679797,175.23054350010042,174.5460842448165,174.9178924560547,69033000.0
1445904000,174.2418360003739,174.91784959206743,173.8953772617215,174.57984924316406,77905800.0
1445990400,174.917868863796,176.59099269481317,174.25031358830296,176.56564331054688,135906700.0
1446076800,176.05861516101572,176.83602624251435,175.9403137550026,176.46421813964844,90525500.0
1446163200,176.658559166605,176.97966849339102,175.54314780568788,175.7036895751953,131076900.0
1446422400,176.03326844913155,177.97678973539604,175.90650865184054,177.78244018554688,86270800.0
1446508800,177.42751904266723,178.85559418964775,177.1993617444096,178.29788208007812,95246100.0
1446595200,178.59366360237246,178.72041050900856,177.2162870454555,177.75709533691406,96224500.0
1446681600,177.8161926028668,178.28095262751887,176.68387755653873,177.57958984375,78408700.0
1446768000,177.23324621995354,177.72335590165034,176.1516292996195,177.4867401123047,110471500.0
1447027200,176.86982287889427,177.02193205607455,174.8755899477601,175.83045959472656,131008700.0
1447113600,175.3487865117908,176.26986123503872,175.0783888352844,176.23605346679688,75874600.0
1447200000,176.50645162164136,176.55715037655227,175.47553395883688,175.5431365966797,67846000.0
1447286400,174.49534682906358,174.96855248625604,173.07572985748615,173.09262084960938,121315200.0
1447372800,172.67854868446807,172.94894635414542,171.06456947965222,171.14906311035156,153577100.0
1447632000,170.9631591379098,173.81085086713372,170.8448448548142,173.75169372558594,117645200.0
1447718400,174.06439552300392,174.95164968881684,173.12642969884445,173.62498474121094,121123700.0
1447804800,174.10659580984847,176.52333521243082,174.06435544511623,176.3796844482422,121342500.0
1447891200,176.26139497050244,176.65010692460154,175.93184016124053,176.22760009765625,88220500.0
1447977600,176.98812868063592,177.55428635009812,176.48957365894503,176.8698272705078,94011500.0
1448236800,176.92900545523088,177.4360060329562,176.20229302265858,176.66705322265625,64931200.0
1448323200,175.65302621471037,177.30925904666782,175.26432706131968,176.90365600585938,98874400.0
1448409600,177.03034637858184,177.23315428114793,176.61628507938258,176.8782501220703,51980100.0
1448582400,176.97118353995617,177.2838473247466,176.48953251596157,177.08103942871094,37317800.0
1448841600,177.24161389933894,177.3599152951254,176.23604558821145,176.3459014892578,112822700.0
1448928000,176.97974818248966,178.1458717205138,176.7008919932277,178.02755737304688,97858400.0
1449014400,177.97676877286042,178.29787808217955,175.95718668853806,176.210693359375,108441300.0
1449100800,176.46424706987216,176.73464480199527,173.01658895155623,173.74330139160156,166224200.0
1449187200,173.7433193694232,177.42758071977823,173.7433193694232,177.13182067871094,192913900.0
1449446400,176.80225826435887,177.22476522290845,175.08688104415882,176.05865478515625,102027100.0
1449532800,174.48692643340826,176.00794115207543,173.8869608856623,174.87562561035156,103372400.0
1449619200,174.2333729877382,176.33744880181638,172.5348872364581,173.51510620117188,162401500.0
1449705600,173.5826981059182,175.2811708582532,173.3460953213308,173.96295166015625,116128900.0
1449792000,171.8335869072644,172.50114223509533,170.27875148499504,170.59141540527344,211173300.0
1450051200,170.7519731402886,171.5800831916623,168.96053481864266,171.4533233642578,182385200.0
1450137600,172.9743177341889,174.16579025540122,171.42794097357253,173.253173828125,154069600.0
1450224000,174.38551237329614,176.09244404158113,173.0588472706658,175.78823852539062,197017000.0
1450310400,176.10087076665164,176.16847341791973,173.09262370160175,173.10952758789062,173092500.0
1450396800,172.36323796327238,172.49923499760595,169.86410924727258,170.02561950683594,251393500.0
1450656000,171.2070636869445,171.60658470110852,170.08500135679387,171.42807006835938,99094300.0
1450742400,172.32067129064433,173.28122377089002,171.32612280668897,172.98370361328125,111026200.0
1450828800,173.99523515622312,175.1682981844012,173.90172994425788,175.12579345703125,110987200.0
1450915200,174.87078570502925,175.38931227210955,174.61577030028738,174.83677673339844,48539600.0
1451260800,174.13975097989373,174.47976287738342,173.35771323916944,174.43727111816406,65899900.0
1451347200,175.5423515113338,176.63040536648012,175.50835550300894,176.29888916015625,92640700.0
1451433600,176.05240439800906,176.1374138853661,174.9048411718225,175.04934692382812,63317700.0
1451520000,174.3693106858858,175.0153386443883,173.29824829101562,173.29824829101562,114877900.0
1451865600,170.42511913425164,170.8841366293857,168.81002971447165,170.87564086914062,222353500.0
1451952000,171.19860781995925,171.6236292027999,170.0510578686635,171.16461181640625,110845800.0
1452038400,168.59747855762453,170.05955314813002,167.96845521399013,169.00550842285156,152112600.0
1452124800,166.03890547375744,167.83249677364773,164.559825942221,164.9508514404297,213436100.0
1452211200,165.91987212594293,166.48090354071897,162.8512168047058,163.14022827148438,209817200.0
1452470400,164.06676064760444,164.40678555928213,161.35513493673565,163.30172729492188,187941300.0
1452556800,164.75530317503996,165.37583079273833,162.47718170622258,164.61929321289062,172330500.0
1452643200,165.29087946536717,165.6394002519842,160.13112455362125,160.51364135742188,221168900.0
1452729600,161.12558892820192,164.27923993581933,159.5190088183198,163.148681640625,240795600.0
1452816000,158.76255207707095,160.45412953057323,157.6999982110506,159.64659118652344,324846400.0
1453161600,161.47415915827492,161.60166040831524,158.27798947059043,159.85906982421875,195244400.0
1453248000,157.2833872643121,159.38299360437676,153.87472097718344,157.81040954589844,286547800.0
1453334400,158.286471623146,160.54757555816187,156.95189823389228,158.69448852539062,195772900.0
1453420800,161.32112842666902,162.15416677442332,160.55609506228998,161.95016479492188,168319600.0
1453680000,161.44011050828814,161.63561670051817,159.30650796792625,159.50201416015625,130371700.0
1453766400,160.1650862533648,161.958677342611,159.82507427186695,161.67816162109375,141036800.0
1453852800,161.15116949739783,162.83425117273782,159.00905729292904,159.91860961914062,185681700.0
1453939200,161.4741437759177,161.6781457565486,159.0940212271036,160.75160217285156,143798800.0
1454025600,161.5251473670149,164.80631331483698,161.40614188582444,164.67030334472656,210529300.0
1454284800,163.6587198770802,165.40131000496663,163.0721883391973,164.6107635498047,136061600.0
1454371200,163.1742294884138,163.1827252474002,161.11711439875464,161.64414978027344,182564900.0
1454457600,162.706710191345,163.0212219052192,159.04302746695905,162.6132049560547,205054900.0
1454544000,162.11165705840864,163.8457385452768,161.47412500181224,162.86819458007812,139531800.0
1454630400,162.3496861954758,162.92770909904738,159.1280165779614,159.7655487060547,180788300.0
1454889600,157.9124493576142,158.20995654538632,155.38782128758157,157.61492919921875,191526700.0
1454976000,155.86384651391725,158.90700125899608,155.72783655454953,157.62342834472656,184513100.0
1455062400,158.45647499142285,160.0970513025413,157.35991256064443,157.4874267578125,148214100.0
1455148800,154.99680162520218,156.49288526005913,153.9342481211839,155.43882751464844,219058900.0
1455235200,157.2239388395197,158.6605004301041,156.37389594844893,158.6435089111328,127632400.0
1455580800,160.4625978365869,161.3466367233192,159.49354947373848,161.32113647460938,120250700.0
1455667200,162.49420870028695,164.3303045317381,162.36669447912675,163.95628356933594,136009500.0
1455753600,164.2282924393212,164.2878016706685,162.97023252736196,163.2847442626953,102343000.0
1455840000,162.50268433849124,163.36122291724314,161.890652470458,163.20822143554688,114793000.0
1456099200,164.79776240622147,165.7158100135619,164.72975743857168,165.57130432128906,103640300.0
1456185600,164.9082901746795,165.18031007509336,163.36120617497687,163.480224609375,111455300.0
1456272000,162.0436681650119,164.50878717359268,160.93011413760556,164.228271484375,150812200.0
1456358400,164.67872560539882,166.2258091410138,163.9136925635661,166.21730041503906,110728300.0
1456444800,167.0929422394119,167.18643450838,165.67335915541065,165.83486938476562,129833700.0
1456704000,165.8518708478113,166.80391474584258,164.33879552245793,164.5343017578125,125918100.0
1456790400,165.76685472350312,168.48700227274983,165.29083279357238,168.40199279785156,141799700.0
1456876800,168.08748942290447,169.20953931757742,167.67096372824818,169.15853881835938,102415000.0
1456963200,168.97998624268894,169.8385376892632,168.4019634202159,169.821533203125,95172200.0
1457049600,170.01706802736803,171.15613531923964,169.1840296550289,170.37408447265625,129293600.0
1457308800,169.44754769884128,170.9181312471045,169.37104695118603,170.51010131835938,100219000.0
1457395200,169.43056471144095,169.9405826921164,168.48701653097157,168.6485137939453,123974900.0
1457481600,169.46451712027678,169.83002926385342,168.67397064622244,169.4815216064453,94801200.0
1457568000,169.97459843221026,170.91814665019965,167.78148600740718,169.61756896972656,156838700.0
1457654400,171.07961107939806,172.3971800275459,169.6005448928554,172.35467529296875,137964500.0
1457913600,171.84467078631997,172.59269969657086,171.5131545837727,172.13368225097656,73612000.0
1458000000,171.16466242195995,172.1592111953748,170.90115116199027,171.8531951904297,93169100.0
1458086400,171.3686509650683,173.25574720918922,171.32614622665338,172.84771728515625,129303200.0
1458172800,172.76271584366336,174.4542928368777,172.3631946611015,173.94427490234375,134278500.0
1458259200,174.44835695401974,174.96955793933162,174.13222313978048,174.62779235839844,138372400.0
1458518400,174.36291622101447,175.1062635052131,174.13221729099666,174.8755645751953,72926700.0
1458604800,174.09808708061922,175.3540961473156,173.9357568590095,174.78163146972656,97471900.0
1458691200,174.39707653558773,174.5850514981577,173.45720172273792,173.6280975341797,81052500.0
1458777600,172.59423925108732,173.58537761539546,172.37209294357834,173.5511932373047,84360900.0
1459123200,173.96988137546748,174.1834881247111,173.200902293199,173.65374755859375,62408200.0
1459209600,173.24363754203526,175.371165756783,172.93604325842742,175.2600860595703,92922900.0
1459296000,176.26827596986723,176.75529253411125,175.66162712096246,176.02903747558594,86365300.0
1459382400,175.93509373548827,176.36230730113948,175.43952443483005,175.60186767578125,94584100.0
1459468800,174.6021791094566,176.98602492746346,174.2860322241666,176.7980499267578,114423500.0
1459728000,176.72118581373357,176.9262530427539,175.91802213031008,176.22561645507812,63497000.0
1459814400,174.87559071249805,176.2341266547802,174.20913862618897,174.46546936035156,99662200.0
1459900800,174.46545053968902,176.43063523957525,174.2860151338752,176.37081909179688,91839800.0
1459987200,175.27717684114435,175.6360346628769,173.5255986579674,174.26040649414062,113859000.0
1460073600,175.4480623341095,175.88382851091967,174.1920534201094,174.7303466796875,95040600.0
1460332800,175.37117798267923,176.07181452544495,174.22624869513547,174.3202362060547,83757500.0
1460419200,174.49109537873204,176.22558126894705,174.04678965666287,175.94361877441406,115350600.0
1460505600,176.86635259481577,177.80622731636572,176.72964117395054,177.7207794189453,96336400.0
1460592000,177.78061616651783,178.23346139280787,177.3790344696161,177.72933959960938,65212900.0
1460678400,177.72933619333557,177.86604762743096,177.2081352586769,177.53282165527344,75761600.0
1460937600,177.53288029891385,178.81452108249684,176.86642813445263,178.7803497314453,82531000.0
1461024000,179.20747886878675,179.60050788951128,178.52393483217938,179.34417724609375,88316100.0
1461110400,179.38696483281151,180.21576015262733,178.9084877486957,179.51513671875,81100300.0
1461196800,179.532207473975,179.6432871624202,178.27619866817295,178.54962158203125,85695000.0
1461283200,178.19076378573382,178.82303145836744,177.64393099553936,178.54962158203125,99251700.0
1461542400,177.94299545022145,178.28477413635568,177.32780685270362,178.24205017089844,66166500.0
1461628800,178.60945458132522,179.0195890207373,178.02845034844458,178.50692749023438,75864200.0
1461715200,178.12241335653445,179.2673425079537,177.76355554956075,178.8743133544922,77329400.0
1461801600,178.11386465526644,179.22460936577656,176.83222410850382,177.25088500976562,97216200.0
1461888000,176.62715607275575,176.97747428284745,175.18317231105428,176.29393005371094,142424100.0
1462147200,176.79805462264747,177.87462807912863,176.36230149354094,177.69520568847656,62188000.0
1462233600,176.4562758964302,176.69551442455406,175.3967816736518,176.148681640625,106422100.0
1462320000,175.14902802157104,175.88383589983152,174.6619982829167,175.16610717773438,92243800.0
1462406400,175.6360516637633,175.9949095202319,174.7047291526288,175.13194274902344,67619200.0
1462492800,174.3542775993219,175.8153527186661,174.20048708018794,175.7726287841797,89315000.0
1462752000,175.64460460368295,176.35376770198474,175.46516915635553,175.9180145263672,74374900.0
1462838400,176.62710048587445,178.1223473126209,176.55874478072104,178.10525512695312,77472200.0
1462924800,177.64396977499263,178.1822500681836,176.43922424316406,176.43922424316406,81727000.0
1463011200,177.1142220273641,177.28511791038636,175.47372324304837,176.49049377441406,89586300.0
1463097600,176.1913830926472,176.74675538251995,174.62778024517235,174.95245361328125,96474600.0
1463356800,175.12340084735197,177.1569286736964,175.06358468663856,176.67845153808594,77486800.0
1463443200,176.40501651561303,176.69551858696076,174.4996347851048,175.02938842773438,114924900.0
1463529600,174.67901528893967,176.26824964216345,173.98693167403093,175.08059692382812,120062100.0
1463616000,174.35436451096757,174.76448580394182,173.26069903802235,174.47398376464844,115430500.0
1463702400,175.08918797914677,176.09741866877684,175.03792444260188,175.5762176513672,104990400.0
1463961600,175.5933080555922,175.87527056217658,175.1490153520557,175.3369903564453,58682600.0
1464048000,176.15723301242645,177.92590336111132,176.13160124251996,177.60975646972656,93537800.0
1464134400,178.2932978591951,179.2331728655784,177.60975358523655,178.8144989013672,76621400.0
1464220800,178.95121635879562,179.18191532945897,178.54963457329848,178.8657684326172,55280700.0
1464307200,179.02810141514814,179.64328994333042,178.97683787738666,179.63475036621094,64211200.0
1464652800,179.90814195685155,180.01922163572365,178.7290285581202,179.29295349121094,109879400.0
1464739200,178.67778617076948,179.83980751699386,178.4812715935652,179.66038513183594,69936200.0
1464825600,179.2587694403912,180.22426298918245,178.78029245381856,180.20718383789065,63044700.0
1464912000,179.64332879686464,180.01927887178957,178.45567544427462,179.66896057128906,101757100.0
1465171200,180.02782063659353,180.94206406058188,179.86547737158438,180.5832061767578,64887000.0
1465257600,180.7369839577117,181.4290679013517,180.7113521848009,180.8651428222656,60974800.0
1465344000,181.0018208499341,181.5828380160848,180.8736620090665,181.4546661376953,66170900.0
1465430400,180.7198490169545,181.3264979199072,180.44643915806856,181.20687866210935,73786900.0
1465516800,179.8226821296147,180.16444765753795,178.94261047204992,179.4894561767578,113829200.0
1465776000,178.88278660586553,179.7457529380814,178.01982027364966,178.10525512695312,117751200.0
1465862400,177.72078776838296,178.3530683414505,176.7980051904679,177.7549591064453,125059300.0
1465948800,177.75502607228051,178.88287621602376,177.3192729008475,177.5072479248047,109124500.0
1466035200,177.50723141176718,178.20786789725187,175.6616657323433,178.03697204589844,149533100.0
1466121600,177.93216183057675,177.95792689163648,176.71256755423826,177.3739013671875,117055700.0
1466380800,179.34937142951378,180.02787346156032,178.43037356392298,178.51626586914062,82789600.0
1466467200,178.90269263778714,179.43518804951097,178.45607639600388,179.02293395996094,72461700.0
1466553600,179.20331002482786,179.93335513265026,178.58492226663827,178.73094177246094,95560500.0
1466640000,180.1996012571433,181.1100018081885,179.7358169953114,181.0584716796875,102731400.0
1466726400,174.89179794824614,181.092843788244,174.11022267549896,174.5568389892578,333444400.0
1466985600,173.1397628043216,173.14835989980017,170.61468053537803,171.4306182861328,230775800.0
1467072000,173.04521794527537,174.54824126186182,172.73602405307892,174.52247619628906,159382400.0
1467158400,175.931020625975,177.7260567292911,175.8279603652137,177.49417114257812,137328600.0
1467244800,177.96655692884892,179.96771360333886,177.40828325678643,179.9161834716797,165021900.0
1467331200,179.91617754811182,180.78364508689228,179.75299006634822,180.2940826416016,106055300.0
1467676800,179.46100725288906,179.57266462335127,178.39601610814256,178.99722290039062,109803700.0
1467763200,178.49903586728686,180.1910115948276,177.8377019932695,180.07077026367188,96021500.0
1467849600,180.25111922399785,180.92103705995672,179.18612835930506,179.9591064453125,85593800.0
1467936000,181.2645788156304,182.88784315286145,181.03268016593432,182.6387634277344,133971000.0
1468195200,183.10257303127423,183.8583831371789,182.89643942821257,183.28292846679688,73633900.0
1468281600,184.2535032264131,184.91483723800835,183.30874035270563,184.61422729492188,101275600.0
1468368000,185.0350715512508,185.0436555387487,184.09890580632583,184.5884552001953,87324100.0
1468454400,185.8595622701769,186.09146096382784,185.2240065172921,185.61907958984372,91230900.0
1468540800,186.1858887027062,186.3834251874872,184.9233484074213,185.36996459960935,107155400.0
1468800000,185.4902741815212,186.0313668230365,185.2326103948317,185.86817932128903,58725900.0
1468886400,185.4473157743152,185.71356353100896,185.19824909701825,185.67921447753903,54345700.0
1468972800,185.6792008083348,186.6926616276349,185.6792008083348,186.45217895507807,58159500.0
1469059200,186.34053223300631,186.5638338244621,185.30129325766427,185.74790954589844,67777300.0
1469145600,185.86814491223575,186.63253903786625,185.60189718723177,186.5810089111328,62787500.0
1469404800,186.37488968807276,186.42641981878452,185.4902541633248,186.07427978515625,55873100.0
1469491200,185.97121895986987,186.52089552800123,185.30988503865265,186.16017150878903,70080500.0
1469577600,186.53807284739844,186.60678405519556,185.18963996686068,185.96263122558597,84083900.0
1469664000,185.76502474947745,186.4693045849145,185.30124062040628,186.1772918701172,65035700.0
1469750400,185.9110760784943,186.8386444956275,185.6276472989676,186.47792053222656,79519400.0
1470009600,186.5381124308236,186.933185577838,185.8681943942987,186.32339477539065,73311400.0
1470096000,186.07425083793788,186.22885431134517,184.28781209299973,185.12950134277344,92295500.0
1470182400,185.06937140479948,185.7307052154032,184.76877465839488,185.6705780029297,53993600.0
1470268800,185.78228702395103,186.18595723185544,184.0130157835146,185.86817932128903,46585500.0
1470355200,185.86816015583045,187.4312975846704,185.86816015583045,187.3883514404297,71892200.0
1470614400,187.57729967297828,187.68037303784797,187.0104551401484,187.27670288085935,39906500.0
1470700800,187.34541840151223,187.88649788191057,187.06198957591155,187.3883514404297,51251700.0
1470787200,187.4999715529222,187.57726673400904,186.57239006391825,186.92453002929688,57941100.0
1470873600,187.4570789781312,188.04111775896476,187.1908312081006,187.7920379638672,72504300.0
1470960000,187.48281045801264,187.84354755217035,187.22515982693147,187.6288299560547,61313500.0
1471219200,187.99815040777185,188.5220619012776,187.98956642127345,188.169921875,49813500.0
1471305600,187.74907839813528,187.81777649881136,187.19940185546875,187.19940185546875,53213600.0
1471392000,187.23373583686396,187.68893607281225,186.39204656543595,187.551513671875,75134300.0
1471478400,187.52575007912333,188.0067153808505,187.41410584464336,187.9723663330078,52989300.0
1471564800,187.49997326593592,187.87787829512945,187.0104240092594,187.697509765625,75443000.0
1471824000,187.45708138472185,187.9208788203563,187.0877733390541,187.68898010253903,61368800.0
1471910400,188.3073619702228,188.60797189508708,188.0067520453584,188.0668792724609,53399200.0
1471996800,187.9208283565224,188.0153046157942,186.6840530007174,187.1049041748047,71728900.0
1472083200,186.71842572818065,187.39694070500192,186.5638353417592,186.97608947753903,69224800.0
1472169600,187.16505500299775,188.19569696660065,185.7307428619742,186.62396240234372,122506300.0
1472428800,186.75274866000743,187.8091553946417,186.71838651113805,187.54290771484372,70502200.0
1472515200,187.4571120862928,187.74054098663927,186.67554971842105,187.2338104248047,58114500.0
1472601600,186.89881523753755,187.01905658667536,185.9197033644655,186.70127868652344,85269500.0
1472688000,186.6926425320238,187.0018363801602,185.54175941602995,186.70982360839844,97844200.0
1472774400,187.5686947483225,187.9809488458128,186.976072111437,187.551513671875,79293900.0
1473120000,187.83497936000717,188.1957034043415,187.1135312713384,188.118408203125,56702100.0
1473206400,187.95520514475777,188.2815801077456,187.49142087053772,188.1012115478516,76554900.0
1473292800,187.7662444575968,188.04108927879108,187.3625743172942,187.67176818847656,74102900.0
1473379200,186.34910435274628,186.40063447785292,183.1541055429154,183.17987060546875,221589100.0
1473638400,182.41552349395647,186.21172991679893,182.3468122743404,185.8080596923828,168110900.0
1473724800,184.51968349816948,184.7859311818967,182.5099302352092,183.13690185546875,182828800.0
1473811200,183.18844810987795,184.3994584283253,182.5099463111098,183.06820678710935,134185500.0
1473897600,182.90505616188128,185.2841178642702,182.7246876016668,184.8976287841797,134427900.0
1473984000,184.2778300916453,184.45910975395856,183.49232001234756,184.1828765869141,155236400.0
1474243200,184.8388880431728,185.48629458532577,183.8893531794072,184.2173767089844,80250500.0
1474329600,185.08064059204372,185.2360118861368,184.191536396226,184.2260589599609,69665300.0
1474416000,184.93388830210404,186.4790265113624,184.2433185148481,186.2977600097656,110284400.0
1474502400,187.31636941137523,187.7738691677363,187.0660445749141,187.47174072265625,76678700.0
1474588800,187.0746273123034,187.21274389263337,186.349535022854,186.44448852539065,73630900.0
1474848000,185.60720088486528,185.78846739687503,184.73535137440533,184.93389892578125,89827300.0
1474934400,184.76982824369992,186.1768494937627,184.3986416467309,186.0819091796875,78494800.0
1475020800,186.3063723793004,187.16095390412173,185.3395826577812,187.0055694580078,87411000.0
1475107200,186.79841062623328,187.20411988453267,184.76123698702563,185.31369018554688,128070600.0
1475193600,186.15095781281235,187.4198757027486,185.90063307596668,186.7120513916016,117202900.0
1475452800,186.297749843144,186.4876436820414,185.62443478795925,186.26321411132807,83512100.0
1475539200,186.3754466725124,186.59987625670055,184.71808707694876,185.31369018554688,119948100.0
1475625600,185.9438362703664,186.56534774532503,185.8747779763129,186.1337432861328,72816000.0
1475712000,185.90929530358903,186.4876436820414,185.3654826569525,186.26321411132807,62927400.0
1475798400,186.53940191773376,186.71204102026397,184.89067016980457,185.6243896484375,89788300.0
1476057600,186.5912322998047,187.057359293634,186.44448837264508,186.5912322998047,51855000.0
1476144000,186.1596610391281,186.22871934154284,183.50097566802253,184.2346954345703,130367400.0
1476230400,184.3727853701317,185.0029373491935,183.87212262868877,184.47637939453125,73866100.0
1476316800,183.1383964545473,184.372778812503,182.3183506648853,183.8721160888672,101357000.0
1476403200,184.8561909547544,185.3223311627505,183.88940114783392,183.9670867919922,93346200.0
1476662400,183.94117904075583,184.2001443418236,183.14702844326465,183.32830810546875,58275700.0
1476748800,184.933879056768,184.99429683043877,184.09656537195224,184.47637939453125,76869700.0
1476835200,184.74398471950303,185.27917005811295,184.3814385380392,184.96841430664065,66519200.0
1476921600,184.61448265019797,185.1842036835799,183.9584486299997,184.6231231689453,73639800.0
1477008000,184.62317490403612,184.79581409756813,183.65637171150976,184.70948791503903,89089100.0
1477267200,185.5899333744277,185.86616657433976,185.14106101033263,185.49497985839844,60146600.0
1477353600,185.3136447987821,185.5726100534342,184.7094013189405,184.8734130859375,66542300.0
1477440000,184.04475867897995,185.08923397723527,183.8030480910927,184.50225830078125,75705500.0
1477526400,185.22733563167608,185.2618581862959,183.932522503348,184.0102081298828,77220200.0
1477612800,183.98434601838443,184.66627525984205,182.74996360298564,183.46641540527344,140623200.0
1477872000,183.8030623008685,184.02750504164655,183.3110400836288,183.4750518798828,61272500.0
1477958400,183.8030656926328,183.85486929097604,180.92859163190388,182.1457061767578,122781800.0
1478044800,181.8349025861037,182.2233570280644,180.60914784504493,181.0493927001953,103330800.0
1478131200,181.2652527887944,181.48105502705224,179.94454414437837,180.22076416015625,88939300.0
1478217600,180.3329572392712,181.1788981924618,179.87545761968195,180.02220153808594,109122100.0
1478476800,180.02219786262336,184.02748616750264,180.02219786262336,183.99295043945312,109794900.0
1478563200,183.59590023480516,185.39137629987184,183.32830758734963,184.8216552734375,106772100.0
1478649600,183.31965214573907,187.40263933129097,183.2937569349657,186.7811279296875,258429000.0
1478736000,187.5753228370979,188.44715920627792,185.77984649341417,187.24729919433597,172113300.0
1478822400,186.5222011898276,187.0573865517528,185.86616709548295,186.8156890869141,100552700.0
1479081600,187.34220105679452,187.54937590639128,186.21139965889404,186.9623870849609,94580000.0
1479168000,187.35088071725,188.4212646484375,187.14371898132785,188.4212646484375,91652600.0
1479254400,187.799713884513,188.30037659432588,187.6788651732838,188.0673065185547,65617700.0
1479340800,188.2226849989169,189.09452116149515,188.1104636379288,189.0341033935547,69797200.0
1479427200,189.10321101301628,189.2758501869833,188.42989584295296,188.61117553710935,86265800.0
1479686400,189.1895050791528,190.06134138191928,189.0427611373915,190.0354461669922,72402600.0
1479772800,190.34612425125997,190.5878216063093,189.67282259483423,190.40655517578125,67429000.0
1479859200,189.8887270648632,190.5620290840899,189.6901926672772,190.5102386474609,56620200.0
1480032000,190.8554714617328,191.25254013474856,190.77777265916797,191.218017578125,37872300.0
1480291200,190.9072708447477,191.1834908252668,190.21670113616744,190.32028198242188,76572500.0
1480377600,190.3548011338381,191.1489516195088,190.05267279654663,190.6914520263672,69886700.0
1480464000,191.3130354136343,191.47704724867737,190.1735930890355,190.2340240478516,113291800.0
1480550400,190.5360563637892,190.5360563637892,189.1721850107161,189.5347442626953,79040500.0
1480636800,189.62105710282748,190.12171973879464,189.26713836802867,189.6296844482422,74840300.0
1480896000,190.4670214237776,191.11442804067897,190.26848708262048,190.76914978027344,67837800.0
1480982400,190.959061270603,191.40793355691488,190.4756664260464,191.37339782714844,59877400.0
1481068800,191.2179941014843,193.93709622635063,191.0971454108573,193.87667846679688,110738100.0
1481155200,193.85082139583236,194.8262384579579,193.5832155832443,194.3514709472656,99714400.0
1481241600,194.57591454728325,195.5427042667933,194.541378816431,195.5254364013672,88005800.0
1481500800,195.43048619591116,195.91389423534375,194.8780330366532,195.30101013183597,102016100.0
1481587200,195.9656954898238,197.10512443121576,195.94842762315213,196.60446166992188,110477500.0
1481673600,196.30232160468225,197.01014599036947,194.5413682296646,194.9816131591797,142501800.0
1481760000,195.2233128376904,196.64760214357008,194.99024276474813,195.78439331054688,124972600.0
1481846400,196.2437534659576,196.30454060107863,195.0802389428406,195.4015045166016,156420200.0
1482105600,195.58381282182123,196.25240492613645,195.43620398694864,195.82693481445312,90341100.0
1482192000,196.36529276906276,196.72998904113848,196.1308622002148,196.58236694335935,89838800.0
1482278400,196.4521333310084,196.6257900255581,196.0353546142578,196.0353546142578,67909000.0
1482364800,195.887773191673,196.00933421979568,195.29732444853545,195.69674682617188,56219100.0
1482451200,195.7401563140578,195.991969824947,195.5491431925967,195.98329162597656,36697800.0
1482796800,196.25243874796763,196.8689220322584,196.2350691028848,196.46951293945312,42672500.0
1482883200,196.7299487488236,196.74730513982016,194.7328641044869,194.84573364257807,64095000.0
1482969600,194.91525299223468,195.2712578436638,194.35954359575197,194.8023834228516,48696100.0
1483056000,195.1323006104132,195.21913557425907,193.3957073267379,194.09034729003903,108998300.0
1483401600,195.4014643550686,196.08742610025263,194.39425035130932,195.57513427734372,91366500.0
1483488000,195.90509207994424,196.8862715649593,195.8964138828679,196.73866271972656,78744400.0
1483574400,196.4694973821513,196.7386672384141,195.78353557184653,196.58236694335935,78379000.0
1483660800,196.69521126193743,197.75453408513587,196.14818021002984,197.28565979003903,71559900.0
1483920000,197.02526772801843,197.1641984223721,196.59979744499552,196.6345367431641,46939700.0
1484006400,196.65189314308807,197.49414226001167,196.24379250914944,196.6345367431641,63771900.0
1484092800,196.5475955930257,197.1901397705078,195.87900358056555,197.1901397705078,74650000.0
1484179200,196.66918836686563,196.886262526211,195.33201737492675,196.6952362060547,72113200.0
1484265600,196.8689282173547,197.4506854789142,196.8342021752552,197.14678955078125,62717900.0
1484611200,196.5042746506261,196.9123752646313,196.0614479893088,196.45217895507807,61240800.0
1484697600,196.70392810893293,196.9296937298426,196.14821875225363,196.8862762451172,54793300.0
1484784000,196.96440035900443,197.10333099677288,195.72274256298036,196.15689086914065,66608800.0
1484870400,196.8428547074131,197.3725162121827,196.20900184077277,196.87759399414065,129168600.0
1485129600,196.87755464195044,196.9383285078422,195.6011577175381,196.36524963378903,75061600.0
1485216000,196.58236200351573,198.041107307694,196.4694924451439,197.62432861328125,95555300.0
1485302400,198.57948788861603,199.3349151611328,198.4145093664669,199.3349151611328,84437700.0
1485388800,199.1872692442952,199.456452366214,198.8486340416017,199.12649536132807,59970700.0
1485475200,199.2046193994296,199.35222824265875,198.63154042043007,198.8138885498047,59711100.0
1485734400,198.11924177400348,198.1452896131416,196.5910444648964,197.58090209960935,79737300.0
1485820800,197.08601745148624,197.6243705137821,196.51295159360023,197.56358337402344,75880800.0
1485907200,197.56356484379907,198.48395730863905,197.05127292456288,197.64170837402344,79117700.0
1485993600,197.64168968479072,198.05848163822307,196.9470629273824,197.77194213867188,69657600.0
1486080000,198.68364238391007,199.31749521770817,198.3710550653382,199.13514709472656,80563200.0
1486339200,198.72703335356096,199.12645560863965,198.4404938932304,198.7791290283203,57790100.0
1486425600,199.16989445163065,199.41301645935596,198.5968154694972,198.787841796875,57931200.0
1486512000,198.78784818448665,199.1785790488036,198.24081702494928,199.04833984375,51566200.0
1486598400,199.04828802098424,200.53306756865337,199.04828802098424,200.2291717529297,65955200.0
1486684800,200.57655208305115,201.24514429975864,200.24659507366044,201.01937866210935,66015900.0
1486944000,201.51433740059224,202.37395606400096,201.4882895546549,202.11346435546875,55182100.0
1487030400,201.9310712820936,202.92962040123032,201.58375791405385,202.92092895507807,71109000.0
1487116800,202.70385794334547,204.1712814570955,202.6517622622441,203.98025512695312,86785800.0
1487203200,204.006268824906,204.1886169273989,203.0511505831992,203.8065643310547,84722400.0
1487289600,203.13805649564745,204.1279144287109,203.12068684793493,204.1279144287109,77204100.0
1487635200,204.50130252954924,205.5172083768917,204.4926110805377,205.3435516357422,88946100.0
1487721600,204.935380451644,205.38688517335603,204.7704019671449,205.1611328125,62115200.0
1487808000,205.68211673657723,205.69947313035783,204.53595878758776,205.3000640869141,74615900.0
1487894400,204.44914343607164,205.60396636874748,204.40572595195724,205.56056213378903,82381600.0
1488153600,205.4737354189131,206.05549263177696,205.221935199585,205.8818359375,56515400.0
1488240000,205.49981333590287,205.7429353933033,204.9354256846144,205.3261566162109,96961900.0
1488326400,206.993248180024,208.6690676876072,206.9758785363948,208.2001800537109,149158200.0
1488412800,208.00918091342723,208.0178723609561,206.83698817376288,206.8890838623047,70246000.0
1488499200,206.8022129454004,207.18426559386052,206.42016029694028,207.019287109375,81974300.0
1488758400,206.2204381431073,206.7587777840041,205.79496804840068,206.4027862548828,55391500.0
1488844800,206.0988879749573,206.45489277192863,205.5779046989429,205.7863006591797,65103700.0
1488931200,206.08150610899736,206.3419977315536,205.26530520792653,205.40423583984372,78168800.0
1489017600,205.52580325046176,205.9946908355404,204.69224593122928,205.66473388671875,90683900.0
1489104000,206.62863540249853,206.67205290175335,205.4303813186997,206.3855133056641,81991700.0
1489363200,206.3246607868248,206.5330567677254,205.9947170451776,206.48963928222656,57256800.0
1489449600,205.94263071347856,205.99473965128956,205.08302535238667,205.6995086669922,59880800.0
1489536000,206.27256031393455,207.90496233685843,206.0381164970101,207.4794921875,96081800.0
1489622400,207.61838114423992,207.6965246511366,206.74140642993024,207.07135009765625,78344000.0
1489708800,207.3356582123932,207.52751561681808,206.707763671875,206.707763671875,89002100.0
1489968000,206.7077525745553,206.9955386657425,206.0885873263497,206.48101806640625,52537000.0
1490054400,207.0914417506923,207.2135315948725,203.69907396583304,203.8298797607422,131809300.0
1490140800,203.86480197485488,204.5973411541933,203.23690744776567,204.3095550537109,97569200.0
1490227200,204.30952548984405,205.23392193574253,203.71652147051117,204.0915069580078,100410300.0
1490313600,204.39675012077944,204.9723089651592,203.1584063846958,203.9432678222656,112504900.0
1490572800,202.26014039024835,203.9955726462541,201.9810835967268,203.73394775390625,87454500.0
1490659200,203.4287521881579,205.64381479929745,203.3153782840788,205.2165069580078,93483900.0
1490745600,204.92869509150103,205.64378892539085,204.7019473118721,205.4083251953125,61950400.0
1490832000,205.34728410562823,206.2629645484164,205.1728719514768,206.0623779296875,56737900.0
1490918400,205.7222701527245,206.2542358738052,205.5304127905777,205.58274841308597,73733100.0
1491177600,205.6350497906113,205.83562308268944,203.98683047948063,205.2251739501953,85546500.0
1491264000,204.93739574299997,205.4432002739894,204.5536810431601,205.35598754882807,56466200.0
1491350400,206.0362256569149,207.0216736652185,204.53625711429856,204.7455596923828,108800600.0
1491436800,204.885099407107,205.84437297153505,204.4403330819056,205.32113647460935,69135800.0
1491523200,205.068179530768,205.80944769475832,204.62342661644905,205.11178588867188,74412300.0
1491782400,205.2514082246365,206.03626977361657,204.7019971562717,205.2339630126953,67615300.0
1491868800,204.85025678233143,205.0944365325573,203.48982294341627,204.9897918701172,88045300.0
1491955200,204.7106854434126,204.9025428159721,203.86477247534435,204.0915069580078,81864400.0
1492041600,203.7514240976364,204.4926925214312,202.76597595214844,202.76597595214844,92880400.0
1492387200,203.28920485575787,204.56243896484372,203.0886315279332,204.56243896484372,68405400.0
1492473600,203.8211595398625,204.49266032218296,203.2630326486181,203.95196533203125,83225800.0
1492560000,204.518822218216,204.89380769498183,203.3502328078505,203.5769805908203,68699900.0
1492646400,204.19619246436093,205.6787294230088,203.87352923083765,205.2339630126953,92572200.0
1492732800,205.15545191617844,205.2077742381643,204.1787330876534,204.5798797607422,110389800.0
1492992000,206.8385651952579,207.03915185459005,204.5537349077453,206.8298492431641,119209900.0
1493078400,207.4751525266736,208.3821037365671,207.38793979387077,208.0332794189453,76698300.0
1493164800,207.99839450621573,208.8879138385189,207.85887275955247,207.9024658203125,84702500.0
1493251200,208.22514004073247,208.3821069940776,207.53619403848663,208.07688903808597,57410300.0
1493337600,208.33846102799384,208.3646221819122,207.49254823318591,207.6233673095703,63532800.0
1493596800,208.14663696289065,208.5739580565107,207.72804512650015,208.14663696289065,66882500.0
1493683200,208.28616643882987,208.40825627562756,207.8152522988372,208.22512817382807,57375700.0
1493769600,208.2251226690225,208.32105134588423,207.29199705711375,207.9722137451172,73137700.0
1493856000,208.27749750843023,208.3559809983481,207.36181687233065,208.2164459228516,61462700.0
1493942400,208.59139509421863,209.05359327827043,208.14662881035417,209.03614807128903,62001300.0
1494201600,209.0797957425904,209.22804676423667,208.5739910945518,209.00131225585935,48385700.0
1494288000,209.26291525943572,209.46348858455417,208.46059534537156,208.80943298339844,51363200.0
1494374400,208.76584109552743,209.18443298339844,208.55653849819385,209.18443298339844,54293800.0
1494460800,208.73093417933228,208.9227915394616,207.66700274835853,208.7570953369141,62358300.0
1494547200,208.50423864062088,208.8007407053593,208.1379690359209,208.40830993652344,53912700.0
1494806400,208.83562500645343,209.6815381068416,208.81817979527509,209.5594482421875,61918900.0
1494892800,209.85597426047312,209.8821354268292,208.9751839439531,209.36761474609372,51241800.0
1494979200,209.3675578431353,209.3675578431353,205.5914752793649,205.65252685546875,172174100.0
1495065600,205.57405342021687,207.33564708136436,205.31242849124695,206.48101806640625,107047700.0
1495152000,206.96934572563583,208.4954753857102,206.9170234092348,207.823974609375,115011400.0
1495411200,208.33853160457576,209.04492292004625,208.2687773750251,208.8792266845703,61010600.0
1495497600,209.25417215725983,209.50708109144605,208.87045743421487,209.3413848876953,48341700.0
1495584000,209.57690776802465,209.93444812742013,209.23678600740283,209.82980346679688,46927700.0
1495670400,210.34434310068747,211.111772832622,210.1350537605594,210.83270263671875,64071700.0
1495756800,210.64078292672284,210.95473015089425,210.56229944737885,210.7890472412109,46629900.0
1496102400,210.4664066919409,210.8588374624555,210.30943970645413,210.6059417724609,35201900.0
1496188800,210.90244377916997,210.937334202689,209.8559572891593,210.5536193847656,91796000.0
1496275200,211.01579894038937,212.2454267775918,210.7280128525252,212.2279815673828,68962000.0
1496361600,212.28031624869357,213.09135223566844,211.9838141918628,212.9343719482422,88666100.0
1496620800,212.75992905887065,213.04771512196524,212.5767876344303,212.77737426757807,44698800.0
1496707200,212.21051329700967,212.76864020187932,212.01865592594868,212.0971527099609,50375400.0
1496793600,212.43728644025867,212.71634327260296,211.76578556139785,212.48960876464844,54144300.0
1496880000,212.58555284639792,213.0739123184404,212.06230295103956,212.59426879882807,65950700.0
1496966400,212.8645952747352,213.66690196826696,210.99835695772072,212.27159118652344,132256400.0
1497225600,212.0274082237671,212.2803038912133,211.37335256229304,212.2279815673828,86108100.0
1497312000,212.76865839184973,213.31806939293045,212.4198340365327,213.2657470703125,60067000.0
1497398400,213.5360735520482,213.5447895029651,212.1669107707611,212.99539184570312,78602300.0
1497484800,211.6349697386827,212.70763063256027,211.35591290199363,212.5855407714844,66464900.0
1497571200,212.74591531742809,212.7984927993872,211.74690304513817,212.63198852539065,84553100.0
1497830400,213.46448436404364,214.46349657942653,213.36808786204668,214.40216064453125,65123800.0
1497916800,214.0428575070437,214.0516159627348,212.9386903640085,212.95620727539065,56906400.0
1498003200,213.35059136319293,213.4645047879513,212.4304452782182,212.90365600585935,55977600.0
1498089600,212.9123887793721,213.4118881573864,212.63195775392128,212.8072204589844,44148100.0
1498176000,212.86860834516585,213.39439655566065,212.4830223011225,213.0614013671875,66986800.0
1498435200,213.73614385191743,214.15679042752944,212.9912739461872,213.2015838623047,56700500.0
1498521600,212.98244372334872,213.28040497563472,211.466402216351,211.4839324951172,82247700.0
1498608000,212.50929304663848,213.57841303396904,212.2726810175241,213.3768615722656,70042600.0
1498694400,213.52582369579952,213.57840117230745,210.2834167181614,211.5015106201172,106949700.0
1498780800,212.31647666666348,212.69330418055927,211.70305052138937,211.89584350585935,86820700.0
1499040000,212.8423255274387,213.2804890675583,212.25518798828125,212.25518798828125,39153800.0
1499212800,212.62319489877905,212.95619002000183,211.8082039481542,212.74588012695312,54427600.0
1499299200,211.9747357767048,212.0974210208427,210.6164262633785,210.8004608154297,65400800.0
1499385600,211.37883730962744,212.31650022752356,210.8092167480506,212.1675262451172,57972300.0
1499644800,212.16753027745065,212.77219804627276,211.86081047910383,212.39537048339844,36663300.0
1499731200,212.3953575538887,212.55310335739503,211.063350224018,212.2376251220703,50354600.0
1499817600,213.2103349277388,213.99902377975468,213.2103349277388,213.83251953125,59610400.0
1499904000,213.84129282770792,214.3057450126829,213.61343927695148,214.1918182373047,39471600.0
1499990400,214.1918446840368,215.5501542143904,214.0954481787423,215.19085693359372,60262700.0
1500249600,215.11197330474212,215.49755929471692,214.9892880689945,215.16455078125,33531900.0
1500336000,214.7527170678825,215.33109616330725,214.41095003362065,215.2785186767578,42742500.0
1500422400,215.59397722371867,216.4527739593224,215.58520539563685,216.4440155029297,51034300.0
1500508800,216.698107173926,216.8207924007623,215.9882845492525,216.54037475585935,47135200.0
1500595200,215.9620396921109,216.3739144741077,215.73418610191467,216.34762573242188,82340800.0
1500854400,216.2687113185934,216.4352155702576,215.8217894101954,216.2950134277344,46622300.0
1500940800,217.0486104126238,217.15377871895083,216.59293011472,216.82077026367188,54915600.0
1501027200,217.10997507519315,217.14502226532625,216.56665671216865,216.8295440673828,47575400.0
1501113600,217.2940382858781,217.32908548063855,215.2960005206352,216.6280212402344,70766600.0
1501200000,216.14600206263145,216.50529926347855,215.69032174962547,216.3738555908203,50088400.0
1501459200,216.7769630001501,216.8733594860249,216.0408516743892,216.2511749267578,65838700.0
1501545600,216.85588531838303,216.89093251484232,216.20739852453065,216.7332000732422,55050400.0
1501632000,216.86466764941085,216.9785944509014,215.90070249454556,216.83837890625,47211200.0
1501718400,216.7244310403381,216.75071978094385,216.1372935473286,216.417724609375,40856000.0
1501804800,216.9084539960793,217.14505264887757,216.4264714912689,216.8120574951172,60191800.0
1502064000,216.88216902502444,217.2151641845703,216.7770006947097,217.2151641845703,31995000.0
1502150400,216.8996847710964,218.12655055912447,216.3037888464996,216.68060302734372,61719400.0
1502236800,215.98828009062487,216.7243914364473,215.62898287241876,216.67181396484372,62632600.0
1502323200,215.83055517493256,215.96201223833984,213.56087161999196,213.6134490966797,120479500.0
1502409600,213.84126938601875,214.52480321998328,213.6046574060508,213.92889404296875,74869900.0
1502668800,215.21715932623908,216.26874912326616,215.1821121274037,216.04966735839844,73291900.0
1502755200,216.43520538478276,216.45273566615597,215.71662430872283,216.02333068847656,55242700.0
1502841600,216.54915097735636,216.95226725385575,215.9707719869524,216.40017700195312,56715500.0
1502928000,215.78680577840996,216.1022840924656,213.0263671875,213.0263671875,128490400.0
1503014400,212.8597586697684,213.9902276465236,212.2463326293548,212.6932678222656,136748000.0
1503273600,212.63197730452052,213.12271827249376,211.922154592153,212.8598175048828,65469700.0
1503360000,213.4469662066773,215.24342579534684,213.4294359232288,215.085693359375,63140100.0
1503446400,214.1129779526059,214.7439344636317,213.9640039669038,214.3145294189453,50203800.0
1503532800,214.7001031073608,214.85783554021305,213.60469441803752,213.8150177001953,50741700.0
1503619200,214.61247739034948,215.23467544516535,214.1655554332432,214.3145294189453,64445900.0
1503878400,214.84907610934303,214.87536484803243,213.90264140146087,214.3232879638672,40565600.0
1503964800,213.00004692920453,214.8315672226467,212.8861201357452,214.5686798095703,51135700.0
1504051200,214.55116079996637,215.85689296418565,214.36712622945203,215.5852203369141,62030800.0
1504137600,216.2073961042938,217.1275421183944,215.62025862542876,216.88217163085935,103803900.0
1504224000,217.2589810533007,217.61827832062843,217.03989931054303,217.1888732910156,62007000.0
1504569600,216.68060275588115,216.90845632697912,214.65628958561263,215.62901306152344,91398800.0
1504656000,216.3125653388512,216.69815137947668,215.7780053046548,216.3651428222656,57916900.0
1504742400,216.67184520033288,216.68937548395675,215.9269619207362,216.33883666992188,58034700.0
1504828800,216.0496257155296,216.5491384615596,215.83931581967457,216.08468627929688,63832800.0
1505088000,217.364090189823,218.46827049843728,217.34657328171065,218.389404296875,71364800.0
1505174400,218.75749361411147,219.16059650971104,218.57345907712028,219.12554931640625,56896000.0
1505260800,218.83635320357757,219.26575819576703,218.72242642833217,219.23069763183597,59228000.0
1505347200,218.9064698286786,219.3621635764352,218.73120711698388,219.1605987548828,95446300.0
1505433600,219.01522858319095,219.54362590803547,218.9095518058309,219.45556640625,95432400.0
1505692800,219.82550365716577,220.27464351155248,219.53487900854597,219.92237854003903,46235200.0
1505779200,220.16896680839508,220.2306205693641,219.81670183672057,220.14254760742188,47108100.0
1505865600,220.2306171166969,220.33629391893305,219.21783182242785,220.2218017578125,59574100.0
1505952000,220.06329566730068,220.15135519346168,219.45562715318508,219.6317596435547,48211400.0
1506038400,219.3323639185165,219.8431576190725,219.30594471314723,219.6758270263672,51214000.0
1506297600,219.42043437803048,219.77271286390413,218.47811798417507,219.2266845703125,57064400.0
1506384000,219.65816068353544,219.90474883727413,219.1209478975948,219.35873413085935,54082000.0
1506470400,220.06331465246905,220.60052752917335,219.17382332658627,220.2130279541016,81001400.0
1506556800,219.93119042787745,220.55647623440493,219.84313090003204,220.4772186279297,44778800.0
1506643200,220.46842668049177,221.3314988361442,220.2834922457444,221.25222778320312,85578000.0
1506902400,221.48116514786523,222.21212768554688,221.3050192347495,222.21212768554688,59023000.0
1506988800,222.21216976528885,222.71414808619693,222.1328987141568,222.68772888183597,66810200.0
1507075200,222.53803125835535,223.19853829001943,222.42353907269091,222.9519500732422,55953600.0
1507161600,223.2865677875205,224.2905378030407,222.98714119858687,224.2729339599609,63522800.0
1507248000,223.8237520775156,224.30812646136332,223.55956008455,224.0175018310547,80646000.0
1507507200,224.246480048614,224.3081203659488,223.38340810155813,223.64761352539065,35803100.0
1507593600,224.2200670575951,224.61636848529244,223.67403891641212,224.2376708984375,43057400.0
1507680000,224.14081252288187,224.5899658203125,223.9734953942824,224.5899658203125,47674300.0
1507766400,224.2729273392016,224.6251923230716,224.01752380355524,224.25531005859372,47065100.0
1507852800,224.69568142561957,224.8101736095268,224.2553434112683,224.52835083007807,54800400.0
1508112000,224.7573012840901,225.0214933023969,224.4138382222436,224.82774353027344,38221700.0
1508198400,224.7749152863859,225.0303188330236,224.55474630248017,224.9862823486328,31561000.0
1508284800,225.3649513646941,225.40898784611755,225.0126863894013,225.20643615722656,40888300.0
1508371200,224.4226403296606,225.30331622620767,223.99991966197132,225.26808166503903,61903800.0
1508457600,226.0695342685959,226.45703384894472,225.2504986213952,226.4305877685547,89176400.0
1508716800,226.7564448226478,226.7828640251184,225.4706386328226,225.5498962402344,63915300.0
1508803200,225.9814320696308,226.1839703176432,225.58511718040705,225.9461975097656,66935900.0
1508889600,225.61154454002823,225.7260367066597,223.69167753741104,224.82774353027344,103715300.0
1508976000,225.44420635686612,225.71720027094304,224.99505309158897,225.11834716796875,69798000.0
1509062400,225.86693964649996,227.1175111973742,225.12717514675103,226.9589691162109,85562500.0
1509321600,225.86693722668383,226.8621052413337,225.81409882556036,226.113525390625,54285700.0
1509408000,226.49223951655637,226.72122386910985,226.1663937078288,226.4658203125,60304800.0
1509494400,227.24957026667013,227.5930198218316,226.39531374340484,226.7651824951172,54202700.0
1509580800,226.69480203824088,226.9942286394425,225.62037629223627,226.8533172607422,56449500.0
1509667200,227.0117920253018,227.65469503677576,226.5978733229185,227.6106719970703,59589700.0
1509926400,227.4786094907604,228.09509346678615,227.40816723332017,227.96299743652344,49652600.0
1510012800,228.0686506513407,228.40331181076243,227.2936515192266,227.8044586181641,57502200.0
1510099200,227.62833687701408,228.28884390626885,227.3465140942681,228.19195556640625,50469600.0
1510185600,226.97660568483428,227.5578549944969,225.77005714556927,227.36410522460935,95085500.0
1510272000,226.9766097127832,227.4697860674134,226.659552412752,227.29364013671875,59984700.0
1510531200,226.60669469787052,227.7339586804048,226.5714601395151,227.5049743652344,50228600.0
1510617600,226.69481601916388,227.0823156154636,225.9110014660716,226.9766387939453,61315200.0
1510704000,225.99901506856224,226.52742591342928,225.12715464399133,225.8404998779297,80811500.0
1510790400,226.79165758836004,228.1303022131102,226.74763454195505,227.76040649414065,67777000.0
1510876800,227.40810645833247,227.73395220459795,227.01179159735992,227.09104919433597,75756800.0
1511136000,227.3376921656088,227.6723264352788,227.0910771099112,227.47857666015625,48075500.0
1511222400,228.25358882670136,229.1518955064627,227.4433819942431,228.9669342041016,69176800.0
1511308800,228.9757426617305,229.10783867650832,228.5970584606685,228.76438903808597,45033400.0
1511481600,229.25753218672327,229.3984435407644,229.11662083268223,229.2927398681641,27856500.0
1511740800,229.3368447004925,229.6362713209949,228.9757643085663,229.17832946777344,52274900.0
1511827200,229.64502189309005,231.5296540612809,229.54813358303016,231.50323486328125,98971700.0
1511913600,231.63535783369375,232.1725840903844,230.91322404555928,231.3623504638672,77512100.0
1512000000,232.28707934133988,234.30380776124025,232.2078217370556,233.38792419433597,127894400.0
1512086400,233.1678292037002,233.65219034225956,229.645124556422,232.9036102294922,164390900.0
1512345600,234.5327246486292,234.96424710656436,232.5688083202351,232.6216735839844,94040600.0
1512432000,231.78517150878903,233.51128933757013,231.65307545385,231.78517150878903,77994500.0
1512518400,231.8819704878114,232.26068157803005,231.36237489436897,231.82913208007807,75898600.0
1512604800,232.5601043701172,232.8771348113225,231.56493624728316,232.5601043701172,77218600.0
1512691200,233.5200661108114,233.83709659027588,232.52489786788072,233.82830810546875,76563900.0
1512950400,234.5328063964844,234.5944601622756,233.80185719499207,234.5328063964844,83077500.0
1513036800,235.32540049659065,235.42228882148268,234.56803212059685,234.94671630859372,85195800.0
1513123200,235.1932649022316,235.6336027795856,234.83218461767035,234.92025756835935,102905400.0
1513209600,235.21974840686244,235.33424058645025,233.90754977395295,233.96038818359372,100666700.0
1513296000,234.9703445165982,236.3777732983415,234.91723603528484,235.90863037109372,144610300.0
1513555200,237.3160331441036,237.75862178218907,237.2098161931178,237.4045562744141,83653600.0
1513641600,237.6524084575412,237.69665651663823,236.42199905842483,236.49282836914065,82382900.0
1513728000,237.46652303631924,237.51963151737712,236.06795467934637,236.3689117431641,76751500.0
1513814400,236.9974055616347,237.5727925239995,236.6079253164058,236.85577392578125,67032300.0
1513900800,236.8734859693714,236.908900630388,236.25385096220157,236.7938232421875,78720900.0
1514246400,236.38666702805895,236.73189925816763,236.24506238406605,236.51060485839844,45244400.0
1514332800,236.67870356807413,236.98852101630592,236.351192299231,236.62559509277344,57751000.0
1514419200,237.1302086312323,237.15676287515475,236.74072837805517,237.11248779296875,45116100.0
1514505600,237.6967491362837,237.7144429641236,236.02377745391436,236.21849060058597,96007400.0
