ts,open,high,low,close,volume
1199232000,105.23398981801974,105.56435453682542,103.33083392473073,104.08490753173828,204935600.0
1199318400,104.07057122216396,104.48711335412406,103.46730784144772,104.03466033935548,125133300.0
1199404800,102.94303761598395,103.01485938477884,101.19788041059488,101.48514556884766,232330900.0
1199664000,101.84418221485691,102.14581376964416,100.61611166739874,101.39891815185548,234991000.0
1199750400,102.03814551413848,102.62704239346316,99.42399304647472,99.76153564453124,326365700.0
1199836800,99.89074403482084,101.11163672651598,98.89248336262534,100.81000518798828,301824900.0
1199923200,100.31450398609108,102.55521353440862,100.0918718772864,101.47076416015624,335701200.0
1200009600,101.10447617961258,101.90882708619618,99.82612807802396,100.65202331542967,267076600.0
1200268800,101.37744567256176,101.88016528683188,100.83162641266934,101.463623046875,170365500.0
1200355200,100.39349462593714,101.61439865746736,99.03614679933474,99.23005676269533,239940100.0
1200441600,98.64832909960964,99.91231072855828,97.87270027327986,98.37541961669922,378802600.0
1200528000,98.97152469914153,99.0218021227014,95.4668332228511,95.82592010498048,397892600.0
1200614400,96.76673714755262,96.96782492529678,94.15258507841654,94.84202575683594,348561500.0
1200960000,91.35889275695672,95.10775556752628,90.48990307540704,93.8796844482422,435923700.0
1201046400,91.2726886853293,96.37172610309112,91.09314526862586,96.13472747802734,511913000.0
1201132800,96.5800057959479,97.28382398264256,95.73974379767326,96.94628143310548,259949300.0
1201219200,98.03790919007136,98.2174526541676,95.22985774003811,95.54584503173828,269603900.0
1201478400,95.70383954676532,97.32691939742824,94.84203315230918,97.1258316040039,217934600.0
1201564800,97.74344175139534,97.9947959630846,96.8672689894211,97.60698699951172,168968300.0
1201651200,97.36998423186766,99.49577208711906,96.66617712721307,96.88880920410156,334939200.0
1201737600,95.8043819326897,99.49579488014298,95.66074936228917,98.65553283691406,343680800.0
1201824000,99.06487901564844,100.26422774433355,98.76324738554146,100.24268341064452,206843600.0
1202083200,99.9769596759924,100.04159267513285,98.84942177372751,98.97869873046876,124694300.0
1202169600,97.62852873591542,97.85116081634575,95.9982714653219,96.3286361694336,286882500.0
1202256000,96.65182930643478,97.13300442739975,95.09339350790158,95.5530242919922,250792900.0
1202342400,94.65528753436708,96.80261969526676,94.60501011972366,96.18498992919922,297368100.0
1202428800,95.58176128852452,96.39330129856134,94.87077614415826,95.5674057006836,221643500.0
1202688000,95.5889090190894,96.40043772239603,94.82763581012296,96.05571746826172,188576300.0
1202774400,96.8888262163266,97.8942651138017,96.22091890992648,96.94628143310548,256654400.0
1202860800,97.67881204191764,98.43289670391606,97.0540043589435,97.9373550415039,181967800.0
1202947200,98.35392560602348,98.38983649716808,96.80266715968608,97.07557678222656,215207200.0
1203033600,96.59438527595724,97.1114713377547,96.17066532373708,97.05401611328124,154110300.0
1203379200,98.18872595152132,98.31081418640868,96.67337874674102,97.32691955566406,145190000.0
1203465600,96.22811134550317,98.06663451897332,96.0629234815158,97.61418151855467,220085700.0
1203552000,98.14562756062251,98.39698179870004,96.28556017330934,96.8026351928711,201051200.0
1203638400,96.9318960510874,97.56389235436777,95.41654924823833,97.3987045288086,205491000.0
1203897600,97.3412332923841,98.85657984567568,96.7954253666402,98.62677001953124,190107000.0
1203984000,98.2102710695853,99.79025130095005,98.03072761241972,99.36653137207033,212420700.0
1204070400,98.79199383614711,99.92670984316194,98.68427214117813,99.2659912109375,168395800.0
1204156800,98.5621871704788,99.07927324041088,98.06664544025529,98.29645538330078,170831100.0
1204243200,97.38435102401054,97.44179527238894,95.35909607717556,96.1060028076172,252715200.0
1204502400,95.61768525598086,96.09886051761512,94.97133304386692,95.87622833251952,189483500.0
1204588800,94.96412956548473,95.8043916943291,94.07360096318668,95.50994873046876,282513100.0
1204675200,95.81871302570391,96.78825169450164,95.04308428235748,96.11316680908205,270681400.0
1204761600,95.5027169942035,95.67508259374574,93.75756050248116,94.1238250732422,247911700.0
1204848000,93.19739316797845,94.61219606743578,92.34276481203158,93.15430450439452,326434600.0
1205107200,93.2476605913289,93.3122935873762,91.6317699393876,91.9262237548828,235683600.0
1205193600,93.8796880323906,95.31603575509122,92.60851722943076,95.2298583984375,341440600.0
1205280000,95.33038532184284,96.07010339060892,94.19566950799262,94.33930206298828,229161100.0
1205366400,93.08248463248074,95.25854985493405,92.35713321114962,94.54755401611328,351504200.0
1205452800,95.3519282369652,95.38065036415192,91.76823741543124,93.0824966430664,484687800.0
1205712000,90.89924260655388,92.83112608302532,90.54015576596876,92.14168548583984,405311100.0
1205798400,93.80783386747042,96.01263212047796,93.34820319327264,95.96954345703124,334416600.0
1205884800,96.33581736690644,96.70208200006746,93.39130088421167,93.59239959716795,345971600.0
1205971200,93.86089448009164,95.92504064850326,93.29072218533382,95.32600402832033,245320700.0
1206316800,96.21372054601616,98.01804359582584,96.16320522723274,97.23136138916016,208977300.0
1206403200,97.3324315304173,97.83042659997122,96.54574909347534,97.3252182006836,192947200.0
1206489600,97.0437089213058,97.49839080918694,96.06937013795034,96.1343231201172,196934300.0
1206576000,96.8560614711273,97.02928045270652,95.52808231716268,95.83120727539062,225153200.0
1206662400,95.98277134409012,96.24980762700284,94.5898282459288,94.91460418701172,180896100.0
1206921600,94.75583091910131,95.795122828909,94.61148726778684,95.24661254882812,166692100.0
1207008000,96.43025574626354,98.76143838710696,96.35807840853325,98.59544372558594,254547300.0
1207094400,98.91294887792844,99.36041727607048,98.14069366156416,98.66033935546876,210910800.0
1207180800,98.12632660541534,99.19448295260317,97.9458942691403,98.9057846069336,175884800.0
1207267200,98.9635105118661,99.56977144709332,98.24178126714662,98.79751586914062,204446800.0
1207526400,99.50481829314622,100.01003762969891,98.68927164635028,98.84805297851562,154245500.0
1207612800,98.29231628890942,98.81917560056624,98.11909729028793,98.74700927734376,148937300.0
1207699200,98.59541087979828,98.73254116817331,97.35403597085086,98.03246307373048,195610600.0
1207785600,97.7365443566264,98.63870564814678,97.36124217579484,98.16958618164062,192967800.0
1207872000,97.06537162381636,97.52005356654324,95.99720439556404,96.26425170898438,222973300.0
1208131200,96.12714033429954,96.37973901610788,95.66523395983523,95.93948364257812,160522000.0
1208217600,96.40858565776772,96.4879763084648,95.50642417835238,96.16320037841795,172389200.0
1208304000,97.1014500244065,98.81195586329696,97.08702336832688,98.7686538696289,189268900.0
1208390400,98.16960657772772,99.05733038946153,97.90978363127962,98.9129867553711,179665700.0
1208476800,100.27705336677992,100.72452193134664,99.786271801021,99.94505310058594,218530600.0
1208736000,99.76460111579613,100.30589789037124,99.49035157198828,99.9955596923828,118587400.0
1208822400,99.73579124340408,99.82239525054354,98.80475411578632,99.55535888671876,162166000.0
1208908800,99.66356638790084,100.16156121700229,98.96348829665853,99.3965301513672,193309000.0
1208995200,99.65634040374752,100.85441317191744,98.90573608595246,99.82955932617188,229381300.0
1209081600,100.60904043848272,100.96269169124696,99.53367103886497,100.7533950805664,190788100.0
1209340800,100.95551016655445,101.22254651564586,100.59464547309402,100.77507781982422,105610200.0
1209427200,100.60186240768668,100.84724776498176,100.0389143467312,100.3781280517578,125514100.0
1209513600,100.52966567115932,101.46791592935438,99.78628540039062,99.78628540039062,208395900.0
1209600000,99.87295452229304,101.85048675537112,99.79356381866955,101.8504867553711,187279500.0
1209686400,102.73096423757836,102.75261523942189,101.44628673551632,102.13192749023438,181585500.0
1209945600,101.79988692733858,102.20405344212774,101.3379807657636,101.64110565185548,118504500.0
1210032000,101.0565049796557,102.62986902746005,100.8183330708877,102.52161407470705,179339800.0
1210118400,102.4061504135932,102.5144053828692,100.41418188992324,100.6956558227539,199267300.0
1210204800,100.8544487051964,101.27305298900606,100.3059274306182,100.43584442138672,178321200.0
1210291200,100.03164379671004,100.60180486106964,99.92337783909277,100.24815368652344,152588200.0
1210550400,100.50076463682922,101.44622787784216,100.12546246809138,101.37406158447266,147865900.0
1210636800,101.6194320464879,101.68438500490043,100.84717683188592,101.3884735107422,159132200.0
1210723200,101.8143221255193,102.62986846142046,101.37406696556629,101.5978012084961,181910800.0
1210809600,101.79265417908238,102.9402116684903,101.6410972549129,102.86803436279295,166927000.0
1210896000,103.106227172888,103.1134404998368,102.2040657322085,102.96188354492188,204236800.0
1211155200,103.07015869044922,104.14553930283982,102.70208071517112,103.24337768554688,165664400.0
1211241600,102.6804037749098,102.73091908610355,101.76380471976104,102.40614318847656,178552100.0
1211328000,102.34840175454306,102.57213601317154,100.32034474863693,100.67399597167967,252724800.0
1211414400,100.6306911320142,101.16477467307662,100.3203528804288,100.6884307861328,170820400.0
1211500800,100.3564855000783,100.79674091945432,99.25224028655975,99.3388442993164,181376400.0
1211846400,99.45426375794388,100.32033640203794,99.25939383389158,100.074951171875,168322900.0
1211932800,100.44303692786538,101.04207339882672,99.59861520741492,100.536865234375,181288100.0
1212019200,100.41416772280688,101.71327122168482,100.37807906723548,101.04206848144533,173927200.0
1212105600,101.3812893332181,101.5761592771897,100.99877378453718,101.29468536376952,117362000.0
1212364800,100.91936738307676,100.9410183720581,99.59860199166204,100.24815368652344,181069900.0
1212451200,100.53688671552904,100.76783434888996,99.04290188210466,99.66358947753906,271965700.0
1212537600,99.38210899601732,100.43583847741306,99.20890103552912,99.61306762695312,246637700.0
1212624000,100.01717929744946,101.6843710779504,99.82953377238832,101.60498046875,237867100.0
1212710400,100.71730795022164,100.89774024285454,98.31394849082598,98.36446380615234,384276300.0
1212969600,98.7758495717113,99.23775577627052,97.72934453152224,98.60263061523438,228263900.0
1213056000,97.91699222901524,98.94907063770208,97.68604462816832,98.1118621826172,260234900.0
1213142400,98.13354389168548,98.3428405646098,96.66120980118592,96.6684341430664,283890100.0
1213228800,97.144765022542,98.0613532745476,96.36529608239177,97.0364990234375,252791800.0
1213315200,97.55614376518876,98.53048268138704,97.01484681457076,98.26343536376952,244726900.0
1213574400,97.83039641650116,98.82637523560396,97.76544343078628,98.3211669921875,185832500.0
1213660800,98.92741175131684,98.96348939568335,97.70046348692048,97.84481811523438,191707700.0
1213747200,97.2097135078807,97.80875010113448,96.50242193325576,96.89215087890624,265893000.0
1213833600,96.81996158786164,97.6066547352522,96.35084204292508,97.01483154296876,304204900.0
1213920000,96.354032430594,96.53536718497308,95.17898676391202,95.44010925292967,289275700.0
1214179200,95.8100571228944,95.91160417332414,95.25155387943008,95.34584045410156,165096400.0
1214265600,95.055694786243,96.06391572984194,94.43190269444676,95.15724182128906,267300600.0
1214352000,95.54167861136526,96.7602431331648,95.19351890053647,95.6069564819336,287853900.0
1214438400,94.70754848499344,95.32408018923736,92.90144981957664,93.01024627685548,297775000.0
1214524800,93.04649913862568,93.46719714600935,92.14708020144876,92.50249481201172,303423400.0
1214784000,92.76360455162636,93.5034534328767,92.3356571965854,92.82888793945312,258842600.0
1214870400,91.7698971599271,93.18431167383166,91.34194976276028,93.11903381347656,388622000.0
1214956800,93.41643817257857,93.68482122415487,91.35647733602904,91.52330780029295,288064600.0
1215043200,92.1978731046054,92.1978731046054,90.66015189248806,91.61759948730467,239352500.0
1215388800,91.96573023394056,92.3646633538848,89.88400536244474,90.68187713623048,372427300.0
1215475200,90.66014680278028,92.40096202305278,90.08712815968772,92.29216003417967,375973700.0
1215561600,92.48077535043464,92.65485526042563,90.22496932858648,90.51510620117188,336729400.0
1215648000,90.2539550527841,91.24041678755373,89.63741785202778,90.88500213623048,436475700.0
1215734400,89.92030166618001,91.3202065459764,88.84679721339307,89.82600402832031,481124600.0
1215993600,90.85596493958832,91.03004475057624,88.7814949511662,89.01360321044922,322720800.0
1216080000,88.34631758293384,89.57213707911276,87.0552091466304,87.7587890625,502502500.0
1216166400,88.09242987445823,90.35548981737882,87.83856230086892,89.91303253173828,371642900.0
1216252800,90.76894327368326,91.58132513613104,90.00733493176982,90.81246185302734,375490600.0
1216339200,91.51607611185138,91.69741097243627,90.77623231558132,91.37826538085938,267030100.0
1216598400,91.76264853774792,91.972997534964,90.80520117373906,91.42899322509766,222863000.0
1216684800,90.77618335318851,92.69833294540942,90.55857942429644,92.46622467041016,296904200.0
1216771200,92.7636264978074,93.6775498724202,92.51701383497816,92.96672058105467,311698400.0
1216857600,93.09001309063858,93.14079213780956,90.78344017289248,91.0373077392578,248634500.0
1216944000,91.31292719204524,91.7481294896732,90.7906822213327,91.01554107666016,219131000.0
1217203200,91.03731727931128,91.43625048714844,89.52135559461433,89.6809310913086,205201300.0
1217289600,89.92755599353147,91.66836563755834,89.68093778915836,91.59583282470705,261505600.0
1217376000,92.19783374688012,93.2785927593971,91.59580109436077,93.22781372070312,354710000.0
1217462400,92.40820933179988,93.25686034779255,91.8496950842039,91.99476623535156,277402100.0
1217548800,92.20510628921652,92.3211576649527,91.00104075430292,91.50878143310548,248690900.0
1217808000,91.42175702408912,91.4942898401592,90.4933236970342,90.66014862060548,188239600.0
1217894400,91.40725637880006,93.24961886945776,90.64565343224255,93.10455322265624,251577600.0
1217980800,92.85793976453168,93.78637317790404,92.46625588065903,93.51799011230467,209555400.0
1218067200,92.81444416969173,93.16260957366276,91.78446338104204,92.12537384033205,246312500.0
1218153600,91.81345860517632,94.24333884929686,91.66838741111674,93.83715057373048,260811700.0
1218412800,93.90963485953414,95.3893214495579,93.73554952691026,94.8090591430664,249425800.0
1218499200,94.49716125598312,94.80180229889008,93.3728836254824,93.82260131835938,213200800.0
1218585600,93.41640796969806,94.04019997263964,92.60403180504672,93.25684356689452,256393200.0
1218672000,92.727367077729,94.497196618844,92.66208920149082,93.96044158935548,239555300.0
1218758400,94.24330354835172,94.65675214612988,93.7863474434029,94.41738891601562,181000800.0
1219017600,94.60596855510292,94.64223772176628,92.5967873219426,93.12628173828124,172275100.0
1219104000,92.42272066613116,92.61856535150962,91.77716921294842,92.11082458496094,194673700.0
1219190400,92.40096398797246,92.80715218557738,91.63935558356408,92.53878021240234,225498200.0
1219276800,91.93672551647956,93.16255029421325,91.8279235511006,92.69833374023438,180609800.0
1219363200,93.329377712678,94.04020690917967,92.69833625736092,94.04020690917967,167715300.0
1219622400,93.42368431850834,94.04021595259104,91.93673685405494,92.13257598876952,171936900.0
1219708800,92.13257011141006,92.74911277395906,91.813424670238,92.40094757080078,159117200.0
1219795200,92.51703199067698,93.44546542994694,92.3356971616352,93.30039978027344,171032800.0
1219881600,93.77183120531288,94.54068882506104,93.64852489533398,94.43189239501952,167537100.0
1219968000,94.09823283847076,94.39562450834192,93.21331830282206,93.41641235351562,189195800.0
1220313600,94.31586682424656,94.8091032958182,92.4952636601175,92.83617401123048,252364900.0
1220400000,92.75636291503906,93.20607515311738,92.0672929776609,92.75636291503906,251947000.0
1220486400,92.09630484080006,92.28489455307326,89.91303263756612,89.96380615234375,340042500.0
1220572800,89.42704253768314,90.63110235378846,88.49135459957083,90.24667358398438,289503400.0
1220832000,92.87242743393546,93.01750412994794,90.24670303951996,92.11082458496094,364075300.0
1220918400,92.19058748843364,92.37917718139272,89.07163305142032,89.37627410888672,377326800.0
1221004800,89.86228187287956,90.5948760863374,88.89032990567166,89.73897552490234,298916600.0
1221091200,88.57840874779463,91.2041326254845,88.20122933442507,91.0373077392578,375369400.0
1221177600,90.1524007050193,91.5450504998914,89.81874537086651,91.4580078125,297851200.0
1221436800,88.22298747200222,91.13885357884578,86.96089906286731,87.10596466064453,483607000.0
1221523200,85.00972643305585,88.72346401118607,84.86466085028947,88.56388854980469,581744300.0
1221609600,86.77957137428788,88.38257015618774,84.13933743540596,84.58179473876953,624095600.0
1221696000,85.62628620851036,88.3390529956653,82.54359491686664,87.09146881103516,776114700.0
1221782400,92.43239625003604,93.3807971979494,89.97385851100348,90.5501937866211,501087800.0
1222041600,90.7909614785639,91.00982500755958,87.80715505777844,88.50021362304688,249966500.0
1222128000,88.16459655355173,89.01815400357972,86.2896855970121,86.48666381835938,327470400.0
1222214400,87.07031284733573,87.54451340814926,85.93223595412746,86.76390838623047,311818400.0
1222300800,87.10678522330291,88.93792604571966,86.40642983806782,88.12084197998047,328253000.0
1222387200,86.69093341047343,88.63879699629756,86.45748165748249,88.16459655761719,285917400.0
1222646400,86.91714361431552,87.06304896568236,80.95682039946907,81.25592803955078,459562300.0
1222732800,82.8098216733968,85.21000125222506,80.63579698896744,84.61907196044922,328154400.0
1222819200,84.09378494790944,85.12973242520606,83.13079567315846,84.67012023925781,332783000.0
1222905600,83.86035101221199,83.97707970837519,81.02244998642865,81.59878540039062,365337800.0
1222992000,82.33561501604939,84.22511475214971,80.01568519625584,80.49717712402344,461798000.0
1223251200,78.16995524720751,78.51283881104602,73.4206638948835,76.39717864990234,610637500.0
1223337600,77.94382081209147,78.30129836418097,72.69844748303457,72.97566986083984,540012100.0
1223424000,71.14454418023435,74.54419397341927,70.62657286181776,71.13725280761719,725414800.0
1223510400,72.70572171140269,73.40607715705883,65.8407700515552,66.16905975341797,534485200.0
1223596800,63.29470782418535,68.5327900084167,60.97477715059136,64.56410217285156,871026300.0
1223856000,68.48169142496741,73.93862915039062,65.62190001545062,73.93862915039062,455584000.0
1223942400,76.38259415786766,76.98811177830348,70.84540574492631,72.8443374633789,546268300.0
1224028800,71.10071048796395,71.34875608482209,65.44679594396607,65.6729507446289,484627500.0
1224115200,66.59949450878433,69.13828248142647,63.13419057906426,68.40874481201172,708811200.0
1224201600,67.11019172853925,71.92514088923252,66.86215150729006,68.00022888183594,476649000.0
1224460800,69.56139524981431,72.29716070719502,68.64217649767426,72.0855941772461,321294200.0
1224547200,70.74325882504742,71.96158522719075,69.46656808166934,69.9334716796875,356502000.0
1224633600,67.99293583630941,69.93350948699944,63.85645692733277,66.12532043457031,516168000.0
1224720000,65.86996529344988,67.44576396734765,62.60163366598828,66.89131927490234,634666400.0
1224806400,61.32490812341543,65.5999974580597,61.2811376633244,63.498931884765625,545812600.0
1225065600,62.71837879896635,65.30094382416335,61.06232452638374,61.24470901489258,397288600.0
1225152000,63.71782230975356,68.75163373175205,61.66782308103088,68.40145874023438,639939500.0
1225238400,68.40874986386565,70.88917923623686,67.19042320179531,67.9053726196289,531270100.0
1225324800,69.87510058039535,70.42955063664131,67.77403459252083,70.25446319580078,414582100.0
1225411200,69.36444520631454,71.91053019715989,68.92672370357418,70.6411361694336,411394000.0
1225670400,70.60464159795845,71.26852342505563,69.9991241093614,70.84539031982422,205419400.0
1225756800,72.26803366013883,73.58120430761277,70.55362044577745,73.25291442871094,346793400.0
1225843200,72.37011332734521,73.47171644312503,69.30605824196672,70.17420959472656,387844100.0
1225929600,68.91214763891843,69.62709721200967,65.70217984618449,66.28581237792969,477721900.0
1226016000,66.86210351451854,68.57651528341827,66.02313439520589,68.47438049316406,380391000.0
1226275200,69.45929634550504,69.69274822920421,66.32957837702018,67.57708740234375,301773000.0
1226361600,66.21283153021115,67.21959137487892,64.67350680948066,65.49058532714844,418498200.0
1226448000,64.36710946340298,64.8923718972853,62.09824692116872,62.60892105102539,454330600.0
1226534400,62.83508433721306,66.92050018563106,59.887751162422965,66.51195526123047,753141900.0
1226620800,65.2279730999492,67.16124369065564,63.11960387530183,63.19256210327149,540352300.0
1226880000,63.01744909565869,64.6078411149696,62.12741799491936,62.35357284545898,415254900.0
1226966400,62.12013310968158,63.63027584926098,60.48597030323143,63.52814102172852,523811800.0
1227052800,62.67459708414086,63.37495272673997,59.03419933765999,59.457332611083984,558327600.0
1227139200,58.45782959989876,60.19413216641913,54.7517838543842,55.04359436035156,814180400.0
1227225600,56.50996453832546,59.01957489558388,54.233805919003046,58.01280975341797,718536500.0
1227484800,59.763729970230536,63.46248606743818,58.625652883683934,62.0325927734375,523305300.0
1227571200,63.68866359367168,63.8418658912481,61.14986914514011,62.49222183227539,454112400.0
1227657600,61.50002759194349,65.06746634047263,61.45625154706396,64.90696716308594,370134200.0
1227830400,64.65891298351653,65.75321934119313,64.54948680049284,65.72403717041016,118308100.0
1228089600,63.841844558976696,63.87102673437349,59.719955513520894,59.902339935302734,369927100.0
1228176000,60.894526377443135,62.36819041320027,59.85128700964881,62.20769119262695,469508400.0
1228262400,60.84345264709043,64.07530527134874,60.65377126370374,63.70323944091797,519863500.0
1228348800,62.78401697862543,64.23580110847396,61.09148962140493,62.22957229614258,444173800.0
1228435200,61.02582646608141,64.50571866062614,59.99717569225201,64.14824676513672,471905300.0
1228694400,65.90643426193344,67.39469186303648,64.25768303949575,66.38793182373047,412859300.0
1228780800,65.92830157706803,67.21228348582206,64.91424496350719,65.2936019897461,370790000.0
1228867200,65.89185736854672,66.65057738870426,64.92886764410294,65.73865509033203,396187400.0
1228953600,65.32280732028549,66.3879317105876,63.73971182301031,64.15554809570312,365061000.0
1229040000,62.41192680570238,64.97989600507769,62.156584262921285,64.9215316772461,415060400.0
1229299200,64.94342452546972,65.03826796080178,62.95179030650688,64.01691436767578,256694200.0
1229385600,67.0299072265625,67.13204203697208,64.33062055271563,67.0299072265625,377699500.0
1229472000,66.2711911135538,67.43115876035247,65.70215269154805,66.38062286376953,281819800.0
1229558400,66.67974393022106,66.87671665145882,64.35251698953526,65.14041900634766,374673300.0
1229644800,65.52948757253553,66.64738996073098,64.78667137087676,64.86022186279297,301451300.0
1229904000,65.14703107764552,65.21321976696862,62.87445735529773,64.02912902832031,243759500.0
1229990400,64.37481371263554,64.66899883856193,63.10247103884216,63.36723709106445,221625200.0
1230076800,63.58048810216171,63.88938543711677,63.24953348534604,63.73493957519531,62061600.0
1230249600,64.16150890888902,64.20564031074557,63.61727024896895,64.10267639160156,74767700.0
1230508800,64.16150543044441,64.22769972408419,62.95535191919412,63.91880798339844,127795900.0
1230595200,64.36009762413293,65.49270654705694,63.89675429455134,65.43386840820312,168256300.0
1230681600,65.5147589717711,66.90477751605054,65.36031309030815,66.36788940429688,193987200.0
1230854400,66.51498338726151,68.72136269702617,66.08105920522917,68.36833953857422,227566300.0
1231113600,68.12564300567088,68.88317135472278,67.58140429481135,68.28744506835938,240349700.0
1231200000,68.86845791552942,69.46417858126301,68.16241715326025,68.7434310913086,328260900.0
1231286400,67.6622750456106,67.8534960896766,66.33844568070869,66.68411254882812,280899200.0
1231372800,66.30905807893332,66.99303030438342,65.9486787379233,66.95626068115234,263834400.0
1231459200,67.0445171370315,67.1621877856305,62.77884811139454,65.52210998535156,330953600.0
1231718400,65.33824159471048,65.38972916395583,63.551079786196816,63.94822311401367,277858500.0
1231804800,63.78643000996149,64.63220427896617,63.39663160820549,64.06590270996094,356432300.0
1231891200,62.911237426450775,63.06568332452416,61.16084497050565,62.05075073242188,435491600.0
1231977600,61.86686426070808,62.69793159795948,60.10176007883648,62.072792053222656,532647300.0
1232064000,63.14658239752223,63.24219015685201,61.07994203985627,62.55821228027344,399237200.0
1232409600,61.94779825565027,62.55822579107279,58.873575231862745,59.25601196289063,419855200.0
1232496000,60.26357852456935,61.9551327180276,59.18245170792808,61.81539916992188,364360700.0
1232582400,60.61656902797501,61.80801540622424,59.69724467747389,60.85927200317383,427940300.0
1232668800,59.49867018257184,61.77123717275536,59.25596721921915,61.1240348815918,386800600.0
1232928000,61.477087249732286,62.77885434935776,60.90342945441805,61.54328155517578,317978800.0
1233014400,61.87424521832588,62.62441752949191,61.26381770804538,62.16843032836914,273789700.0
1233100800,63.54370148073995,64.68366033115345,63.30099850075961,64.27180480957031,330007000.0
1233187200,63.33045161995374,64.34538424884458,62.124297848420746,62.183135986328125,294392500.0
1233273600,62.49939977160544,62.808291657076445,60.46217221741912,60.91815948486328,383383600.0
1233532800,59.99144849342368,61.1755390788306,59.80022739716027,60.7342643737793,288233300.0
1233619200,61.11671230417276,62.04339328463779,60.46950965732365,61.58740615844727,278385800.0
1233705600,61.99927425666287,62.7862161562168,61.07259317504806,61.2858772277832,322989300.0
1233792000,60.822559495506496,62.72740443150317,57.16732682253748,62.197872161865234,417679400.0
1233878400,62.41111817882759,64.23505531435889,62.278735192288,63.97029495239258,366101700.0
1234137600,63.955584049692696,64.52924180053422,63.4848902227913,64.05854797363281,240075200.0
1234224000,63.44808380844616,64.00703455737985,60.63862895488642,61.1240348815918,536212800.0
1234310400,61.374146409563366,61.81542698224738,60.60191662959748,61.484466552734375,324442500.0
1234396800,60.43274038912837,61.64625038154785,59.60902886835017,61.52857971191406,469302200.0
1234483200,61.44766734648369,61.955130783116125,60.85194110444398,60.86665344238281,293998400.0
1234828800,58.95446038226528,61.01374445982162,58.22635113877039,58.263126373291016,478910100.0
1234915200,58.682329692546446,58.79264976893459,57.571783982833566,58.12337875366211,362964800.0
1235001600,58.7191289180138,58.94712535380645,57.38059182366262,57.498268127441406,316867500.0
1235088000,56.43184083422079,57.61592611599694,55.72579438945883,56.93930435180664,477176600.0
1235347200,57.56444167990624,57.56444167990624,54.8579491280365,54.90208053588867,379641400.0
1235433600,55.37277387098032,57.32909419275159,54.93884963315069,56.98343276977539,426260900.0
1235520000,56.73337317655204,57.674760899989394,55.622827216350096,56.5348014831543,461985800.0
1235606400,57.23349194362205,58.59409170177606,55.54928801836248,55.615482330322266,363353900.0
1235692800,54.43138910338302,55.66696196739271,54.28429375581415,54.37255096435547,470510900.0
1235952000,53.335539496401424,54.36518428590757,51.75430549624889,51.923458099365234,426452600.0
1236038400,52.66626560002053,52.73245427470254,51.21740920234418,51.53365707397461,443761000.0
1236124800,52.38680576283526,53.59295942600672,51.53366967316545,52.75453567504883,462753100.0
1236211200,51.55572655675388,52.75452952185635,50.13628903672558,50.5996322631836,485549400.0
1236297600,51.04090075538707,51.813130020057486,49.349341318488754,50.6878776550293,490470000.0
1236556800,49.974486834801006,51.48218153859044,49.812690406157074,50.0921630859375,379905300.0
1236643200,51.12181247143096,53.22522795664447,51.01884854791251,53.07813262939453,406227900.0
1236729600,53.68856357531244,54.24015840656565,52.8280769852245,53.42379760742188,356648300.0
1236816000,53.4091102246219,55.711098134122935,52.93106007550547,55.5272331237793,409702700.0
1236902400,55.9023147742667,56.61571185421919,54.96092689556772,55.96114730834961,337474700.0
1237161600,56.60095443915563,57.34377000017822,55.755175011588506,55.79195022583008,360644900.0
1237248000,55.94644694082743,57.63065116363504,55.490459680357134,57.498268127441406,356814300.0
1237334400,57.226120720989215,59.49869424121118,56.68188208310132,58.78529739379883,473273200.0
1237420800,59.52076880231926,59.57225076989808,57.87334022868328,58.05720520019531,428520400.0
1237507200,58.3394245908649,58.45053432258368,56.687607562544166,56.82093811035156,371078200.0
1237766400,58.32461743137023,60.95419039925625,58.00610582386243,60.902339935302734,419933300.0
1237852800,60.17638274338364,61.0059951969066,59.63565768852718,59.70232009887695,330271000.0
1237939200,60.16900426150754,61.25786363617954,58.56162912015638,60.33195877075195,441775100.0
1238025600,60.9245121745344,61.70227416493096,60.23563904486871,61.5615348815918,422025200.0
1238112000,60.77640942851392,61.131953801162496,60.22826957282716,60.45048904418945,322332300.0
1238371200,59.10978143219579,59.16163188962869,57.74684624195456,58.36164855957031,324108500.0
1238457600,58.93198864141654,60.05789207616214,58.55422354078408,58.90235900878906,364238300.0
1238544000,58.16903397312354,60.30972511398582,58.02089148671505,60.04306411743164,377018300.0
1238630400,61.53933939408196,62.67264599105518,60.0949244822091,61.79859161376953,476230700.0
1238716800,61.84307974086468,62.42825270606264,61.23568594745191,62.4134407043457,284646300.0
1238976000,61.731955403470245,62.42823799696565,60.95419834281019,61.92454528808594,264866600.0
1239062400,60.92455108279,61.22084182317424,60.37641688640846,60.48011779785156,258947800.0
1239148800,60.783801610758914,61.43564226156055,60.39862766814649,61.13194274902344,230402800.0
1239235200,62.71711360153939,63.56894752028565,62.46527009842456,63.56153869628906,269653500.0
1239580800,62.90228197040488,64.10225690864738,62.650438518025695,63.57634353637695,224847500.0
1239667200,62.98375306143054,63.5244840014187,62.28006760857638,62.48006057739258,276598800.0
1239753600,62.102282329085575,63.27262732048063,61.93191901527351,63.146705627441406,250726100.0
1239840000,63.65041934353208,64.5541036100466,62.79117671265724,64.0726318359375,335202900.0
1239926400,64.31704683916632,64.92444010955606,63.80594562521711,64.50222778320312,262649000.0
1240185600,63.361519404096185,64.48001401049063,61.7319235279787,61.79859161376953,293690100.0
1240272000,61.34675384409566,63.05782426343507,61.29490339657856,63.00597381591797,114090900.0
1240358400,62.43563425450987,63.954115248979946,62.27267405042669,62.62081527709961,340395200.0
1240444800,62.74673040120378,63.272643771762105,61.94674711164645,63.23561096191406,324903700.0
1240531200,63.72446437527359,64.67258988694483,63.47262100866821,64.19112396240234,287703000.0
1240790400,63.46520068964508,64.45036447144751,63.361499833799854,63.58371353149414,289581600.0
1240876800,62.93934038426612,64.13931005163938,62.783788970024304,63.38377380371094,247926300.0
1240963200,64.08740285054164,65.45033720182781,63.92444840697069,64.7318344116211,311505700.0
1241049600,65.59111880261257,65.93925436920277,64.38373494905242,64.75409698486328,301419800.0
1241136000,64.76891792742946,65.33927300504492,64.23559566451416,65.10224151611328,236110300.0
1241395200,65.59112599111015,67.3614562642043,65.46519859016347,67.31700897216797,287120000.0
1241481600,67.08736419677734,67.35402525605852,66.5466332567697,67.08736419677734,243036300.0
1241568000,67.90956524126092,68.29473917058039,67.11699091925045,68.25029754638672,291941000.0
1241654400,68.89471940559959,68.99842028126086,66.87254102765694,67.30216217041016,317728000.0
1241740800,68.1688141486287,69.05027732738174,67.73178979527094,68.87250518798828,299081700.0
1242000000,67.92438867355459,68.22808822676632,67.43551377125301,67.58365631103516,247923600.0
1242086400,67.87253423640493,68.02068241876864,66.55404649538211,67.38365936279297,282431300.0
1242172800,66.47258184607804,66.67258052589968,65.5540855072046,65.68741607666016,269619100.0
1242259200,65.71702881154579,66.75404345702037,65.5540686406644,66.25035095214844,260098700.0
1242345600,66.19852116819187,66.66517536126099,65.29483677575713,65.70964050292969,271502700.0
1242604800,66.33181673418048,67.6577073267531,65.60590494349714,67.57623291015625,241447400.0
1242691200,67.53920022812746,68.12437274222731,67.26513037176947,67.49475860595703,206102200.0
1242777600,68.10956156589386,68.73918141320468,66.96885171255947,67.04292297363281,285722200.0
1242864000,66.26515991927796,66.51700898585425,65.37629349303499,66.0799789428711,258988400.0
1242950400,66.2651444941809,66.66513598826332,65.6873808864864,65.93922424316406,166811900.0
1243296000,65.4503747403247,67.82068933950558,65.42074510142547,67.62810516357422,236318500.0
1243382400,67.73178433007448,67.96140689373283,66.31699919602397,66.42070007324219,246015800.0
1243468800,67.00590150280311,67.65773667726735,65.99851627327341,67.34663391113281,289095000.0
1243555200,67.71696547738914,69.40581476330591,67.16883147172422,68.53916931152344,258641500.0
1243814400,69.38362231640886,70.4947084219824,69.20585012187442,70.19841766357422,276246800.0
1243900800,69.92432882856097,70.64283182881736,69.798407137105,70.25765228271484,230874500.0
1243987200,69.65768684454167,69.72434929308388,68.70956101232535,69.36880493164062,235310500.0
1244073600,69.62805470371994,70.12433841817436,69.10955017388329,70.02063751220703,210102300.0
1244160000,70.73174589752168,70.86507646754988,69.47992595527097,70.03546905517578,284257900.0
1244419200,69.50952209021189,70.44283570636621,68.91694641189873,69.7465591430664,238565100.0
1244505600,70.13913500631867,70.47245843953667,69.64284578957844,70.10209655761719,225125500.0
1244592000,70.72432248566876,70.73172565596305,69.02806402789744,69.9243392944336,296100400.0
1244678400,70.05768617380312,71.19099313353176,70.04286852720689,70.23545837402344,275414200.0
1244764800,69.92432427827706,70.4724582799197,69.62803364315778,70.42801666259766,184361800.0
1245024000,69.59841316335883,69.64285478652282,68.44288575089868,68.81324768066406,224190500.0
1245110400,69.05767460791665,69.10211622251977,67.83547934486953,67.87992095947266,227319000.0
1245196800,67.85031863761792,68.39104965508042,67.27996363268075,67.81328582763672,223445200.0
1245283200,67.91694955673486,68.64285552926027,67.59102936017989,68.30953216552734,211725100.0
1245369600,68.96361439948957,69.05299976163984,68.17400770689864,68.56136322021484,215655600.0
1245628800,67.89095465018491,67.928202345401,66.48307815566221,66.50542449951172,251913600.0
1245715200,66.64696247449672,66.95237199538892,66.18511717191751,66.55757141113281,188309800.0
1245801600,67.16093104540771,67.8462452765162,66.74377855774252,67.13113403320312,211577700.0
1245888000,66.79592431737905,68.65819502333831,66.7214346257805,68.59115600585938,279411000.0
1245974400,68.36021017874286,68.71031787632181,67.98775614867122,68.412353515625,167579000.0
1246233600,68.61348546507608,69.14236953347122,68.23358074322685,69.052978515625,168481300.0
1246320000,69.06786020982989,69.3211261635413,67.9877403634826,68.49427795410156,228888200.0
1246406400,68.78479636688382,69.44776966120752,68.68796038075395,68.77735137939453,173041100.0
1246492800,67.88346294888072,68.79970227538053,66.86294264183927,66.90018463134766,212309900.0
1246838400,66.25214725526901,66.98960489471612,66.04357383669401,66.89276885986328,174499600.0
1246924800,66.82568731163984,66.90762763564454,65.55189547919808,65.59658813476562,197088900.0
1247011200,65.99141879645917,66.14785452936088,64.80701741305265,65.55192565917969,248050500.0
1247097600,66.00628912492238,66.22231309676461,65.48485587095578,65.67852783203125,163777600.0
1247184000,65.32842469838339,65.916902658675,65.06770805349385,65.52210235595703,173520300.0
1247443200,65.78283986584862,67.1683695418058,65.24650506442025,67.11622619628906,217413500.0
1247529600,67.324800511786,67.55572591644615,66.84061473235974,67.49613189697266,181487400.0
1247616000,68.38999574514116,69.6563426455111,67.54825182390911,69.4701156616211,220877900.0
1247702400,69.27644284542082,70.40125549796956,69.1423591803276,69.35838317871094,231174500.0
1247788800,70.06605124250831,70.25972893199514,69.6787015467322,70.11819458007812,138561700.0
1248048000,70.52788421433263,70.98227851385604,70.16288091384871,70.86309051513672,164179400.0
1248134400,71.41434691230764,71.43669324766047,70.33422667693532,71.19087219238281,217718300.0
1248220800,70.73647324592866,71.60801436822547,70.6843299057023,71.17597198486328,196068100.0
1248307200,71.22067005938668,73.06059413493296,71.1610760422617,72.74773406982422,258795500.0
1248393600,72.40505584581007,73.10527118945312,72.02515685498834,73.0456771850586,154003100.0
1248652800,72.9116109942549,73.29896643247442,72.50935989296468,73.26171875,159259400.0
1248739200,72.74772644673983,73.27661050610723,72.30077704833566,72.91905212402344,186685200.0
1248825600,72.58382728683048,73.06801287322028,72.24117033626707,72.7402572631836,194399300.0
1248912000,73.61923374340545,74.36414148780936,73.44790246158671,73.50004577636719,225575400.0
1248998400,73.48521062340352,74.09603524938669,73.2840821842336,73.6043930053711,207358000.0
1249257600,74.37906666971672,74.88560436432876,73.97681564606621,74.81856536865234,175776900.0
1249344000,74.48335352104323,75.1165242200422,74.32692351422212,75.01223754882812,176714600.0
1249430400,75.0643958508782,75.13144054328177,74.17795896881957,74.79623413085938,184726400.0
1249516800,75.13887158949025,75.25060324231336,74.05875158555865,74.40885925292969,193203800.0
1249603200,75.19106299656958,76.00301050326733,74.78136106361161,75.38473510742188,220640900.0
1249862400,75.04203683882471,75.39959521045066,74.69192913914031,75.22826385498047,130898700.0
1249948800,74.89307724191885,74.94522059286018,74.08857495608189,74.28970336914062,157301000.0
1250035200,74.16303338149504,75.65284927543071,74.12579139406462,75.08672332763672,219052400.0
1250121600,75.42938916581555,75.69010584125472,74.68448113130518,75.66030883789062,176449500.0
1250208000,75.6230797429629,75.68267376433293,74.2673470143876,75.07929992675781,199616100.0
1250467200,73.63415407494108,73.70864373770642,73.0829237506412,73.23190307617188,237667500.0
1250553600,73.39581853727552,74.07368786113538,73.26173480745706,73.8129653930664,173461500.0
1250640000,73.23193678947872,74.71430847196451,73.15744709242105,74.4610366821289,192812800.0
1250726400,74.55784546018027,75.39959521045066,74.39397045984913,75.22826385498047,174131300.0
1250812800,75.8465330608974,76.82236073164357,75.69755373274582,76.70317840576172,224605000.0
1251072000,77.01604280540468,77.43318949462206,76.42011409235351,76.69573211669922,191279000.0
1251158400,77.00114894521914,77.66411667030938,76.68083824902517,76.84471893310547,215310600.0
1251244800,76.60632898190642,77.20225760065247,76.34561234240371,76.8521499633789,194620700.0
1251331200,76.80745928857584,77.26185359337892,75.93591834980144,77.02348327636719,196230100.0
1251417600,77.64179015162998,77.73117550525016,76.47972940577677,77.00861358642578,147024400.0
1251676800,76.25624895865641,76.41267898734635,75.824200869971,76.32328796386719,176051600.0
1251763200,75.94338264171697,76.90431482483213,74.48336336849336,74.6397933959961,321276800.0
1251849600,74.32693059359882,74.8185726760329,74.17050057187829,74.35672760009766,171805000.0
1251936000,74.78877145639262,75.06438380538432,74.18539205437804,74.9749984741211,143572300.0
1252022400,75.12397626581998,76.04766066340967,74.90050725907273,76.02531433105469,142687900.0
1252368000,76.72553983857168,76.76278751953959,76.27114541011457,76.68084716796875,132909100.0
1252454400,76.81493841262555,77.53004962854713,76.57656800731837,77.26933288574219,154612500.0
1252540800,77.32146437366696,78.11106515452737,76.88941630432157,78.05892181396484,162902400.0
1252627200,78.20791759377391,78.43884302180649,77.67903340461389,78.04403686523438,152360100.0
1252886400,77.38103220081327,78.55798807103652,76.83725260519628,78.42390441894531,149593800.0
1252972800,78.55054250459854,79.04218448861073,78.03655987418195,78.75167083740234,196795900.0
1253059200,79.03476117025542,79.95844577368693,78.75914876552757,79.94355010986328,206406300.0
1253145600,79.83179343821944,80.49476114045407,79.38484974998896,79.82434844970703,229170900.0
1253232000,80.19710350562193,80.2045896684136,79.60582227099889,79.8752670288086,153799100.0
1253491200,79.25403070106769,80.08481758328583,79.08188896382562,79.67316436767578,151892000.0
1253577600,80.14469319230483,80.36174618075263,79.78543169515417,80.13720703125,143126700.0
1253664000,80.32433197143513,80.85573527298907,79.32888369614591,79.4710922241211,225947400.0
1253750400,79.6432301839931,79.81537191916203,78.25110113921848,78.59539031982422,228636800.0
1253836800,78.42323855585678,78.85734451586393,77.90680195825283,78.1762466430664,204059000.0
1254096000,78.47562759590676,79.74800649993587,78.46066098515534,79.57585906982422,118285800.0
1254182400,79.71807904327552,80.09978763018911,79.17170345278915,79.33636474609375,133733900.0
1254268800,79.60579439798796,79.68063886889163,78.3034823314093,79.02947998046875,254383000.0
1254355200,77.09098762314689,79.13427553577327,77.05356252951407,77.06853485107422,281840600.0
1254441600,76.35750655897297,77.16584070533628,76.33505378439646,76.70928192138672,224748800.0
1254700800,77.01611836687509,78.07892444499487,76.79157929785679,77.85438537597656,149875000.0
1254787200,78.41575802009207,79.41869235445668,78.37085247282444,78.96961975097656,202491100.0
1254873600,78.78999699496036,79.2690143096291,78.64030800993615,79.18668365478516,159200300.0
1254960000,79.74798692455587,80.21202597741953,79.22406431258386,79.79289245605469,183305800.0
1255046400,79.81535884419353,80.27940368652344,79.60579204774355,80.27940368652344,135008300.0
1255305600,80.65364312630412,80.9006293368352,80.29438163148151,80.59376525878906,118031000.0
1255392000,80.37668545940576,80.6161911393031,79.90516025812016,80.4290771484375,157692700.0
1255478400,81.37214959575569,81.89606659124307,80.39915436383113,81.81373596191406,191421600.0
1255564800,81.41704904126318,82.11311340332031,81.3796296645389,82.11311340332031,173873600.0
1255651200,81.43203133592218,81.78380092950314,81.00541155919008,81.4993896484375,192069400.0
1255910400,81.63412237003081,82.42748416202028,81.37964998779569,82.17301177978516,159530400.0
1255996800,82.29276288974985,82.32270182515894,81.34222595915003,81.73890686035156,180921100.0
1256083200,81.61167225006444,82.56220919909576,80.94554662753244,81.00542449951172,225379300.0
1256169600,80.97548800665848,82.09068628214573,80.45905133822494,81.82872772216797,238444000.0
1256256000,82.0981498249717,82.15054152253275,80.55632640625109,80.89313507080078,240033200.0
1256515200,80.98298270373347,81.81376979028241,79.79293973181001,80.0174789428711,242028200.0
1256601600,80.1072774923025,80.3767222191991,79.45612416085942,79.65071868896484,253266300.0
1256688000,79.44860548024913,79.69559733052085,78.1013823971907,78.14629364013672,248821400.0
1256774400,78.73008517117604,79.9800052683831,78.54297117900975,79.82283020019531,198110600.0
1256860800,79.56089052658785,79.8003962646644,77.42030549428674,77.51011657714844,325608100.0
1257120000,77.93676331869962,78.89479231276383,77.1508875204002,78.07897186279297,254222900.0
1257206400,77.64484510570418,78.43821256596453,77.49515614881534,78.32594299316406,228362600.0
1257292800,78.96960721908887,79.58334101217923,78.32593449581519,78.52801513671875,247996700.0
1257379200,79.08186020327172,79.99497168626282,78.91719897691182,79.97251892089844,180015300.0
1257465600,79.53096038369253,80.38420002676469,79.37378526104953,80.18211364746094,170954100.0
1257724800,80.79584544384501,82.05325210285284,80.73597328695337,82.00834655761719,159495700.0
1257811200,81.81373337931883,82.27777821086426,81.55926104961982,82.02330017089844,171899800.0
1257897600,82.56221678052651,82.94393111161084,82.04578579052045,82.44246673583984,169466200.0
1257984000,82.33019051444357,82.75681036415315,81.39462016768854,81.60418701171875,157144500.0
1258070400,81.81374343835923,82.39753834675652,81.39460980366732,82.04576873779297,150963000.0
1258329600,82.61459691194446,83.5950784597899,82.56969136526698,83.2358169555664,210922200.0
1258416000,83.01878717702847,83.3705626184152,82.70443684184991,83.33313751220703,147134100.0
1258502400,83.2732507494562,83.40048695184453,82.75681406765024,83.28073120117188,156486800.0
1258588800,82.71190172730759,83.31066330071918,81.67902844847367,82.19546508789062,208734600.0
1258675200,81.76884972184398,82.15056402880278,81.58922181103269,81.90357208251953,134196000.0
1258934400,82.86910233247511,83.63252542912556,82.77928549922868,82.9439468383789,148010200.0
1259020800,83.07863789424583,83.22832684958787,82.33766785784775,83.07115173339844,138420100.0
1259107200,83.20590770602843,83.45289972140858,82.94394907317216,83.36308288574219,109564800.0
1259280000,81.13265416391557,82.56968871413376,81.05032352413839,82.00834655761719,126001800.0
1259539200,81.94098154826874,82.47986517789326,80.92308073075479,82.28527069091797,160874800.0
1259625600,83.01879788762625,83.57265983756199,82.87659502828186,83.30321502685547,159613700.0
1259712000,83.28824562998383,83.83462143489002,83.01880080979318,83.26579284667969,132315100.0
1259798400,83.49028389157705,83.9618091995089,82.5472275654462,82.61458587646484,167324900.0
1259884800,83.70733488358711,84.1115018985513,82.36011721064052,83.08612060546875,274907800.0
1260144000,83.01126734202305,83.47530646134716,82.69691144571087,82.95886993408203,127973800.0
1260230400,82.36012069523852,82.9064905219098,81.783806225154,82.03828430175781,169863700.0
1260316800,82.0158597394399,82.46493247055065,81.59672024150288,82.34517669677734,155063400.0
1260403200,82.85408675142445,83.16844264854359,82.66697272921232,82.8091812133789,138014600.0
1260489600,83.16098022460938,83.34809430022766,82.78675207337282,83.16098022460938,124854000.0
1260748800,83.72980499267578,83.82710225209327,83.17594324140279,83.72980499267578,107141500.0
1260835200,83.42290679038945,83.76719587223793,83.07861770854095,83.340576171875,120408800.0
1260921600,83.67740700920089,83.9243932200171,83.2807204191565,83.46783447265625,155358200.0
1261008000,82.8690641537617,83.02623925682828,82.39005268433961,82.46489715576172,183390100.0
1261094400,82.92393868291451,82.99919186100436,82.23165307617492,82.93146514892578,174591200.0
1261353600,83.34530676475592,84.05263932572892,83.34530676475592,83.77422332763672,118039600.0
1261440000,83.95485584193501,84.255851365226,83.84950826993499,84.07525634765625,91707500.0
1261526400,84.27839501250894,84.36116889546274,83.90215217763166,84.24076843261719,111783100.0
1261612800,84.42138870676513,84.72990491759352,84.27841455922851,84.63961029052734,39677500.0
1261958400,84.95565337073043,85.02337434135167,84.51921020113335,84.82020568847656,87508500.0
1262044800,85.0383899941014,85.05343717841703,84.69224734475289,84.69976806640625,80572500.0
1262131200,84.45147718051315,84.7675198136737,84.40632413219694,84.66969299316406,73138400.0
1262217600,84.85778064333712,84.88036002901084,83.81935280166927,83.85697937011719,90637900.0
1262563200,84.5568121781178,85.32434499347764,83.9096740780453,85.2791976928711,118944600.0
1262649600,85.22653543105451,85.5425780599743,84.91801352591102,85.50495147705078,111579900.0
1262736000,85.42214281462789,85.77581188250312,85.35442188214533,85.56511688232422,116074400.0
1262822400,85.40708334380072,86.03164753376015,85.16628827238361,85.92630004882812,131091100.0
1262908800,85.70058980427461,86.24990685215928,85.52752132057812,86.2122802734375,126402800.0
1263168000,86.59604092088719,86.63366175484568,85.96395005568611,86.33267211914062,106375700.0
1263254400,85.7608032340151,85.94139820945486,85.19643891238142,85.52753448486328,163333500.0
1263340800,85.7457538613096,86.49071893030164,85.30931646430706,86.24992370605469,161822000.0
1263427200,86.15212725845296,86.64124434484107,86.0994534639812,86.48322296142578,115718800.0
1263513600,86.33267875169874,86.41544688916983,85.18137091674075,85.51246643066406,212283100.0
1263859200,85.49745593233321,86.6337055863155,85.47487653132313,86.5810317993164,139172700.0
1263945600,85.99403802491253,86.12195917612536,85.01581036498037,85.70056915283203,216490200.0
1264032000,85.72315406332326,85.98652286249157,83.94728767320377,84.0526351928711,344859600.0
1264118400,83.67639987643315,84.08274280612169,82.0886547356354,82.178955078125,345942400.0
1264377600,82.93142197808938,83.08192251491296,82.3294370538204,82.60032653808594,186937500.0
1264464000,82.27677744711437,83.12708989792152,82.05103519882802,82.25420379638672,211168800.0
1264550400,82.14885689922738,82.8336215952999,81.51677170993881,82.64550018310547,271863600.0
1264636800,82.9164013405275,82.96154864552422,81.20073485852865,81.69737243652344,316104000.0
1264723200,82.05106643271957,82.62295734656102,80.6815422708183,80.80946350097656,310677600.0
1264982400,81.38134196849997,82.07362753984522,80.8922250409802,82.06610107421875,187865000.0
1265068800,82.21657650967701,83.21737797316113,81.93062831353063,83.05935668945312,216327900.0
1265155200,82.68312102093842,83.134617003013,82.40470500513698,82.64550018310547,172730700.0
1265241600,82.00588039237114,82.04350122647097,80.07951341876745,80.09456634521484,356715700.0
1265328000,80.1848862913215,80.42568152152624,78.6949675984957,80.26013946533203,493585800.0
1265587200,80.32032153185341,80.76429107753295,79.62050960538348,79.68070983886719,224166900.0
1265673600,80.613807101602,81.38134588411936,79.96666881085656,80.68153381347656,337820500.0
1265760000,80.55360628513533,80.96747002589821,79.84626780392581,80.52350616455078,240511500.0
1265846400,80.41817434093853,81.45660286964869,79.9516309921494,81.36630249023438,223591600.0
1265932800,80.50843365201384,81.3436931367927,80.14724377487191,81.29854583740234,304622100.0
1266278400,81.91556603456755,82.66052501793156,81.13298048253523,82.57775115966797,159317500.0
1266364800,82.97660641781128,83.0819597112594,82.57778986344076,82.96908569335938,168845100.0
1266451200,82.83361884299862,83.63125176707705,82.80351872912645,83.45818328857422,193708600.0
1266537600,83.2399812723047,83.95484048598222,83.04433335679919,83.63127136230469,222684900.0
1266796800,83.93979315999199,83.96236681539622,83.39800246624615,83.64632415771484,132346900.0
1266883200,83.42057502127678,83.67641743383145,82.41224107877018,82.63046264648438,207497000.0
1266969600,82.87878186125987,83.52592007971691,82.66808676520608,83.39047241210938,176350700.0
1267056000,82.20153315069358,83.33778812218999,81.97579089383996,83.277587890625,259634700.0
1267142400,83.35282725047601,83.61620180285554,82.85618974060819,83.33025360107422,173589300.0
1267401600,83.67640833017174,84.27839919223469,83.65383467752119,84.19562530517578,147709700.0
1267488000,84.55681333539316,84.83522934762362,84.27839158215286,84.42888641357422,160992400.0
1267574400,84.64711877647872,85.00831445555298,84.2934495622422,84.504150390625,150785000.0
1267660800,84.61703561011763,84.88041026310735,84.30099291574399,84.760009765625,135770400.0
1267747200,85.30928847964302,86.03919463735319,85.1061141671082,85.97147369384766,176118800.0
1268006400,85.97900576682811,86.17464788817114,85.83603166653096,85.98652648925781,114631200.0
1268092800,85.73070008028533,86.52833312283968,85.685552773276,86.1295166015625,154556700.0
1268179200,86.16714763795495,86.7465591582246,86.0919002087137,86.51329040527344,186088800.0
1268265600,86.3101244447264,86.89706822844958,86.04675554620334,86.8744888305664,160791100.0
1268352000,87.25068188439133,87.26573480770962,86.64117053318755,86.88196563720703,162074800.0
1268611200,86.73153349467357,86.9648023055197,86.2348900045998,86.90460205078125,146816800.0
1268697600,87.14536678170533,87.6796309379561,86.90457158816965,87.59686279296875,168673000.0
1268784000,87.8602236209119,88.40201419217702,87.60437552181014,88.1160659790039,177468100.0
1268870400,88.12361188634594,88.24400662818553,87.71726886824167,88.07093811035156,196509100.0
1268956800,87.6251220703125,88.6224932281486,87.28510563819593,87.6251220703125,226641100.0
1269216000,87.12647277486182,88.25229816540167,87.07358207471025,88.09362030029297,184477800.0
1269302400,88.22204186788109,88.78873020455747,87.93491608792121,88.71317291259766,182941600.0
1269388800,88.3806850800272,88.72825312138484,87.33042349982809,88.28245544433594,196072600.0
1269475200,88.87941622803781,89.28743261208378,88.03316514822674,88.13894653320312,223396300.0
1269561600,88.30513391956015,88.72070180084314,87.73844572855121,88.08601379394531,205808500.0
1269820800,88.53183329273202,88.8038441702518,88.1691559658071,88.64517211914062,134513500.0
1269907200,88.75094540319085,89.03051371424895,88.33537743041177,88.70561218261719,145772500.0
1269993600,88.36562269739906,88.79630571821829,88.10872668289265,88.40340423583984,161078700.0
1270080000,89.00785827636719,89.34786900265163,88.4789456564607,89.00785827636719,161215200.0
1270425600,89.34784283948638,89.7936348062832,89.09849863874373,89.73319244384766,105847600.0
1270512000,89.47628362435849,90.10341992221788,89.37805974919326,89.94474792480469,110384200.0
1270598400,89.76346650475386,90.1865921007328,89.01543348587896,89.4310073852539,184576300.0
1270684800,89.12118937386563,89.89188879124698,88.8567359520788,89.74076843261719,158704000.0
1270771200,89.92965929790844,90.36789966532616,89.76343556011558,90.3301239013672,133006500.0
1271030400,90.44345451972366,90.70791368356664,90.33767316004716,90.4736785888672,110279000.0
1271116800,90.3830073512271,90.70035141342134,89.9145429513322,90.54167938232422,125043600.0
1271203200,90.87415559051028,91.56929779052734,90.73059843918364,91.56929779052734,161609000.0
1271289600,91.41815117985436,91.85639149733623,91.38792711333996,91.64482879638672,144615300.0
1271376000,91.31994599946572,91.64484757525676,89.72566219321824,90.1865692138672,366786700.0
1271635200,89.92214695837036,90.61728357768268,89.51413048234241,90.526611328125,217947800.0
1271721600,91.09325807107882,91.41060791641974,90.57190872841862,91.33504486083984,157708000.0
1271808000,91.38793766156792,91.59950615158849,90.66257727545322,91.1688232421875,192910100.0
1271894400,90.52660770070352,91.55420342923028,90.00525813943707,91.44086456298828,115360300.0
1271980800,91.3804029638255,92.07553940922897,91.14616781889924,92.03775787353516,177335500.0
1272240000,92.06794718497147,92.27195817724022,91.59948860131148,91.69015502929688,143457300.0
1272326400,91.16126139969693,91.68261072938378,89.34785763928843,89.52164459228516,355853300.0
1272412800,89.95232169489542,90.42833777346463,89.36296104306759,90.20166015625,300674100.0
1272499200,90.74570043510217,91.50884242059462,90.72303382166268,91.3199462890625,193775000.0
1272585600,91.33503255207006,91.43326220522528,89.74830659780781,89.7709732055664,270000900.0
1272844800,90.20167531512357,91.18393746859309,90.06566987486859,90.9345932006836,182747900.0
1272931200,89.9221357658954,89.93724492328052,88.34296076275285,88.79631042480469,360353400.0
1273017600,88.07093379194401,89.00786278969217,87.62514167200395,88.26738739013672,328973200.0
1273104000,87.84424087823261,88.40337170052675,79.33635921842144,85.33570098876953,647356600.0
1273190400,85.10901900393235,85.9628272269141,82.66848483092697,84.06631469726562,637558800.0
1273449600,87.50424045517956,88.13893444262598,86.82421900637226,87.7686996459961,396159600.0
1273536000,86.94511750764062,88.67540688993984,86.82422697229656,87.51936340332031,317849800.0
1273622400,87.86689530204703,88.87182376297035,87.71577498951129,88.74337005615234,235607100.0
1273708800,88.50159398040944,88.9171676841238,87.56467098844118,87.64022827148438,234452500.0
1273795200,86.98288398344728,87.14155602623315,85.28281897047482,86.05351257324219,345601400.0
1274054400,86.28775784176946,86.52954467989825,84.45168705812955,86.09886169433594,325739800.0
1274140800,86.80150351105159,87.05840511503554,84.64808987532352,84.92765808105469,360556800.0
1274227200,84.45168926878709,85.2072738782998,83.3863179669938,84.44413757324219,394742700.0
1274313600,82.64581133033937,83.0311609498984,81.20264826830598,81.25553894042969,530418300.0
1274400000,80.02395775465448,82.645831146763,79.60838397071602,82.44182586669922,500909400.0
1274659200,81.99600120210593,82.65336158232424,81.30842252443772,81.38397979736328,269823000.0
1274745600,79.41948408801169,81.50489883892405,78.867904888568,81.46711730957031,396505200.0
1274832000,81.96579447501614,82.71382138247706,80.73418827033821,80.9759750366211,349719300.0
1274918400,82.50227773036777,83.71876930039556,82.19248530207317,83.68854522705078,300870500.0
1275004800,83.59788031811837,83.65832847009447,82.2453831820819,82.63829040527344,297933500.0
1275350400,81.86758016365911,83.07651422167967,81.1271105751569,81.24800109863281,277909400.0
1275436800,81.66356722125546,83.3711838959587,81.23288432334864,83.36363220214844,240243700.0
1275523200,83.60540073618364,83.91518728966464,82.79692579682767,83.6507339477539,226618300.0
1275609600,82.0640527531654,82.60807464641722,80.43954453433112,80.71155548095703,398475600.0
1275868800,80.99864500079819,81.308437370403,79.64615400392545,79.70659637451172,264609100.0
1275955200,79.76705874093977,80.71909686450654,79.07192235564132,80.5604248046875,357774300.0
1276041600,81.02888719644984,81.81469583638959,79.78972897010522,80.12974548339844,268023300.0
1276128000,81.49735632066249,82.5702850810404,80.12219256400337,82.47206115722656,317890600.0
1276214400,81.74670098938017,82.92541113901338,81.69381029714415,82.87252044677734,214128200.0
1276473600,83.50719286376192,83.96054815626641,82.66094194901113,82.74405670166016,207196100.0
1276560000,83.3258591093285,84.70102269137975,83.18229620727652,84.6254653930664,238268700.0
1276646400,84.18723660596196,84.94282122263292,84.02100706794984,84.59525299072266,216374000.0
1276732800,84.8370283190418,84.87480985060697,83.90766259492342,84.73124694824219,263185800.0
1276819200,84.89903690164164,85.12678725500407,84.54981505948908,84.8231201171875,174006600.0
1277078400,85.8783656023312,85.93909554513033,84.10947642055065,84.58016967773438,213140700.0
1277164800,84.58018171481095,84.95217800773982,83.06182287925556,83.18328857421875,239355400.0
1277251200,83.2364161338317,83.53249559086773,82.35577117733635,82.92515563964844,254639900.0
1277337600,82.5152170624812,82.62150172313049,81.33848658690454,81.55105590820312,268523600.0
1277424000,81.7939650458209,82.31020713135558,81.05756029815313,81.89266204833984,238726500.0
1277683200,82.0141340001011,82.23429667912512,81.33846492644169,81.6345443725586,169218600.0
1277769600,80.48817187228784,81.61935298926333,78.61300421528435,79.11405944824219,373649500.0
1277856000,78.89391866401787,79.62273016346371,78.10437142493183,78.36249542236328,284101700.0
1277942400,78.30934698462247,78.56746516982383,76.77580153486426,78.01326751708984,382924800.0
1278028800,78.27897542655927,78.51431914809754,77.14779992977694,77.58811950683594,233385200.0
1278374400,78.68134439853293,79.23554785161316,77.34518717122273,78.0967788696289,256935300.0
1278460800,78.2941838654337,80.6552326979101,78.21067365267754,80.5565414428711,253769400.0
1278547200,81.23217387329738,81.44474312118668,80.4046713308601,81.35364532470703,210842100.0
1278633600,81.33086316918563,81.96857668992095,81.17902965057495,81.96098327636719,144999900.0
1278892800,81.68768234466233,82.1735565787122,81.34605401487275,82.01412963867188,131283600.0
1278979200,82.86441912037247,83.57804370108352,82.69739875294705,83.25160217285156,213025900.0
1279065600,82.98586413568312,83.57043527615987,82.64423586340837,83.24398803710938,184426800.0
1279152000,83.21364234940991,83.55527071270556,82.12042231953846,83.26678466796875,232337900.0
1279238400,82.81886004091885,82.90996363434935,80.81462732207088,80.97406005859375,282693400.0
1279497600,81.27014539375496,81.710464980422,80.6400251923171,81.45234680175781,186709000.0
1279584000,80.37431546744202,82.41650386847512,80.33635418518969,82.35577392578125,258162400.0
1279670400,82.7809081832784,82.80368263461492,80.95128336486893,81.28532409667969,264527000.0
1279756800,82.24951685440993,83.46420887422352,82.24192922854469,83.09980010986328,274781300.0
1279843200,82.93276240667056,83.94247247635445,82.69741862805236,83.82100677490234,222020800.0
1280102400,83.96522697936099,84.77754857505056,83.72988325667131,84.69403839111328,184445700.0
1280188800,85.15711922518841,85.24822280337199,84.35239122350278,84.68643188476562,204855600.0
1280275200,84.51185071598495,84.76997472429271,83.85895596753961,84.13985443115234,163056200.0
1280361600,84.66369167636745,84.89144783347429,83.06182832848013,83.72990417480469,220149100.0
1280448000,82.87961027391516,84.16262526022079,82.73537013250535,83.71470642089844,220070600.0
1280707200,85.02048547675386,85.74170926402516,84.67885711946835,85.60505676269531,188263200.0
1280793600,85.39247181542038,85.61262866796044,84.91418525253304,85.19508361816406,146657300.0
1280880000,85.43044746784618,85.87077286104514,85.14955482797119,85.76448822021484,158171700.0
1280966400,85.21785641729441,85.71891741785144,85.08879735669412,85.6733627319336,140473800.0
1281052800,84.8307279571473,85.46084842323121,84.2082009089422,85.3241958618164,239728300.0
1281312000,85.72652839401405,85.92391664122884,85.2710219552772,85.77967071533203,120800400.0
1281398400,85.05083966311395,85.7720633343824,84.54978443354722,85.3165512084961,242916300.0
1281484800,84.00320064927764,84.03356851992257,82.84165710948506,82.97830963134766,273406900.0
1281571200,81.72565775305932,82.76572975012022,81.68769646892888,82.46965026855469,239542600.0
1281657600,82.21155693307833,82.72020585860814,82.12804671639964,82.22673797607422,158698500.0
1281916800,81.66491565928263,82.45446281269965,81.36883620076104,82.18875122070312,147895300.0
1282003200,82.89475832128922,83.80577082048025,82.6594088885385,83.19842529296875,172270300.0
1282089600,83.1605088075787,83.79821669758826,82.68222789007152,83.35030364990234,182922100.0
1282176000,82.91757964906652,83.12255555005741,81.5586477517374,81.90027618408203,265847600.0
1282262400,81.65731882347866,81.94581064734092,81.04238548032478,81.6345443725586,209714200.0
1282521600,82.0217238285168,82.42408788938836,81.28531905654681,81.32328033447266,163490300.0
1282608000,80.43504961481582,80.76909038144692,79.69105709723776,80.11619567871094,280677800.0
1282694400,79.67588312933141,80.73114213018768,79.17482769057476,80.42747497558594,272234800.0
1282780800,80.80704156510389,80.913326197187,79.62271799148371,79.88843536376953,224439500.0
1282867200,80.38951810299284,81.20943336646694,79.19001308332665,81.12592315673828,272649000.0
1283126400,80.91331851848456,81.16384903836705,79.94157009332791,79.94915771484375,167238600.0
1283212800,79.65307829755625,80.45781216820207,79.32663101797293,79.94915771484375,273933100.0
1283299200,81.0272144015241,82.4544694913374,80.97407207882038,82.34059143066406,256828100.0
1283385600,82.5379611972898,83.12252661610766,82.36334743775448,83.10734558105469,156112200.0
1283472000,83.91968268366499,84.2613110606537,83.47176387321997,84.18539428710938,212197300.0
1283817600,83.79060776611033,83.8968923874169,83.16808107328141,83.23640441894531,141973700.0
1283904000,83.40345575598657,84.15504179795536,83.365494466238,83.82100677490234,149924400.0
1283990400,84.76233307890274,84.7851075212491,83.98037966727303,84.2081298828125,147017900.0
1284076800,84.36002622162864,84.73202254645246,84.17023135091122,84.63333129882812,127819000.0
1284336000,85.46842999339748,85.74932270308756,85.12679574117772,85.57471466064453,178503500.0
1284422400,85.40767498116017,86.00742734941065,85.08882105132938,85.52155303955078,209823600.0
1284508800,85.27104439757532,85.94671371447993,85.0129261381197,85.8480224609375,168608400.0
1284595200,85.58231149883075,85.87839105400974,85.29381956870134,85.82524871826172,199962900.0
1284681600,86.27707092168866,86.36102819684672,85.62068085577347,85.85728454589844,195836900.0
1284940800,86.15492109971413,87.36084718408776,85.88015298370279,87.17003631591797,214555200.0
1285027200,87.23875220230691,87.65089865219386,86.63578901534989,86.99451446533203,268389100.0
1285113600,86.85713686259813,87.34561237303718,86.32286276968281,86.56710052490234,191322400.0
1285200000,85.85726461573815,86.75789223038902,85.6206609805363,85.86489868164062,202354300.0
1285286400,86.81896490604755,87.69669626531947,86.74264170591236,87.63563537597656,209671800.0
1285545600,87.66615228178905,87.76537184433298,87.13188414026637,87.21583557128906,128761800.0
1285632000,87.33032254201876,87.80353562279507,86.3839022035521,87.52113342285156,209207500.0
1285718400,87.29980480076264,87.70432881836162,87.02503662654931,87.36849975585938,179665800.0
1285804800,87.81119747829577,88.37599623383991,86.69685645725856,87.1090087890625,287106700.0
1285891200,87.76538755253073,87.86461295591997,86.95635112968522,87.47535705566406,174638700.0
1286150400,87.29215989767697,87.65851351131973,86.38389828274958,86.8189468383789,166153200.0
1286236800,87.62037483751001,88.78050264305712,87.52114943454899,88.5667953491211,229634100.0
1286323200,88.5515242583562,88.78813374567426,88.20043288388547,88.55915832519531,148626600.0
1286409600,88.91790309951314,88.94079948192191,87.91805558040895,88.45232391357422,164860000.0
1286496000,88.57444509178829,89.19267070481258,88.23861595726247,88.94843292236328,177760100.0
1286755200,89.08580597669564,89.27661690251169,88.72708050446747,89.03237915039062,103098300.0
1286841600,88.74236239557158,89.566667174504,88.26915492192005,89.30716705322266,182210000.0
1286928000,89.80324694800336,90.48253330262304,89.58953384343003,90.0016860961914,194347200.0
1287014400,89.9177154218809,90.07036761666656,89.08578279687092,89.65058135986328,217764300.0
1287100800,90.27645344420156,90.32988026408763,89.11632571678105,89.83377075195312,243705000.0
1287360000,89.86431406160314,90.57413095491071,89.5361190287171,90.2764663696289,141204800.0
1287446400,89.4444979504877,89.94823557797865,88.55149872656507,89.0934066772461,280604700.0
1287532800,89.25372223297768,90.39858780980668,89.20029540564916,89.96353912353516,200051800.0
1287619200,90.36806639003288,90.89470064828517,89.45980441162574,90.1619873046875,221585500.0
1287705600,90.29934931767932,90.4672638429818,90.06274566280037,90.3298797607422,108212400.0
1287964800,90.93283677943128,91.40604988037612,90.52831862651874,90.59700775146484,151145700.0
1288051200,90.13910661523096,90.70390549075324,89.9635637729486,90.61231994628906,158982900.0
1288137600,89.97881063238944,90.45202388215696,89.49796913728635,90.35279846191406,190024000.0
1288224000,90.87176438846322,90.9099288906572,89.93297819458026,90.36802673339844,168576000.0
1288310400,90.27647944291309,90.61230859210474,90.11619893709567,90.43675994873048,144305500.0
1288569600,90.87942217176284,91.3984280923926,89.94826397683117,90.46726989746094,174074800.0
1288656000,91.14655076115572,91.39842255069424,90.9023130382026,91.1847152709961,158345900.0
1288742400,91.34498272443253,91.60448272052038,90.40619065304551,91.55105590820312,226702800.0
1288828800,92.56616678905375,93.35994069387264,91.5663197102068,93.31414794921876,215039400.0
1288915200,93.37524682263972,93.8179296389996,93.2531308385577,93.665283203125,180654100.0
1289174400,93.37521262086766,93.64235252043171,93.06991986094212,93.4897003173828,156107100.0
1289260800,93.74159366245674,93.8408132499622,92.44408166485452,92.8180694580078,186621600.0
1289347200,92.79517058608393,93.23785333030489,92.09298777854625,93.19205474853516,221387400.0
1289433600,92.39062390348614,92.97831881024362,92.10822172470964,92.84093475341795,158017600.0
1289520000,92.21510314156669,92.61962136885698,91.32210941455745,91.74188995361328,239068800.0
1289779200,92.03191552448708,92.39064095145102,91.57397052492986,91.61212921142578,163940800.0
1289865600,91.04735414996092,91.20000058164644,89.74983618828155,90.18489074707033,299566200.0
1289952000,90.22302541838542,90.60464721906706,89.95589132252557,90.23065948486328,172308900.0
1290038400,91.1007707535908,91.88691085236242,91.09313668593732,91.5587158203125,197723700.0
1290124800,91.51288242265966,91.84870555014744,91.01677306106414,91.810546875,156852900.0
1290384000,91.3526463134242,91.77242688212918,90.6504576377812,91.73426818847656,181361000.0
1290470400,90.6504648984888,90.84127585129812,90.05513565741786,90.4062271118164,222309000.0
1290556800,90.97864625741654,91.7647921558925,90.963383945651,91.74188995361328,140046100.0
1290729600,90.94810034652087,91.44420397446063,90.67333221435548,90.67333221435548,76007800.0
1290988800,90.44438407815326,91.19236551285692,89.86431719959255,90.94812774658205,223642300.0
1291075200,90.04750978735464,90.95576598698652,89.91775391047439,90.43675994873048,233930700.0
1291161600,91.74190647450324,92.53568076026126,91.73427822879042,92.36013793945312,221037200.0
1291248000,92.50513234800736,93.6118391857706,92.45170552294896,93.54314422607422,191213600.0
1291334400,93.22256551391972,93.9018517987032,93.19966913941248,93.79499816894533,151288900.0
1291593600,93.59652964289624,93.90946221056984,93.49731010399432,93.6957550048828,103050500.0
1291680000,94.59641504674276,94.64984186660963,93.6957873524964,93.74921417236328,206581000.0
1291766400,93.86370465905348,94.16899745414362,93.42865602065454,94.0926742553711,138019200.0
1291852800,94.61931060958928,94.65746929597364,93.99345108663734,94.4590301513672,123705100.0
1291939200,94.74908477847652,95.10017622738108,94.4361578487719,95.0085906982422,117571700.0
1292198400,95.44365006802892,95.55813199221144,95.0391259179254,95.06965637207033,133812700.0
1292284800,95.2146635012869,95.58102308533437,94.86357205408078,95.15360260009766,147249600.0
1292371200,94.97803459724076,95.35202232742895,94.55824829176365,94.7185287475586,160823100.0
1292457600,94.77959855587474,95.33676899350216,94.45140354699,95.26807403564452,185035200.0
1292544000,95.20132720335312,95.49288299256304,95.00183858246682,95.37012481689452,141075300.0
1292803200,95.63101755440267,95.83050623360516,95.12463041945834,95.60032653808594,119085500.0
1292889600,95.89951671671614,96.26780290552384,95.807449559797,96.2064208984375,94965500.0
1292976000,96.27548724053756,96.53635201751167,96.2217794421187,96.5056610107422,78878100.0
1293062400,96.3982294538366,96.50564503289016,96.12969050620272,96.36753845214844,70053700.0
1293408000,96.00695229001543,96.49799674151636,95.93790190795043,96.40592956542967,58126000.0
1293494400,96.59773703592938,96.63609640530125,96.29083281239863,96.54402923583984,55309100.0
1293580800,96.65910705968328,96.82789880065896,96.59772505185003,96.61306762695312,58033100.0
1293667200,96.52101489053976,96.77420546668884,96.3138520465771,96.45963287353516,76616900.0
1293753600,96.3138531350214,96.57472378338332,96.16040394448714,96.48265075683594,91218900.0
1294012800,97.21919380705712,97.90205249047254,96.444262119446,97.48006439208984,138725200.0
1294099200,97.69490004143512,97.72559104424523,96.82022694933252,97.42636108398438,137409700.0
1294185600,97.11947850804002,97.99415179466163,97.02740547913348,97.93276977539062,133975300.0
1294272000,97.97112352714488,98.0785391214336,97.44938813186644,97.7409439086914,122519000.0
1294358400,97.87139540536138,98.03251882825693,96.78956503628793,97.54914855957033,156034600.0
1294617600,97.1194569095934,97.5644676697748,96.82789530975236,97.42636108398438,122401700.0
1294704000,97.77928828800928,98.00946200369036,97.40332793442388,97.77161407470705,110287000.0
1294790400,98.37007207312205,98.76136911521884,97.79462319475496,98.6539535522461,107929200.0
1294876800,98.69236100947374,98.73839459796514,98.24735014168472,98.49286651611328,129048400.0
1294963200,98.35476440076536,99.2294376923673,98.28571401897594,99.2064208984375,117677900.0
1295308800,99.11433712567371,99.46728079422412,98.99925316170216,99.37521362304688,114401300.0
1295395200,99.29081667908676,99.39055221392836,98.13993018805856,98.40079498291016,151958400.0
1295481600,98.17828220488768,98.51587156977862,97.54145698932898,98.27035522460938,175745700.0
1295568000,98.88417543313678,99.10667501331962,98.38545090715893,98.49286651611328,151462900.0
1295827200,98.43145958840546,99.16803194015436,98.40844279998396,99.05294799804688,113715500.0
1295913600,98.79209573234655,99.19107300834716,98.29338291791322,99.10667419433594,167552200.0
1296000000,99.35219465641204,99.78185705573487,99.1527001799962,99.49029541015624,141281500.0
1296086400,99.51332092614278,99.9046298442329,99.33685493397032,99.73583221435548,123302700.0
1296172800,99.85091036742644,100.01203962561958,97.83302484991272,97.99414825439452,295637300.0
1296432000,98.26267416409048,98.80742043581525,98.01714614323056,98.7306900024414,149249200.0
1296518400,99.32916012553773,100.48771472448573,99.26777812125025,100.31124877929688,167194300.0
1296604800,100.05040659335565,100.3880018788256,99.99670463835318,100.11946868896484,118323600.0
1296691200,99.94297982602032,100.4954062847184,99.41358186823904,100.34195709228516,145886700.0
1296777600,100.38030764408929,100.66418919396536,99.91994842665989,100.62582397460938,134634800.0
1297036800,100.84835921721276,101.58492009144382,100.84067914706152,101.2550048828125,112439100.0
1297123200,101.34704760499277,101.76904160162216,101.07083441696452,101.71533966064452,99072800.0
1297209600,101.4391043693825,101.76135106729546,100.97874525383908,101.48513793945312,146436700.0
1297296000,100.97110265610524,101.6386130072731,100.74092303960616,101.52352905273438,162708500.0
1297382400,101.12460128385916,102.26013978449508,101.10158448169558,102.12970733642578,137710300.0
1297641600,102.06826951393572,102.45956664429742,101.953185566012,102.37516784667967,101690700.0
1297728000,102.06060517830838,102.21405435073213,101.52352722111456,102.05292510986328,119575400.0
1297814400,102.39820347880662,102.8201857888781,102.19104065068778,102.69743347167967,130183500.0
1297900800,102.39822789276144,103.14245716433494,102.30614899863184,103.00435638427734,109810500.0
1297987200,103.09639034358652,103.34191837223378,102.8585423829725,103.21915435791016,130002400.0
1298332800,102.13734027987758,103.24219323027238,100.8713697702138,101.1475830078125,233116400.0
1298419200,101.08618729085694,101.33171533875388,99.90461575576256,100.52609252929688,227584000.0
1298505600,100.41867773620416,100.8483401160294,99.51330768663946,100.45703125,260431400.0
1298592000,100.8790305510475,101.59258623931092,100.8176485353694,101.5312042236328,141686900.0
1298851200,101.90717749484638,102.2908063605115,101.56958221987324,102.16036224365234,141585500.0
1298937600,102.48260253904202,102.57466970402692,100.42634609747896,100.45703125,258565500.0
1299024000,100.31892374955213,101.13989494014304,100.01202541531347,100.67186737060548,200277400.0
1299110400,101.58488217654772,102.52093720655978,101.57721381668256,102.40585327148438,176480100.0
1299196800,102.32914564842216,102.5286401235721,100.97110808219904,101.63861846923828,277202300.0
1299456000,101.9378368315617,102.1680164341401,100.31125459953716,100.84065246582033,216790400.0
1299542400,101.00180595915424,102.04527692837289,100.56447514589296,101.72303009033205,174615000.0
1299628800,101.52352279177958,101.89180313101328,100.9710964292186,101.57722473144533,153806000.0
1299715200,100.51075525015536,100.64885601185208,99.59771674530596,99.6974639892578,301291800.0
1299801600,99.37521880089962,100.74860490801706,99.35220200690604,100.38799285888672,225621800.0
1300060800,99.73583439133536,100.11178317819471,99.02227862992868,99.78186798095705,234974100.0
1300147200,97.1271503666957,99.229440699573,97.05809998281369,98.6386489868164,359585400.0
1300233600,98.32407678612104,98.64633534629792,96.1220507719327,96.81258392333984,468670300.0
1300320000,98.20898478328134,98.50821481549596,97.51845168828156,98.0938949584961,254303700.0
1300406400,99.282940282591,99.31377050681624,98.25805873452484,98.4507064819336,230435400.0
1300665600,99.67587249838738,100.1844532238272,99.56027688393752,99.97640228271484,153992600.0
1300752000,99.96103696870834,100.09203599037536,99.53720968785498,99.62967681884766,129538600.0
1300838400,99.3522248882438,100.17676234536738,98.88217598364665,99.91476440429688,148603100.0
1300924800,100.48502781108182,101.0167373031042,99.92249986309768,100.87032318115234,159129800.0
1301011200,101.13234004208157,101.61780424669132,100.86262856085648,101.17857360839844,155642800.0
1301270400,101.3942818358114,101.65627973843716,100.9011044715788,100.93192291259766,109762400.0
1301356800,100.8472182663842,101.6409258814632,100.51586985310868,101.610107421875,129798800.0
1301443200,102.1417941876238,102.61185495987836,101.9953800811097,102.3113250732422,135835000.0
1301529600,102.18032848333986,102.45774159741777,102.06473282681038,102.17261505126952,132537100.0
1301616000,102.8045252642698,103.08193843289376,102.35758117269326,102.60416412353516,153850100.0
1301875200,102.81991808383206,103.00486409673309,102.39610257814164,102.6889190673828,100768900.0
1301961600,102.48856169198936,103.12815337519623,102.4423281319495,102.67350769042967,120791500.0
1302048000,103.16668512795412,103.25915224791434,102.58102867945728,102.99715423583984,120411600.0
1302134400,102.81222048007956,103.24374943565292,102.2265757201274,102.73516845703124,170731500.0
1302220800,103.1898295785721,103.25147826117043,101.95687944317328,102.38070678710938,147945400.0
1302480000,102.48857019301802,102.8353336803606,101.82586167482214,102.07245635986328,121385400.0
1302566400,101.50218743098765,101.70253673951574,100.93965962599364,101.30953979492188,161187400.0
1302652800,101.77962712380474,101.85667914342146,100.91656925109488,101.30186462402344,162059000.0
1302739200,100.7162432833038,101.53306787767094,100.38489479091498,101.3789520263672,161220400.0
1302825600,101.56385269070886,102.00308325844594,101.26332279964228,101.74878692626952,170006700.0
1303084800,100.63143892440526,101.7410914383576,99.799199538941,100.60832214355467,210759300.0
1303171200,100.7624367968122,101.21709425105917,100.5158538844318,101.18626403808594,124258800.0
1303257600,102.39608953836358,102.78908653766456,102.32672744343266,102.56562042236328,156133800.0
1303344000,103.097324171547,103.13585605805076,102.56562646760617,103.0896224975586,135935400.0
1303689600,103.012530787185,103.15124318932313,102.64265064527956,102.9817123413086,65757100.0
1303776000,103.29767512866852,104.07596742313864,103.18979291202636,103.86790466308594,146600000.0
1303862400,104.06824293126223,104.7001209878228,103.64441583085608,104.54600524902344,143031000.0
1303948800,104.36107834214494,105.02378672230452,104.34567499624956,104.88508605957033,124791100.0
1304035200,104.92362471268584,105.23956969812184,104.78491228271976,105.13167572021484,115094100.0
1304294400,105.62487067616696,105.70962436343846,104.76180111464964,104.96986389160156,126278700.0
1304380800,104.7695142201507,104.9467467845598,104.06056044595296,104.59226989746094,138375000.0
1304467200,104.54602834732276,104.59226190334964,103.43637596955828,103.89873504638672,182678500.0
1304553600,103.32077374485942,103.9911837048423,102.50394971125324,102.9585952758789,226900000.0
1304640000,103.98353340533616,104.51524298453886,103.01258138825874,103.41329193115234,222787200.0
1304899200,103.40556037259392,104.11450235389458,103.24373116375308,103.81397247314452,114104500.0
1304985600,104.16071565385208,104.885072599473,104.0297166808769,104.70012664794922,114806900.0
1305072000,104.5460287433876,104.56144384821488,103.12044314127871,103.59820556640624,193564200.0
1305158400,103.32080939481506,104.30716461628924,102.78909989483816,104.09140014648438,171550700.0
1305244800,104.1453419150562,104.29175604837909,102.92010536506316,103.28998565673828,157444900.0
1305504000,102.92004814651492,103.72917038832608,102.46540264927066,102.63493347167967,141675400.0
1305590400,102.24970281043058,102.7582955986045,101.81046037747582,102.6195831298828,192686200.0
1305676800,102.67352499185102,103.64446519114314,102.45004706962582,103.53658294677734,135217900.0
1305763200,103.8756667797334,104.05289941336648,103.21295806453443,103.78318786621094,119489500.0
1305849600,103.51342136630532,103.78312098136298,102.765947654433,102.9585952758789,182594900.0
1306108800,101.70255726564048,102.2727986164644,101.40202736305456,101.7642059326172,168700000.0
1306195200,102.05702938819825,102.280495507042,101.4867880640433,101.67943572998048,147199600.0
1306281600,101.27104251654626,102.4423438363335,101.2402240578888,102.01851654052734,151050100.0
1306368000,101.74108961474369,102.67350953936848,101.54844193892112,102.48856353759766,164850000.0
1306454400,102.7737324001768,103.15902795450997,102.45779898192184,102.8816146850586,120921900.0
1306800000,103.85249083191565,103.96807471012042,103.13583551221028,103.9526596069336,164731200.0
1306886400,103.65214916732108,103.96809417125868,101.53302477619155,101.61779022216795,233094300.0
1306972800,101.6871396267109,101.90290405166586,100.91654903522054,101.50989532470705,200466800.0
1307059200,100.29237209998192,101.27102555396154,100.23843686679471,100.50043487548828,234690200.0
1307318400,100.246126556682,100.45418930731552,99.30600510066895,99.43700408935548,179951200.0
1307404800,99.94561873344274,100.23074530888536,99.29062364560278,99.3753890991211,161660500.0
1307491200,99.22124940690333,99.55260950587169,98.77430541194624,98.9592514038086,198696400.0
1307577600,99.2289903946328,100.12286687449536,98.99010910439868,99.7144546508789,160964400.0
1307664000,99.2906293283082,99.35226624504756,98.06538689859951,98.32738494873048,238629400.0
1307923200,98.55085596537084,98.82056744601192,97.90356252177106,98.4044418334961,207599800.0
1308009600,99.30599585788715,99.9995343760222,99.26747573877807,99.65277099609376,160570400.0
1308096000,98.82052112777636,99.63734510350514,97.61839605731812,97.8803939819336,300958000.0
1308182400,97.9112454185708,98.61248572712267,97.34100998774336,98.09619140625,308032800.0
1308268800,99.07040322388342,99.07814898849756,98.0559266660581,98.38892364501952,233284900.0
1308528000,98.05592876865056,99.10138249906268,98.024951617817,98.8922882080078,159479000.0
1308614400,99.40340000364232,100.4411079449433,98.93100880400914,100.24750518798828,193157300.0
1308700800,99.93775840341569,100.52630660656165,99.5815240853431,99.64347839355467,176703000.0
1308787200,98.47410552703109,99.62023049758788,97.72292591223108,99.35693359375,334286500.0
1308873600,99.3337093041022,99.41114331963436,98.05592988207276,98.20306396484376,226129300.0
1309132800,98.26504422017892,99.4576323602098,98.0714414053534,99.07817840576172,168904700.0
1309219200,99.47310211388742,100.38691334440078,99.33371378969032,100.37142181396484,165556300.0
1309305600,100.8283209932076,101.39363777711844,100.3869128189849,101.23101806640624,244295500.0
1309392000,101.55628058342968,102.3616630026988,101.2232894515576,102.19904327392578,223322700.0
1309478400,102.29195565389404,103.84852947106074,102.05189011225096,103.7091293334961,202385700.0
1309824000,103.6007005005701,103.83302615909916,103.29868068945449,103.62393188476562,165936000.0
1309910400,103.37614972237944,103.87951224838552,103.081869701072,103.74786376953124,143331600.0
1309996800,104.66938470284124,105.08756140801864,104.45255058659026,104.8242645263672,170464200.0
1310083200,103.639432907726,104.82428087653956,103.298690152877,104.08084106445312,194100500.0
1310342400,102.8030830425218,103.13607417439388,101.95897770135258,102.19904327392578,195918600.0
1310428800,101.98219997273604,102.82630523843204,101.72664289093734,101.7576141357422,214675700.0
1310515200,102.29195328840522,103.16704156074222,101.8505451322376,102.09835052490234,204062600.0
1310601600,102.35392032060618,102.82631159496812,101.20004345265284,101.39364624023438,226111800.0
1310688000,101.9589768623196,102.12159658975438,101.26975139784577,101.98220825195312,220012800.0
1310947200,101.5098253583645,101.66470524091469,100.38693143915374,101.1458511352539,196872100.0
1311033600,101.71113633790937,102.91147573274176,101.687904953593,102.78756713867188,166554900.0
1311120000,103.05084121233789,103.11278367197556,102.5474671493648,102.72557830810548,137145400.0
1311206400,103.30644134848896,104.40611556586666,102.7411245249351,104.15055847167967,245246300.0
1311292800,104.17379021281812,104.3286700780253,103.58523018182414,104.22025299072266,126019400.0
1311552000,103.22897509554072,104.15052595506968,103.12055804245334,103.63941192626952,136653800.0
1311638400,103.5697391529675,103.74011053105691,103.01990210248346,103.25222778320312,131278200.0
1311724800,102.67917027731224,102.71015334021324,101.00643937794526,101.13809967041016,249020100.0
1311811200,101.13809867633668,102.04415828377752,100.6811871273596,100.84381866455078,207939900.0
1311897600,99.82932034585374,101.09935385593998,99.10137214801648,100.15457153320312,307038400.0
1312156800,101.32396881428568,101.41690620295265,98.76066937382863,99.72868347167967,325790900.0
1312243200,98.9774651405932,99.51181060570366,97.18083190917967,97.18083190917967,346653800.0
1312329600,97.31249024720456,97.8158526765298,95.66299101638693,97.70743560791016,370830800.0
1312416000,96.35220743887152,96.50709317136452,92.97577527824916,93.1306610107422,520721800.0
1312502400,94.29229039258966,94.53235592563074,90.49767509449396,92.99127960205078,655619200.0
1312761600,90.5364071892593,93.02226618408848,86.74953136369726,86.93539428710938,702263900.0
1312848000,88.33706917615514,91.1017164177107,85.39430479155979,90.97781372070312,717828700.0
1312934400,89.2586199450956,90.04851662235863,86.69531533278317,86.9586181640625,662607400.0
1313020800,87.70981796362912,92.09298247308377,86.98186951346098,90.8616714477539,487979700.0
1313107200,91.69028388973096,92.3175550480106,90.82294125064377,91.47344970703124,313731600.0
1313366400,92.3020464102109,93.5023798818116,92.15490643365662,93.40945434570312,258810600.0
1313452800,92.5189061032538,93.46368870332736,91.62058628407289,92.61183166503906,294095200.0
1313539200,93.12294224063086,93.85863048129558,91.93809410796808,92.6737823486328,238201100.0
1313625600,90.21889476052957,92.70475372691098,87.810475723873,88.67781829833984,512956300.0
1313712000,87.4775019376547,89.7387815725,87.12127343969601,87.22969055175781,428281300.0
1313971200,89.18892116846295,89.23538985011852,87.05155087750852,87.29936218261719,275090600.0
1314057600,87.6246186734136,90.27310326357124,87.18320457505398,90.17243194580078,331136600.0
1314144000,89.97883018740924,91.56636944309358,89.76973587575459,91.44246673583984,246869700.0
1314230400,91.94584150433668,92.4646955741445,89.73102506883849,90.04853057861328,312365400.0
1314316800,89.5916056188562,91.77544428401612,88.16668638387189,91.35726165771484,314495900.0
1314576000,92.58856383724836,94.03671432414416,91.42694750576752,93.98250579833984,190977200.0
1314662400,93.57211355203096,94.81117038092076,92.35628811551268,94.23036193847656,241315700.0
1314748800,94.83436313609056,95.6474969875429,93.93604951674276,94.64850616455078,301828400.0
1314835200,94.70273376762592,95.56233055801798,93.53337135675508,93.65727996826172,254585900.0
1314921600,91.7057650008274,93.60307582266311,90.9390996330688,91.26435089111328,255517200.0
1315267200,88.58486798043897,90.72998961773666,88.57712221662898,90.59833526611328,285130500.0
1315353600,91.9690296615994,93.19259425391854,91.65926415522932,93.15387725830078,209803200.0
1315440000,92.59634242717956,93.65728784636882,91.9768111341092,92.18590545654295,250568200.0
1315526400,91.13268700347818,92.20137205986212,89.27409941596461,89.76972198486328,380195100.0
1315785600,88.64686058852931,90.42026313715829,88.32160926737181,90.3505630493164,305793500.0
1315872000,90.64480626214664,91.51988852991504,90.0020437400482,91.17914581298828,272514700.0
1315958400,91.64378096653144,93.54883693609682,90.38923911863006,92.4414291381836,319389500.0
1316044800,93.43266552982892,94.06768215852443,92.46465201606834,94.03670501708984,326777200.0
1316131200,94.4142595366144,94.94358367556433,93.65919360940676,94.59329223632812,284528300.0
1316390400,93.04423306895691,94.13401864246212,92.41371686050084,93.65139770507812,241517000.0
1316476800,94.0484149536327,94.95916212765933,93.41789859297658,93.54244232177734,218932200.0
1316563200,93.58913472120354,93.87714538328302,90.63893180701292,90.78682708740234,316251300.0
1316649600,88.15577807655706,88.90305813169586,86.63786639250229,87.8521957397461,513911300.0
1316736000,87.26839340975422,88.86415178847176,87.19833274092255,88.38153076171875,307242500.0
1316995200,89.21445006751276,90.6078184162491,87.94563139723255,90.48326873779295,260673700.0
1317081600,92.2658174483856,93.0675864547248,90.95029008525404,91.49518585205078,311753900.0
1317168000,91.68202081946616,92.23469658376466,89.49466933925095,89.62699890136719,286696800.0
1317254400,91.11379828947416,91.56527606240304,88.68513281742817,90.33538055419922,298108900.0
1317340800,89.08988108790264,89.86829859304414,88.01566706879491,88.07794189453125,288392300.0
1317600000,87.56417306712004,88.70066177668002,85.47801416411654,85.57142639160156,365136800.0
1317686400,84.3415561575146,87.6342656240542,83.62541330265849,87.44744110107422,459177500.0
1317772800,87.66536537438675,89.3000406454728,86.85581060590964,89.06651306152344,284108000.0
1317859200,89.01984422348131,90.81020722005584,88.35819039913176,90.67787170410156,257800800.0
1317945600,91.2071906053696,91.26946543995022,89.56472896114992,90.0707015991211,312657900.0
1318204800,91.6041810691314,93.12209297487408,91.59639523045058,93.08317565917967,230666300.0
1318291200,92.53050783237182,93.4412550539922,92.43709557674846,93.17658996582033,209088000.0
1318377600,93.87716317194364,95.0759270115877,93.66699302901068,93.99392700195312,281544900.0
1318464000,93.4412335989926,94.08732152294846,92.72509095354594,93.80709075927734,212538800.0
1318550400,94.89689959426168,95.43400374018164,94.36757534895048,95.41065216064452,211397600.0
1318809600,94.95915241668284,95.39507027004406,93.35561421215768,93.58914184570312,202311600.0
1318896000,93.51906332263722,96.13454618796044,92.78734908684642,95.41840362548828,318857900.0
1318982400,95.26274059571138,95.807636460982,93.9627846720802,94.28971862792967,226601300.0
1319068800,94.52323187991205,95.04477014988792,93.26997930117038,94.7022705078125,262075600.0
1319155200,95.81542355784882,96.61719870816368,95.5274128346188,96.50043487548828,278999400.0
1319414400,96.65609061196184,97.92491482050134,96.5704642197713,97.68360137939452,203215600.0
1319500800,97.21654877866192,97.26325192230942,95.5740875867192,95.78426361083984,268596800.0
1319587200,96.79625680606009,97.12319087214908,95.1304431106274,96.75733947753906,289053800.0
1319673600,99.34944504380404,100.7428133852014,98.55546163382262,100.12786865234376,393220200.0
1319760000,99.63743695071032,100.29909655654436,99.48175583101644,100.1044921875,225906500.0
1320019200,98.98359774354012,100.12008093586896,97.55130608500708,97.69142150878906,228146700.0
1320105600,94.99026288487757,96.14232311065768,94.59326839600604,94.96691131591795,416565800.0
1320192000,96.39145510959553,96.8351529145192,95.5819000738154,96.51599884033205,244717600.0
1320278400,97.5123784813546,98.4698348243638,96.21242240346498,98.27523040771484,291174800.0
1320364800,97.48122265831395,97.84707388161664,96.53155239199762,97.6758270263672,249401600.0
1320624000,97.60579448561188,98.38421218208464,96.67947552637548,98.28302001953124,196617200.0
1320710400,98.79676428167916,99.65302842669418,97.85487966101782,99.5440444946289,224426300.0
1320796800,97.21657800667928,97.92494090551962,95.63639115708806,95.8699188232422,337982000.0
1320883200,97.13872247793456,97.25548629303766,95.76092014965565,96.77286529541016,231866500.0
1320969600,97.94829515941566,98.85125655290476,97.91715774048772,98.5943832397461,189924400.0
1321228800,98.2284874528371,99.20928903941956,97.23989409101031,97.66024017333984,159258300.0
1321315200,97.43450535139036,98.6644062790497,97.0842198939884,98.1428680419922,184709400.0
1321401600,97.15427040918166,98.3452480394772,96.44591368806118,96.58602905273438,235782500.0
1321488000,96.40704234095143,96.6483558948676,94.3675915270012,95.05259704589844,331219600.0
1321574400,95.35616771607846,95.55077213998882,94.55439843978468,94.9513931274414,215580400.0
1321833600,93.56577170002411,93.6825355010339,92.359228259866,93.14543151855467,229611600.0
1321920000,92.94306140256926,93.48795133984436,92.25805012273209,92.77959442138672,216494900.0
1322006400,91.90776544485772,92.77959529152936,90.73235321044922,90.73235321044922,224329100.0
1322179200,90.59222597448948,91.61973683083863,90.45211058776668,90.56108856201172,99557000.0
1322438400,93.0520195233806,93.55020619934191,92.49155802821072,93.1843490600586,210686000.0
1322524800,93.4490203857422,94.18851461253035,93.10651479580878,93.4490203857422,199241500.0
1322611200,96.12678434703638,97.47344936030376,93.4101086824025,97.2944107055664,324439500.0
1322697600,97.18543449234951,97.8003850983825,96.85850053132587,97.27884674072266,176954800.0
1322784000,98.1740375915141,98.46983416485138,97.13095483705708,97.19322967529295,221109700.0
1323043200,98.73446897305703,98.99913400087054,97.64468926692491,98.2518539428711,225263900.0
1323129600,98.24409675916532,98.94467387376196,97.89381117129489,98.28302001953124,178842100.0
1323216000,97.95609034800248,99.06144810646408,97.27887068190591,98.64888763427734,237802500.0
1323302400,98.0027734802222,98.22072945011573,96.2513339436216,96.48485565185548,240862800.0
1323388800,96.92075097108868,98.36860779278172,96.83512458301034,98.11951446533205,209111400.0
1323648000,97.2632755842298,97.27884726180282,95.86991332304322,96.68724822998048,215826100.0
1323734400,97.19319720683818,97.74587284912954,95.31720841895108,95.78426361083984,245159800.0
1323820800,95.40285907869712,95.76871630061912,94.55438674603116,94.76455688476562,238618800.0
1323907200,95.76870170552824,95.90103125192948,94.9591468128936,95.10704803466795,199109200.0
1323993600,95.74940679709135,96.31341692040118,95.02088699756504,95.24805450439452,220481400.0
1324252800,95.61623279074908,95.8199066010158,94.02602437088564,94.22969818115234,183903000.0
1324339200,95.7102454564068,97.24561943742376,94.2923758363724,97.08111572265624,225418100.0
1324425600,97.0811158707485,97.41795851860158,96.1567573936066,97.26911926269533,194230900.0
1324512000,97.62945961648816,98.23264586923186,97.31612262840927,98.13080596923828,119465400.0
1324598400,98.44413973448589,99.03949071393762,98.24047190657085,99.0081558227539,92187200.0
1324944000,98.83581367166794,99.34499517781366,98.74964421786548,99.08648681640624,86075700.0
1325030400,99.10216073337256,99.1178251907422,97.7077909432185,97.78612518310548,119107100.0
1325116800,98.1073283924311,98.89851821154946,97.8096557960945,98.79668426513672,123507200.0
1325203200,98.7183387496864,98.96118272665194,98.31099700927734,98.31099700927734,95599000.0
1325548800,100.0813364285186,100.56701819456238,99.82282810256696,99.8776626586914,193697900.0
1325635200,99.64268556045673,100.12053226224305,99.25884354602056,100.03436279296876,127186500.0
1325721600,99.49383404946944,100.44952130144571,99.0394871086242,100.3006820678711,173895000.0
1325808000,100.42604785490812,100.44171829228168,99.7131983439515,100.04220581054688,148050000.0
1326067200,100.26934848834657,100.41034652220014,99.80717232888716,100.28501892089844,99530200.0
1326153600,101.35820882334669,101.56187663106836,101.01353103101953,101.154541015625,115282000.0
1326240000,100.84118839412903,101.3425346317244,100.67669069673528,101.20936584472656,111540700.0
1326326400,101.49925130217824,101.60107926211975,100.69238514653426,101.45223999023438,118983700.0
1326412800,100.77072254263548,101.09190075681396,100.05003783599376,100.9273910522461,179836200.0
1326758400,101.8987632191078,102.08677261774676,100.97439861710222,101.31907653808594,132209200.0
1326844800,101.29555966040684,102.4940909847802,101.11539148794968,102.43926239013672,163395200.0
1326931200,102.791757500918,103.06593630126648,102.462750112323,102.97976684570312,126328900.0
1327017600,102.807449567753,103.3636245727539,102.55677038862386,103.3636245727539,138230200.0
1327276800,103.01894218134926,103.59862879300208,102.60376526794948,103.09728240966795,129295800.0
1327363200,102.462750112323,103.01109575998132,102.3060816348547,102.97976684570312,103083300.0
1327449600,102.82312069719244,104.08432208381988,102.42361415349404,103.84148406982422,198613200.0
1327536000,104.30362058394049,104.49945915954162,102.90142164197324,103.30876922607422,184880500.0
1327622400,102.80741762016558,103.44193265972795,102.7369066522962,103.2617645263672,135259100.0
1327881600,102.23557834932176,102.96410415624968,101.88307126024544,102.90926361083984,147311800.0
1327968000,103.41845526888685,103.54378289346543,102.36875124763108,102.87010955810548,157212000.0
1328054400,103.62993270165516,104.2957886225395,103.50460510084964,103.77094268798828,166234500.0
1328140800,103.97461780032776,104.20179725175318,103.56728215128663,103.9354476928711,113090400.0
1328227200,104.96948049230522,105.45515635319282,104.78931234278862,105.39248657226562,160598500.0
1328486400,104.95382106528258,105.36899794855596,104.83632268437115,105.3219985961914,107694500.0
1328572800,105.10267242091734,105.76852853087338,104.68749548982888,105.58834838867188,135528100.0
1328659200,105.64318683580056,105.92519492988517,105.21233947636009,105.90169525146484,139361400.0
1328745600,106.07402118446171,106.21501923768908,105.40816516944952,106.03485107421876,148602900.0
1328832000,105.09481925732275,105.33765718592534,104.84414013551464,105.2514877319336,167907500.0
1329091200,106.00352215784804,106.16019064578047,105.54917517571634,106.03485107421876,115841900.0
1329177600,105.75285598610895,105.96436504493263,105.16534011951948,105.90169525146484,165329500.0
1329264000,106.24635991415488,106.4030284018028,105.19665594553096,105.40816497802734,195195100.0
1329350400,105.41602469144388,106.66938476585791,105.2280153014131,106.57538604736328,186567800.0
1329436800,106.94356846701264,107.02973794720889,106.50489182348346,106.8573989868164,129869400.0
1329782400,107.10806393639064,107.35874312905906,106.57538858153296,106.9043960571289,134042300.0
1329868800,106.73988346521826,106.96706297157972,106.37170588156332,106.5597152709961,124455300.0
1329955200,106.50486288120412,107.10803712562546,106.14451462020436,107.02970886230467,137704300.0
1330041600,107.26472473144533,107.47623379089887,107.0297279465424,107.26472473144533,105539100.0
1330300800,106.55186934117876,107.7347301877054,106.37953041611668,107.44489288330078,145728900.0
1330387200,107.47622404734103,107.88357169264506,107.26471500706242,107.75823211669922,129355900.0
1330473600,107.91489492731814,108.25174352580416,106.95920162887768,107.33522033691406,185934700.0
1330560000,107.562365344742,108.0950524264992,107.26468691808248,107.89137268066406,145023500.0
1330646400,107.82089393296762,107.96190393374113,107.31954761929104,107.56238555908205,120638300.0
1330905600,107.397927689017,107.47625598247748,106.75557113620684,107.12374877929688,140765000.0
1330992000,106.02702426354716,106.08968209772472,105.25149909390312,105.5570068359375,202129900.0
1331078400,105.7998635461316,106.46571969444317,105.6980236297202,106.29338073730467,143692200.0
1331164800,106.9435629962602,107.57024900626143,106.72422468571598,107.35089874267578,116968900.0
1331251200,107.55457370484052,108.04807890472584,107.42140487610696,107.76608276367188,122836800.0
1331510400,107.75040321663217,107.91490095167184,107.39005492290732,107.7739028930664,104003500.0
1331596800,108.35362245619584,109.77149248023947,108.17344227795918,109.7166519165039,184090500.0
1331683200,109.74796034783282,110.022127226318,109.26227247350364,109.59912109375,145163600.0
1331769600,109.76358712801512,110.28060377085876,109.48157913674012,110.23360443115234,165118500.0
1331856000,110.43350446691544,110.5279151341448,110.1502604598018,110.38629913330078,152893500.0
1332115200,110.31544923837755,111.15730538078726,110.23676570861768,110.8189926147461,125291100.0
1332201600,110.18958282350674,110.63018186684144,109.866997093414,110.49642944335938,121729700.0
1332288000,110.55931648641462,110.6615906363249,110.08723946765974,110.31541442871094,122388400.0
1332374400,109.50504336423248,109.79616280954612,109.1588670598233,109.52078247070312,135216700.0
1332460800,109.61521815424771,110.00073626802067,109.00938853991896,109.87484741210938,120521000.0
1332720000,110.66163292297544,111.41695404052734,110.62230316089804,111.41695404052734,120164000.0
1332806400,111.51924482185062,111.59005280300862,110.99996228251388,111.07077026367188,119868500.0
1332892800,111.0157300557646,111.18882428023684,109.86701493021476,110.52005004882812,148562100.0
1332979200,109.86699793645106,110.5357720644166,109.43426244220414,110.3311996459961,164963700.0
1333065600,110.87401500082832,110.97630114555174,110.18951419947255,110.78746795654295,135486800.0
1333324800,110.6537429642807,111.88900453751792,110.43344352536508,111.59788513183594,151741100.0
1333411200,111.44057701409449,111.62941032925976,110.48855889092762,111.14159393310548,155806700.0
1333497600,110.32329818333616,110.417708802212,109.63092163046116,110.04005432128906,146896000.0
1333584000,109.66241930739544,110.30757865994023,109.5679966663384,109.98499298095705,137439400.0
1333929600,108.60022623732556,110.02430901708846,108.4507347622488,108.74971771240234,127555900.0
1334016000,108.53731686253684,108.84416346106448,106.81425057641128,106.92440032958984,235360300.0
1334102400,108.0180266284202,108.21472345978228,107.59316675506368,107.78986358642578,154133000.0
1334188800,107.89214624717496,109.28475112370926,107.81346271503814,109.19820404052734,154321500.0
1334275200,108.94640688472452,109.2217871622546,107.79769247654104,107.89997863769533,169246700.0
1334534400,108.45078044289636,108.60813553357626,107.45943256673166,107.8292236328125,147825300.0
1334620800,108.45079360048727,109.64671404451012,108.34064382310524,109.4264144897461,147877600.0
1334707200,108.93857392739592,109.42637820757288,108.87562950327283,109.05658721923828,123884200.0
1334793600,109.07233312267738,109.4814538968366,107.84494678935556,108.35635375976562,198666700.0
1334880000,108.83631371202486,109.22970745261394,108.47438618829624,108.5373306274414,143199600.0
1335139200,107.4279217252938,107.71904116034942,106.9558565965948,107.62461853027344,171844900.0
1335225600,107.71905756646416,108.3091480712766,107.6325104788748,108.03376770019533,137484200.0
1335312000,109.08808273629232,109.56016004133323,108.99367207745397,109.51295471191406,150252200.0
1335398400,109.27689214356973,110.40200427199656,109.21394771631168,110.27611541748048,136291600.0
1335484800,110.60656854568374,110.77178716830134,109.99287536511648,110.4570770263672,130725000.0
1335744000,110.23680697166635,110.3154905308785,109.74900251974256,110.0479736328125,115092200.0
1335830400,109.98498725193213,111.45628761133466,109.85911041278226,110.7324447631836,138832200.0
1335916800,110.08729351720704,110.5121654437692,109.72537802983368,110.40201568603516,121081000.0
1336003200,110.41773787883062,110.50428497073068,109.35558212051816,109.56014251708984,143759700.0
1336089600,108.9857836826254,109.5994768360414,107.7269191597393,107.78986358642578,193927300.0
1336348800,107.404347086052,108.23047628355016,107.36501731913292,107.86856079101562,127765900.0
1336435200,107.2233855743528,107.6089157210926,106.15335423350108,107.43582153320312,213377700.0
1336521600,106.29498710123288,107.48303180423665,105.81504628643096,106.79853057861328,220752500.0
1336608000,107.53809225778194,107.67185667581296,106.7749195518212,107.0188217163086,150600000.0
1336694400,106.35004729329512,107.68758342034342,106.30284197199336,106.69623565673828,153032400.0
1336953600,105.67343023770964,106.69625641815692,105.35872003084503,105.51607513427734,163910000.0
1337040000,105.44523890005584,106.06679559405777,104.74499867269697,104.91021728515624,207629300.0
1337126400,105.38225281335592,105.86219336408492,104.4853161126152,104.50891876220705,207265500.0
1337212800,104.53258217962814,104.65847105424542,102.90392637850458,102.9590072631836,247992900.0
1337299200,103.360259901024,103.54122965218946,101.92831303421616,102.07780456542967,319615900.0
1337558400,102.40826817078886,103.87169346230309,102.24303750648122,103.83235168457033,177861100.0
1337644800,104.0998298625214,104.82367276652134,103.33664519087998,104.0132827758789,197531200.0
1337731200,103.26581782757626,104.21783560193325,102.2744702983826,104.06834411621094,204958400.0
1337817600,104.35160223242936,104.51682084048026,103.39958432806752,104.27291870117188,167357600.0
1337904000,104.2336330329891,104.52475265098228,103.68288403404328,103.93466186523438,135465600.0
1338249600,104.76861389892356,105.37443155783936,103.20290263851324,105.19347381591795,152883500.0
1338336000,104.29652361704946,105.18559711673431,103.45466744039396,103.6670913696289,162370400.0
1338422400,103.62776761296588,104.2099825710918,102.54986077497236,103.43893432617188,196186000.0
1338508800,101.81815522130375,103.4625379237332,100.8346710205078,100.8346710205078,253240900.0
1338768000,101.01563866051674,101.2910190659205,100.03215436325124,100.7874755859375,202545800.0
1338854400,100.59077155357733,101.70013870657714,100.5356966736796,101.5506591796875,164149400.0
1338940800,102.25877661865933,103.87955701567964,102.2272983943031,103.83235168457033,184202800.0
1339027200,105.01252331331716,105.05972864007931,103.682850584205,103.8952865600586,184772700.0
1339113600,103.62779370100117,104.74503058359385,103.29733236456326,104.72142791748048,143915400.0
1339372800,105.56329903149918,105.6262434850279,103.28948317151716,103.39176940917967,169756100.0
1339459200,103.6907220970492,104.65060383298142,103.19505412257097,104.57979583740234,181931800.0
1339545600,104.27291088705012,104.92594573020122,103.55693162469429,103.91099548339844,172223900.0
1339632000,104.12343862896084,105.42950855655997,103.84019469292032,105.01251220703124,230615500.0
1339718400,105.48546492016273,106.18141717100112,105.2640239220374,106.08651733398438,169444500.0
1339977600,105.64361206832368,106.55310081975216,105.40635046041253,106.2921142578125,131360900.0
1340064000,106.82994998315392,107.75525975643284,106.26843102622496,107.32028198242188,137382600.0
1340150400,107.32815526655736,107.63659173384238,106.18930921269686,107.14624786376952,206451800.0
1340236800,107.27282867001492,107.38354918466575,104.65506987763104,104.7420654296875,205272200.0
1340323200,105.28772711860184,105.7464296820858,104.88437875939302,105.54871368408205,130029200.0
1340582400,104.43361254091324,104.4731581616058,103.48457798243706,103.85628509521484,146375700.0
1340668800,104.15677866631567,104.69457242162012,103.54781005251722,104.3782196044922,141634000.0
1340755200,104.72621081783386,105.52497912405909,104.37032442664945,105.3193588256836,108088000.0
1340841600,104.62342013228402,105.17703472863184,103.8246516313934,105.01885223388672,169242100.0
1340928000,106.92484972421764,107.77108030800753,106.6480544629606,107.63663482666016,212250900.0
1341187200,107.93715150230554,108.0715969792324,107.1779285658208,107.96087646484376,129524500.0
1341273600,107.93716594642252,108.75175528292516,107.82644541721729,108.67267608642578,80450000.0
1341446400,108.26927701704184,108.98106185922272,107.78684949324912,108.18228149414062,126177500.0
1341532800,107.13831600336314,107.37557754814485,106.64798432707153,107.15413665771484,151192100.0
1341792000,107.06717189391546,107.21743798433197,106.52937810019466,107.01972198486328,103780500.0
1341878400,107.56542944309898,107.73942052271592,105.7227145127046,106.08651733398438,167884800.0
1341964800,106.14187105607324,106.45030755750538,105.4854524365888,106.10232543945312,141733400.0
1342051200,105.48548320147395,106.15771060955952,104.86861001869832,105.58828735351562,143583200.0
1342137600,105.86504700093602,107.47049982629248,105.84922634327395,107.35977935791016,129642600.0
1342396800,107.11462107512024,107.42305754949048,106.68754776129884,107.10670471191406,97525200.0
1342483200,107.53378761920682,108.06366509333934,106.41076209778188,107.84222412109376,138860300.0
1342569600,107.58916323783072,108.85455081757426,107.52590471971082,108.6410140991211,113349700.0
1342656000,108.86241150746572,109.281568410979,108.51444152667442,108.9256820678711,129847300.0
1342742400,108.3088564555904,108.47494325758971,107.81062018485392,107.9292449951172,142904500.0
1343001600,106.34749010951964,107.8580433460883,105.849241894783,106.83782196044922,145210900.0
1343088000,106.91696043176624,106.96441036506252,105.20869042730114,105.92046356201172,173301200.0
1343174400,106.14186884338216,106.41866401869687,105.38263405003848,105.94415283203124,129122300.0
1343260800,107.47050698549567,107.9213052516991,106.97225881077124,107.69194793701172,156526500.0
1343347200,108.26138344761496,109.98547341748612,107.6682353875102,109.6770248413086,236768900.0
1343606400,109.55049575988366,110.19899803043154,109.35277973984874,109.6770248413086,106782000.0
1343692800,109.5267545171717,109.82727461695276,108.90988159179688,108.90988159179688,120575900.0
1343779200,109.69283142281536,109.71655637676422,108.66470583706769,108.81497192382812,138293800.0
1343865600,107.9924771777282,108.79916180352912,107.22533816382833,108.06365203857422,199556600.0
1343952000,109.5820894835028,110.43622386123285,108.0952616332738,110.20687866210938,157825000.0
1344211200,110.4995395449462,110.85542599744376,110.3729983852402,110.42044830322266,86326200.0
1344297600,110.86332749592444,111.44857129406888,110.74470270396289,110.97406005859376,109545100.0
1344384000,110.60236788108205,111.23504961377223,110.57072655386924,111.1085205078125,89754700.0
1344470400,110.9502945220301,111.4248177031974,110.83957405544118,111.20337677001952,90291700.0
1344556800,110.75257562932556,111.42481477370092,110.57068031063152,111.38526916503906,99792700.0
1344816000,111.19544962827048,111.38524920763945,110.75255578528848,111.32989501953124,79426900.0
1344902400,111.74115797327642,111.81234489748869,111.0135646148207,111.3457260131836,102379400.0
1344988800,111.22711649163988,111.66209412086424,111.15594162530157,111.47228240966795,71085900.0
1345075200,111.63044960952334,112.42922997879076,111.35365444802515,112.29478454589844,112014200.0
1345161600,112.48461398367326,112.53998027121683,112.19199808560062,112.445068359375,90813700.0
1345420800,112.28690087154668,112.4767126325729,111.97846430214815,112.45298767089844,78255700.0
1345507200,112.7297345072147,113.16471206385285,111.8676957561844,112.11286163330078,105581100.0
1345593600,111.82819627994702,112.3422652653594,111.56722170593056,112.16036987304688,133243500.0
1345680000,111.8835100816304,111.89141437580366,111.06892127967129,111.24291229248048,111466400.0
1345766400,110.96614943333188,112.16826634710895,110.89497455447372,111.9151840209961,99481200.0
1346025600,112.2156728402323,112.36593890475696,111.78069530282534,111.9388656616211,68785900.0
1346112000,111.65414925151995,112.17612227332724,111.48807460579674,111.82814025878906,75689600.0
1346198400,111.92310038595556,112.21571626634774,111.60674747831447,111.9151840209961,65421300.0
1346284800,111.43276567214554,111.46440699935836,110.87125882423842,111.1085205078125,96589900.0
1346371200,111.74117081467172,112.16033984275708,111.00567307683536,111.63836669921876,151970400.0
1346716800,111.5434649043903,111.87563843860777,110.82378776059436,111.53556060791016,120226200.0
1346803200,111.58300066978444,111.8835328562893,111.21920998176743,111.4406509399414,100660300.0
1346889600,112.11289293737748,113.71044183344868,112.10498864054988,113.7025375366211,158272500.0
1346976000,113.89230350703286,114.19283564437268,113.78949940817331,114.1453857421875,107272100.0
1347235200,114.0346886625846,114.23240467397888,113.45736128824905,113.49689483642578,86458500.0
1347321600,113.56810459626696,114.17706134505448,113.53646327021328,113.81327056884766,88760000.0
1347408000,114.19287872314452,114.31941988845897,113.80535092973028,114.19287872314452,87640900.0
1347494400,114.17702038816633,116.28862560865954,113.87650030423752,115.9327392578125,225470200.0
1347580800,116.16208114609768,117.13484026076236,116.06716928220112,116.44679260253906,169777000.0
1347840000,116.20953907397008,116.4072550416153,115.75874087527902,116.0513687133789,119427800.0
1347926400,115.85366256889746,116.10673275377604,115.66385087951905,115.95646667480467,98326600.0
1348012800,116.09092736996293,116.39145956744606,115.79040724010736,116.0197525024414,128318300.0
1348099200,115.48984000662618,116.09089215162447,115.17349931296894,116.0276336669922,154009800.0
1348185600,116.5913835989648,116.6152352028864,115.931460915692,115.97916412353516,108737500.0
1348444800,115.4066944813473,116.06661712525592,115.31923456150288,115.80423736572266,95682000.0
1348531200,116.05072124529704,116.27334428442109,114.54005104318884,114.57186126708984,133165200.0
1348617600,114.54798860051044,114.57978668651825,113.65748447572686,113.92781066894533,146502200.0
1348704000,114.40490629569064,115.26360049824184,114.10276978033532,115.001220703125,111830300.0
1348790400,114.5639428180198,114.93763422159763,114.06304687036972,114.46853637695312,150696100.0
1349049600,114.90583883123168,115.8360880497427,114.5003371830254,114.77067565917967,135911200.0
1349136000,115.2238194906599,115.40668580675444,114.35717897955408,114.88988494873048,113422200.0
1349222400,115.1999711809477,115.6293121379665,114.59571039239091,115.3589859008789,121283100.0
1349308800,115.79627098227684,116.35282849837898,115.63725628225394,116.18586730957033,124311600.0
1349395200,116.806051829193,117.0048232690499,115.84399272218548,116.19383239746094,124842100.0
1349654400,115.76447419028926,116.17790998856564,115.5338925604389,115.79627227783205,78415400.0
1349740800,115.70887123083168,115.80427767403545,114.61164860578768,114.65140533447266,148872900.0
1349827200,114.63547907235387,114.74680274495852,113.76883835430236,113.91990661621094,124247500.0
1349913600,114.71502114967744,114.8819945682155,113.9596917836408,113.9835433959961,123601500.0
1350000000,114.06301460646137,114.45259888531903,113.3633352177506,113.60980987548828,124181900.0
1350259200,113.88011866857272,114.67520434940457,113.5143860493351,114.55594635009766,107689100.0
1350345600,115.09665360732876,115.79633322195492,115.01715228060787,115.7168197631836,108815500.0
1350432000,115.79633090514751,116.33699572346409,115.6214110049907,116.2415771484375,128834100.0
1350518400,115.939453125,116.49601093114468,115.5498565946736,115.939453125,148108500.0
1350604800,115.7247197785966,115.732666267629,113.7370056365116,114.00733184814452,185645200.0
1350864000,113.81650148094704,114.22994939970452,113.12478087482955,114.02323150634766,125578600.0
1350950400,112.79088740915122,112.94990216436273,111.97194989436623,112.44104766845705,192056300.0
1351036800,112.84655833770108,112.98173364370456,111.94811934236029,112.12303924560548,120179400.0
1351123200,112.918092095176,113.124810041831,111.76522007705366,112.44898223876952,134457400.0
1351209600,112.34564214261238,112.77498319833104,111.62211104874284,112.3853988647461,146023500.0
1351641600,112.78294182198673,112.9260514632102,111.85268062584116,112.3853988647461,103438500.0
1351728000,112.6239108763182,113.70522816634156,112.5205579609516,113.56211853027344,100995600.0
1351814400,114.23790007917034,114.26971029903451,112.43306439331516,112.55232238769533,137702200.0
1352073600,112.3854007616354,113.03736491384907,112.0514539957143,112.78294372558594,98378500.0
1352160000,113.1248168659095,114.11072771445048,113.00555883796194,113.6654815673828,107068100.0
1352246400,112.63190848564987,112.64780147379338,110.56467961410615,111.08943939208984,264304500.0
1352332800,111.07349229077066,111.6380085898536,109.66618692064483,109.75364685058594,181517300.0
1352419200,109.41972211999708,110.8667843401548,109.36407241340174,109.8490753173828,201055300.0
1352678400,110.19093695276862,110.36585679749484,109.6900411538221,109.93651580810548,97677500.0
1352764800,109.356114380111,110.7157166697766,109.21300473490862,109.5548858642578,123018300.0
1352851200,109.8888185218164,110.06372624391908,107.82953699015304,108.07601165771484,191505000.0
1352937600,108.11577340303252,108.52127496198337,107.47970227946162,107.89315032958984,178128400.0
1353024000,108.05216620988284,108.64053412846047,107.09806558055108,108.42585754394533,239483900.0
1353283200,109.6423586296626,110.63621616666842,108.45768821006368,110.62032318115234,151495800.0
1353369600,110.44537620443684,110.85086561257695,109.78545350582264,110.66799926757812,119807400.0
1353456000,110.76339093686424,110.9701209908592,110.54076790336616,110.87470245361328,81710800.0
1353628800,111.41539307851508,112.42514345483156,111.3438261258551,112.3853988647461,65409200.0
1353888000,111.82880139009814,112.39331758800942,111.46306875374314,112.14684295654295,100124400.0
1353974400,112.0355607779273,112.41719862554812,111.50285466319346,111.57440948486328,128646200.0
1354060800,111.121176291189,112.53642790772132,110.51691550917874,112.47283172607422,177086500.0
1354147200,112.89429718727575,113.30773328821611,112.40133547915003,112.99765014648438,151085900.0
1354233600,113.0134997372399,113.23612279975836,112.63186193464354,113.02144622802734,136568300.0
1354492800,113.53822945324688,113.63363584580532,112.37739910492922,112.46485900878906,124656300.0
1354579200,112.45694594002138,112.79882703631851,112.00374117659784,112.30587768554688,127512200.0
1354665600,112.40131174940814,113.0294365270093,111.60622569415126,112.50467681884766,147300500.0
1354752000,112.40126583485171,112.93397181842384,112.23430462539764,112.88626861572266,103220600.0
1354838400,113.3236016239766,113.45081829007184,112.63982720877598,113.22819519042967,108726400.0
1355097600,113.06915334299784,113.54619752852608,113.0214380056035,113.27587127685548,98840700.0
1355184000,113.74496740938694,114.57980988764878,113.689317714594,114.04710388183594,152570400.0
1355270400,114.49229548612658,114.9295948744608,113.94368462912912,114.10269927978516,145880100.0
1355356800,114.03120387397875,114.35719196336638,113.11686005764872,113.40309143066406,135715000.0
1355443200,113.15663221157314,113.3633501800457,112.80679247104406,112.9817123413086,137701700.0
1355702400,113.2759102471582,114.37313287582896,113.24410001128496,114.3095245361328,143238200.0
1355788800,114.49239338265858,115.6850224803946,114.3254199708733,115.58165740966795,177762800.0
1355875200,115.70884172071491,115.74859843926043,114.68318632170477,114.72293090820312,150895400.0
1355961600,114.79444176955852,115.39870234726786,114.47640030862634,115.38279724121094,168487000.0
1356048000,113.83904950207666,115.37643973499154,113.65488620918929,114.3354949951172,245883800.0
1356307200,114.08727837075652,114.15133782782696,113.85507352970674,113.98319244384766,53874600.0
1356480000,114.2153835268256,114.27144012679436,113.18245392395724,113.50273895263672,106947700.0
1356566400,113.53477976355651,113.7669968298964,112.03742808965973,113.35061645507812,167920600.0
1356652800,112.6139308784347,113.23849522000329,111.99736938603328,112.12548828125,148806700.0
1356912000,111.82926373558868,114.15136150000062,111.73316842100914,114.03125762939452,243935200.0
1357084800,116.19320923629536,117.0259578889844,115.88892981603676,116.95389556884766,192059000.0
1357171200,116.8978248809956,117.20209201473284,116.37734639928368,116.68962860107422,144761800.0
1357257600,116.88178714610552,117.39425047287789,116.6415672889739,117.20207214355467,116817700.0
1357516800,116.78574521865126,116.99392931849997,116.44942996937397,116.88182830810548,110002500.0
1357603200,116.6736129766293,116.83375548888336,116.08907509067072,116.54549407958984,121265100.0
1357689600,116.801742925648,117.16207892262148,116.61757961077002,116.84178161621094,90745600.0
1357776000,117.490310366571,117.77857169468348,116.88176410415,117.77056884765624,130735400.0
1357862400,117.73859365831646,117.82667389332536,117.3942877875229,117.76262664794922,113917300.0
1358121600,117.61848905988316,117.76262590630512,117.25015020177656,117.68254852294922,89567200.0
1358208000,117.1380499336449,117.8747276544975,117.0659876190267,117.76262664794922,93172600.0
1358294400,117.52241052845544,117.9307758759713,117.39429159735856,117.74661254882812,104849500.0
1358380800,118.26702808674482,118.8435508108531,117.8266270866498,118.50724792480467,133833500.0
1358467200,118.48328391004009,118.89966434756218,118.05088555081863,118.77154541015624,169906000.0
1358812800,118.77156494766376,119.41214752197266,118.4913062532485,119.41214752197266,111797300.0
1358899200,119.41210478420992,119.70836907882963,119.19590564641317,119.6042709350586,104596100.0
1358985600,119.42806477846472,120.22078650160935,119.31596382734112,119.63626098632812,146426400.0
1359072000,120.0126574969914,120.30892181396484,119.60427995944109,120.30892181396484,147211600.0
1359331200,120.34097372640178,120.37300957355302,119.71640910600632,120.16482543945312,113357700.0
1359417600,119.92457758276949,120.7893619834044,119.84450020160048,120.63722229003906,105694400.0
1359504000,120.62123240754408,120.8614523887952,120.05271219251958,120.16482543945312,137447700.0
1359590400,120.02064706137423,120.41300663567978,119.78844223125324,119.8685073852539,108975800.0
1359676800,120.62919421553772,121.2457557734048,120.4210101522736,121.10163116455078,131173000.0
1359936000,120.36493290074972,121.12561885976818,119.65227624681005,119.7403564453125,159073600.0
1360022400,120.38898844582872,121.29379923577176,120.34093469068934,120.94949340820312,113912400.0
1360108800,120.52511133793018,121.11763992453312,120.43703111315246,121.0375747680664,138762800.0
1360195200,121.07759971365152,121.18970069445554,119.99661637025577,120.8774185180664,162490000.0
1360281600,121.08561169438424,121.62209587283928,121.08561169438424,121.55003356933594,103133700.0
1360540800,121.50201835049792,121.63012506733185,121.22175970760458,121.52603912353516,73775000.0
1360627200,121.5340483940985,121.95042884555906,121.39792660033336,121.72622680664062,65392700.0
1360713600,121.97440567186034,122.19860762999764,121.4859630734704,121.83026885986328,82322600.0
1360800000,121.46194763093789,122.08651200141938,121.32582588025252,121.94237518310548,80834300.0
1360886400,122.054535033954,122.18265399689344,121.34990517398056,121.79830932617188,215226500.0
1361232000,122.00644827090798,122.73511085727937,121.83830288518676,122.71109008789062,95105400.0
1361318400,122.6230089026811,122.6630475907136,121.11764220292268,121.18170166015624,160574800.0
1361404800,120.8773978454695,121.24572434022372,120.06065528609724,120.44499969482422,183257000.0
1361491200,121.02959039269382,121.62213134765624,120.50112112810032,121.62213134765624,106356600.0
1361750400,122.21465712103792,122.39882044463914,119.30802154541016,119.30802154541016,245824800.0
1361836800,119.88451309746377,120.2688575645738,119.09179117958968,120.1247329711914,186596200.0
1361923200,120.02066989452084,121.9744408515849,119.91657173461525,121.6381378173828,150781900.0
1362009600,121.63010828907606,122.40681242505556,121.23776090486066,121.3979034423828,126866000.0
1362096000,120.98156621005384,121.98247269908684,120.43707894470634,121.79830932617188,170634800.0
1362355200,121.51800979559316,122.44685363769533,121.32584363384284,122.44685363769533,99010200.0
1362441600,123.039374929649,123.87212334047288,123.02335701268392,123.5438232421875,121431900.0
1362528000,123.9842262291892,124.0482856799437,123.43973922491236,123.71198272705078,94469900.0
1362614400,123.87213591726152,124.09633790517324,123.72801130421486,123.93619537353516,86101400.0
1362700800,124.48070908255886,124.632836563502,123.84012666360712,124.46469116210938,123477800.0
1362960000,124.36861063260916,124.945121381616,124.21647093044464,124.93711853027344,83746800.0
1363046400,124.84903874732636,124.99317559867268,124.28053084759388,124.6568603515625,105755800.0
1363132800,124.72092968214432,125.00919118954452,124.29654638209608,124.8330307006836,92550900.0
1363219200,125.16132422064167,125.55368387362432,124.84103910423131,125.49762725830078,126329900.0
1363305600,125.34803649044711,125.50084059289674,124.91371497525216,125.33194732666016,138601100.0
1363564800,124.1335240591377,125.17909853063787,124.02092448666431,124.64022827148438,126704300.0
1363651200,124.90567519377883,125.0745684582092,123.5303401069515,124.35071563720705,167567300.0
1363737600,125.08258740029284,125.42842455932268,124.8734651437326,125.21931457519533,113759300.0
1363824000,124.47135257916422,125.1791285027095,123.94053290894117,124.14964294433594,128605000.0
1363910400,124.54375024479629,125.14696502685544,124.4472275344102,125.14696502685548,111163600.0
1364169600,125.47672533285912,125.685847665363,124.1416191456076,124.62418365478516,151322300.0
1364256000,125.13889854589144,125.6536412708461,125.00217135187292,125.62147521972656,86856600.0
1364342400,124.8734826025256,125.66169198795193,124.66437258916216,125.62147521972656,99950600.0
1364428800,125.54105029772909,126.15231576285572,125.26759589092794,126.00753784179688,102932800.0
1364774400,125.94314388621056,126.20052130125154,125.20320222661368,125.5088348388672,99194100.0
1364860800,125.95929117568058,126.44186791538664,125.76625802531088,126.1281967163086,101504300.0
1364947200,126.20055724452824,126.29706766644048,124.519601943241,124.84934997558594,154167400.0
1365033600,125.01018391697636,125.60536005516856,124.73672958554972,125.35603332519533,131885000.0
1365120000,123.81987608836748,124.94588429599878,123.6751104420288,124.7930679321289,159666000.0
1365379200,124.88150420957452,125.6455735380123,124.4632720079036,125.63753509521484,86571200.0
1365465600,125.8708658902839,126.5303868611196,125.45263337883786,126.07193756103516,101922200.0
1365552000,126.40968224858284,127.77696656845576,126.37751619494011,127.6161117553711,135711100.0
1365638400,127.64024279994226,128.45257987740757,127.51155403703584,128.0343475341797,110142500.0
1365724800,127.62414227821988,127.91368583277266,127.0128891174684,127.72066497802734,116359900.0
1365984000,127.07724339225162,127.18180454500695,124.7448178845327,124.76089477539062,217259000.0
1366070400,125.7018903507391,126.66704365131945,125.39626992649374,126.60269927978516,147507800.0
1366156800,125.7019053741359,125.72604525472612,124.08529426559066,124.75285339355467,226834800.0
1366243200,124.96194776589438,124.9941260876929,123.4981532073438,123.9726791381836,167583200.0
1366329600,124.26219525479912,125.10669806538594,123.95656262731806,125.0503921508789,149687600.0
1366588800,125.2917136734726,125.90296681822838,124.4632998003763,125.60538482666016,106553500.0
1366675200,126.2327323411228,127.02092947890723,125.60539000886486,126.9002914428711,166141300.0
1366761600,126.94051137892046,127.31852693117672,126.70726147351878,126.98072814941406,96781200.0
1366848000,127.35070546495884,128.09869819765285,127.15768458356928,127.4954833984375,131060600.0
1366934400,127.3426159557931,127.55977663271337,126.86003940095512,127.27023315429688,95918800.0
1367193600,127.61606807021988,128.40426497522637,127.41499655458536,128.12277221679688,88572800.0
1367280000,128.09870342810254,128.46062986792242,127.56787143773369,128.42845153808594,116010700.0
1367366400,128.14692455298925,128.21126892310443,127.15765594139042,127.30242156982422,138874200.0
1367452800,127.62413379052693,128.597325534073,127.5034957643342,128.48472595214844,96407600.0
1367539200,129.6026763037905,130.19785250310062,128.50884659332772,129.78765869140625,144202300.0
1367798400,129.88416355956903,130.30238348528323,129.82785764316617,130.11740112304688,66882100.0
1367884800,130.39890107900217,130.8171209884198,130.02892409651457,130.77691650390625,90359200.0
1367971200,130.63217419489158,131.41233285675995,130.5597913761453,131.3721160888672,97419200.0
1368057600,131.3157920527824,131.6616291772972,130.67236073265508,131.0021209716797,106738600.0
1368144000,131.09059182401404,131.54099006256823,130.70452567174053,131.4283905029297,103203000.0
1368403200,131.25948939628051,131.75010440941412,130.95386902276408,131.53294372558594,81843200.0
1368489600,131.63751222932794,132.98871933818418,131.63751222932794,132.89219665527344,119000900.0
1368576000,132.6750694735602,133.8734481703041,132.63485270527792,133.6080322265625,120718500.0
1368662400,133.33457027797,133.8010577642383,132.77961081547093,132.98068237304688,109913600.0
1368748800,133.47133014396718,134.34799940426063,133.2943861481821,134.267578125,129801000.0
1369008000,134.13891392474352,134.78234563888617,134.00218667975955,134.25955200195312,85071200.0
1369094400,134.3801013389433,134.95918821913187,133.91361400365636,134.45248413085938,95804200.0
1369180800,134.58926204497655,135.98068613410737,132.8439623043958,133.45521545410156,244031800.0
1369267200,132.03162900664006,133.4391298936235,131.85468505619602,133.06915283203125,211064400.0
1369353600,132.28097590314255,133.01287942114476,131.8868711767331,132.95657348632812,151573900.0
1369699200,134.3479562690978,134.94313245223017,133.3586877175149,133.75279235839844,143679800.0
1369785600,133.0449947675619,133.35062738879915,132.17636437491203,132.88414001464844,160363400.0
1369872000,132.98871720999705,133.98602416213117,132.88415608536397,133.37477111816406,107793800.0
1369958400,133.00475293995487,133.76078363581112,131.20316041103305,131.4605255126953,176850100.0
1370217600,131.76623117228306,132.27293548834567,130.8252176370493,132.18446350097656,168390700.0
1370304000,132.25680215181436,132.78763389873174,130.88146758433408,131.5490264892578,157631500.0
1370390400,131.17110116663423,131.43651722242203,129.5947062729392,129.70730590820312,211737800.0
1370476800,129.65092812725746,130.8895357014073,128.88685872037522,130.88148498535156,200225500.0
1370563200,131.78228683490985,132.66699421126447,131.211238284796,132.54635620117188,188337800.0
1370822400,132.9565377079191,133.02892051397467,132.20050678485245,132.54635620117188,105667100.0
1370908800,131.33999303539008,132.33730047999035,130.88959454138498,131.17913818359375,159505400.0
1370995200,132.0799111063481,132.21663831908492,129.97268470514916,130.09332275390625,177361500.0
1371081600,130.0209362190122,132.30510654157948,129.731392637811,132.07186889648438,163587800.0
1371168000,131.9271023551279,132.44184518030448,131.0263054791781,131.2434539794922,141197500.0
1371427200,132.1361856337809,132.88417824504876,131.2756057082705,132.2568359375,136295600.0
1371513600,132.3292524257694,133.5035160762652,132.32121397911666,133.3024444580078,114695600.0
1371600000,133.18974752974347,133.42298503663827,131.40423188238086,131.4605255126953,206149500.0
1371686400,130.18178151711896,131.47668295607158,127.8654330368969,128.20323181152344,321255900.0
1371772800,129.07562380361483,129.1726448801845,127.32108942388416,128.61476135253906,271956800.0
1372032000,127.2725957626018,128.09729969754366,125.91423882365206,126.9896011352539,222329000.0
1372118400,128.1377320978488,129.44757852104976,127.28067955589285,128.21051025390625,162262200.0
1372204800,129.26164009842995,129.77102564236938,128.760347872569,129.47994995117188,134848000.0
1372291200,130.256103491492,130.8382546396282,130.1348148054977,130.23992919921875,129483700.0
1372377600,129.87611334573546,130.49868184087794,129.25353251322042,129.70631408691406,160402900.0
1372636800,130.38546472611895,131.37188684906567,130.2399331034074,130.46632385253906,131954800.0
1372723200,130.27226884862498,131.22635471974263,129.7709768113931,130.3450469970703,154863700.0
1372809600,129.75479064933154,130.79781652880857,129.5445742129992,130.40162658691406,75216400.0
1372982400,131.36380169084828,131.85701273662568,130.4178091612169,131.80850219726562,122416900.0
1373241600,132.48767425452905,132.91620046815794,131.85701256891028,132.56044006347656,108092500.0
1373328000,133.39331390579076,133.6763086642117,132.81925574425418,133.5146026611328,119298000.0
1373414400,133.38516909692467,134.01583084331526,133.11026778949724,133.56304931640625,121410100.0
1373500800,135.11550378018566,135.51977492879047,133.5550107311355,135.38232421875,135592200.0
1373587200,135.34180645016087,135.7784135777232,135.13159003131508,135.43882751464844,104212700.0
1373846400,135.81081295332922,136.15039914341577,135.5763288432916,135.9563446044922,69450600.0
1373932800,136.04525831220965,136.12611743873853,135.08310379579072,135.4469451904297,88702100.0
1374019200,135.9645076027047,136.22323478316045,135.6168279177864,135.79470825195312,92873900.0
1374105600,136.08570112306597,136.8619068662452,135.99676101017428,136.53848266601562,103620100.0
1374192000,136.2554738589336,136.8295316544168,136.0856746446797,136.78102111816406,103831700.0
1374451200,136.97508575272772,137.24190605926302,136.651661591456,137.0478515625,79428600.0
1374537600,137.2904461478469,137.3147014229914,136.68403959448835,136.75680541992188,80829700.0
1374624000,137.2823479336643,137.3389517985641,135.9805947520665,136.25550842285156,112914000.0
1374710400,136.01293246126718,136.70827905551036,135.7865416945249,136.5869903564453,111088600.0
1374796800,136.01294202811545,136.77297351451125,135.44696507145017,136.7325439453125,107814600.0
1375056000,136.3848385622259,136.69208842495772,135.92397610549816,136.31207275390625,79695000.0
1375142400,136.72443700912424,136.86996862576353,135.98866093646117,136.31207275390625,85209600.0
1375228800,136.5950187291611,137.3307945399407,136.23117747969428,136.4090576171875,142388700.0
1375315200,137.44410275308184,138.10710098859963,137.37132457352286,137.98582458496094,110438400.0
1375401600,137.67856932648417,138.23646543668863,137.49260806887443,138.2202911376953,91116700.0
1375660800,137.91301011564713,138.22834099130012,137.73512989477916,138.0181121826172,54072700.0
1375747200,137.75126142039755,138.05043027342444,136.92655767387456,137.23379516601562,87495000.0
1375833600,136.797232110405,136.99127430747512,136.27976568926363,136.7891387939453,84854700.0
1375920000,137.43601325579556,137.5977192442684,136.587041394593,137.2904815673828,102181300.0
1376006400,137.11256640626814,137.53301173926428,136.4172197290477,136.89425659179688,91757700.0
1376265600,136.20699655784597,136.8942498847351,136.14231171460247,136.7325439453125,68593300.0
1376352000,136.97511960960298,137.3712973412021,136.16657751262738,137.13682556152344,80806000.0
1376438400,137.07213820220727,137.29044801885593,136.40104679352672,136.4333953857422,79829200.0
1376524800,135.3580047034679,135.37416665883157,134.29072345568275,134.52520751953125,152931800.0
1376611200,134.26645127452906,134.72732602912694,133.81366983396418,134.0804901123047,130868200.0
1376870400,133.92684651957683,134.38772120991115,133.21532587654866,133.22341918945312,96437600.0
1376956800,133.4417678569907,134.37967954924392,133.2962362171783,133.87838745117188,89294400.0
1377043200,133.50649262437568,134.2422690342365,132.75455425239477,133.0537109375,159530500.0
1377129600,133.3285526803511,134.46051872838518,133.3204717029071,134.26646423339844,101471400.0
1377216000,134.66269252466358,134.8890833312253,134.0320306581884,134.7192840576172,90888900.0
1377475200,134.8566838895596,135.2690481111079,134.12900119103878,134.2179412841797,89702100.0
1377561600,132.8919862576886,134.2179948701396,131.96216773420045,132.05918884277344,158619400.0
1377648000,132.0025470484639,132.99706247512043,131.8327601572389,132.52810668945312,108113000.0
1377734400,132.23703497825926,133.44175455676003,132.11574628646588,132.7383270263672,119200500.0
1377820800,133.01326360713404,133.02943790447137,131.92982009563946,132.3179168701172,134928900.0
1378166400,133.5954169567809,133.87841164627838,132.35834844531894,132.91624450683594,142375100.0
1378252800,132.94860265601207,134.24227525334,132.7060498392173,134.01588439941406,97389400.0
1378339200,134.0966830637883,134.54137125220265,133.99964964347205,134.1856231689453,63090500.0
1378425600,134.6303361960459,135.01035195752152,132.9889967740866,134.2503204345703,159756500.0
1378684800,134.5818027720168,135.61673546304786,134.5818027720168,135.535888671875,87559300.0
1378771200,136.35252146174096,136.56273793886135,136.04527155586578,136.53848266601562,105847200.0
1378857600,136.3524774456643,136.9669647216797,136.1180057713882,136.9669647216797,94545900.0
1378944000,136.91849555067796,137.09637577277198,136.4172034724338,136.60316467285156,83209000.0
1379030400,136.74874020160044,137.01556059631525,136.43340925100554,136.9104461669922,72727800.0
1379289600,138.3900396229182,138.4547244577668,137.484464272409,137.70277404785156,106299200.0
1379376000,137.82414094454057,138.3496885620092,137.82414094454057,138.31735229492188,82523300.0
1379462400,138.26873486075175,140.29818276396904,137.92106779339045,139.9181671142578,203460600.0
1379548800,140.2982769589944,140.3629618297538,139.54632613162158,139.68377685546875,146616900.0
1379635200,140.0152057527612,140.0152057527612,138.59336041263555,138.7071075439453,132867100.0
1379894400,138.52021691164518,138.65020475619465,137.62648074439974,138.06521606445312,104616500.0
1379980800,138.0408643932514,138.55273267882882,137.4802615060802,137.74024963378906,106333100.0
1380067200,137.82961205595268,138.10585329339972,137.22024982172792,137.3421173095703,117306500.0
1380153600,137.56965497258378,138.2602582219386,137.35028104749028,137.87026977539062,77146900.0
1380240000,137.17961621524233,137.4233635760346,136.87900149551845,137.2364959716797,99141800.0
1380499200,136.0746644949484,136.93589458708286,135.8065435874429,136.50527954101562,143937000.0
1380585600,136.61092958741472,137.71590727442555,136.47280892622712,137.58590698242188,127160000.0
1380672000,136.78156713600208,137.58591766049145,136.35907235295534,137.45591735839844,113350000.0
1380758400,137.13903464780165,137.260914566996,135.5546948783536,136.1884307861328,176698000.0
1380844800,136.2940759144861,137.35842707215386,136.115328593617,137.22030639648438,96878000.0
1381104000,136.02595250608613,136.86280931271793,135.88783183288112,136.03407287597656,96295000.0
1381190400,136.0095805631122,136.18832772465456,134.35212153494723,134.44961547851562,178015000.0
1381276800,134.70970483914067,135.0346931307033,133.67784779729098,134.54721069335938,168973000.0
1381363200,135.92026673999715,137.52085913728484,135.87151974678125,137.44773864746094,195955000.0
1381449600,137.23652923031565,138.38213342541718,137.1227820873806,138.3333740234375,105040000.0
1381708800,137.48019643255932,138.99953504043253,137.37456971949808,138.8857879638672,112106000.0
1381795200,138.53649681609045,139.05648553383554,137.69151979882056,137.87838745117188,155485000.0
1381881600,138.70708293540488,139.8770603055966,138.64208281511586,139.80393981933594,161676000.0
1381968000,139.23530377460887,140.81965663535632,139.21093025959877,140.7384033203125,129389000.0
1382054400,141.25834967848908,141.78645887437165,140.9739755591606,141.68896484375,138316000.0
1382313600,141.7376481113657,141.98139547580388,141.38015362985715,141.697021484375,104104000.0
1382400000,142.1114585408461,142.94018258974936,141.7214576263501,142.5177001953125,126663000.0
1382486400,142.030177841443,142.09517798131503,141.3395746006321,141.83518981933594,105484000.0
1382572800,142.11952886043304,142.4851437411915,141.78640784568344,142.306396484375,70350000.0
1382659200,142.59886541346378,142.9969864866705,142.3226242104248,142.95635986328125,93625000.0
1382918400,142.9075967188145,143.37883822234602,142.75322300588994,143.183837890625,84979000.0
1383004800,143.50891162151373,144.00452686954645,143.3057908214595,143.94764709472656,87401000.0
1383091200,144.1182668229431,144.2238812033892,142.72079479657324,143.23265075683594,140002000.0
1383177600,143.11886459288542,143.7201064302049,142.61512913844567,142.8263702392578,133795000.0
1383264000,143.01327454734684,143.49263658691407,142.36328560687016,143.1676483154297,142805000.0
1383523200,143.55770056854644,143.72831514782948,142.98083187296302,143.67144775390625,85677000.0
1383609600,143.11075812827585,143.60637326458004,142.64764925525776,143.2163848876953,85825000.0
1383696000,143.8338999425966,144.2157680384993,143.4357787113868,143.94764709472656,87348000.0
1383782400,144.21578888282946,144.32953605139994,141.98958012936498,142.12770080566406,157000000.0
1383868800,142.0789427683546,144.06140389323133,142.06270202946982,144.04515075683594,136713000.0
1384128000,143.90701249390784,144.24013356297,143.7363979739066,144.06951904296875,62614000.0
1384214400,143.7607854382324,144.10202690888397,143.29766404394866,143.77703857421875,83990000.0
1384300800,143.07013203895892,144.97133933065703,143.07013203895892,144.93072509765625,103844000.0
1384387200,145.06073275826282,145.77572188076743,144.82511810516945,145.6538543701172,103435000.0
1384473600,145.88944600418375,146.3444345021663,145.70257838483522,146.28756713867188,102818000.0
1384732800,146.53134209991885,146.65320961427886,145.4507380150599,145.77572631835938,104796000.0
1384819200,145.702594453129,146.1413298681375,145.20697927084652,145.45884704589844,93891000.0
1384905600,145.75135877859964,146.19009424575478,144.605754506709,145.00387573242188,124909000.0
1384992000,145.41010725542702,146.28759052647007,145.32073361492704,146.17384338378906,92841000.0
1385078400,146.2307581432166,146.92137398883324,146.0601435726609,146.90512084960938,81296000.0
1385337600,147.16501520834058,147.1975090658093,146.54752033890108,146.75877380371094,79486000.0
1385424000,146.83194474270638,147.2381862869486,146.5800769688775,146.7994384765625,86994000.0
1385510400,146.95380063065383,147.25442777993473,146.77505337351613,147.15692138671875,58800000.0
1385683200,147.31943351185228,147.6687952747661,146.89693885186858,147.05943298339844,55870900.0
1385942400,147.13257036660653,147.4088116616571,146.4500874973608,146.67758178710938,99726000.0
1386028800,146.198242824763,146.56385781985523,145.572627230265,146.0438690185547,116563000.0
1386115200,145.51574715991856,146.6369655539405,144.9063847553921,146.02760314941406,123033000.0
1386201600,145.76764087156943,146.03576186490457,145.24765202321072,145.38577270507812,106934000.0
1386288000,146.79130726335876,147.14880177948035,146.3688126172599,147.01068115234375,127728000.0
1386547200,147.4413096996571,147.60380384076254,147.1894419213174,147.38442993164062,70124000.0
1386633600,147.04325200041774,147.3519996800724,146.7670106015234,146.85638427734375,80976000.0
1386720000,146.91320499962288,146.9375785016363,145.02823819386208,145.2069854736328,130591000.0
1386806400,145.1419925676169,145.3207398562939,144.42700341290893,144.72763061523438,115565000.0
1386892800,145.02823265768075,145.15823292846218,144.4351234688144,144.71136474609375,107808000.0
1387152000,145.39390725269632,146.09264349807822,145.3532806017122,145.61328125,96195000.0
1387238400,145.7432682600305,145.76764176889174,144.82515810121723,145.150146484375,89886000.0
1387324800,145.36951692324138,147.65259311276014,144.06955102474026,147.6282196044922,234906000.0
1387411200,147.20568512754224,147.62817981951324,146.82382946841494,147.4575653076172,136531200.0
1387497600,147.6045681013348,148.666532716933,147.50654481721605,148.3152618408203,197087000.0
1387756800,149.04232824967266,149.1975401253316,148.73191696316965,149.10768127441406,85598000.0
1387843200,149.11582955406067,149.49977074226214,149.10766510115917,149.43441772460938,45368800.0
1388016000,149.76937961672766,150.27586249673607,149.75305070739756,150.1941680908203,63365000.0
1388102400,150.39025874908427,150.4555993297506,150.03082323132494,150.18603515625,61814000.0
1388361600,150.20230323603275,150.32484482099446,149.96540944880894,150.16146850585938,56857000.0
1388448000,150.3657371731377,150.87220764160156,150.25136000689866,150.87220764160156,86119900.0
1388620800,150.29220599037075,150.36573594875676,149.06686457162533,149.42630004882812,119636900.0
1388707200,149.67948963588822,149.98174890308,149.18936069674652,149.40174865722656,81390600.0
1388966400,149.8919207254851,149.94909683758237,148.74009691592389,148.9688262939453,108028200.0
1389052800,149.56513982258,150.13696320743608,149.4507751456088,149.88372802734375,86144200.0
1389139200,149.85925428795588,150.16967810540697,149.40179548212328,149.91644287109375,96582300.0
1389225600,150.39842193930195,150.41476331674042,149.32829231623052,150.0144805908203,90683400.0
1389312000,150.26763971751848,150.48820457432447,149.4997574095967,150.4228515625,102026400.0
1389571200,150.03894038544468,150.4555518961481,148.13557560451824,148.42149353027344,149892000.0
1389657600,148.91159227528922,150.12060429282278,148.6338513245636,150.03890991210938,105016100.0
1389744000,150.39024322002592,151.07643142953782,150.0716549466941,150.8477020263672,98525800.0
1389830400,150.53723140330905,150.8476551245879,150.16963158142363,150.65159606933594,72290600.0
1389916800,150.39025748299213,150.67616303166182,149.75308087589892,150.0144805908203,107848700.0
1390262400,150.88033957467013,150.93752814546258,149.5324692795371,150.45555114746094,88621200.0
1390348800,150.70883129345788,150.77418433210818,150.23503111185642,150.55361938476562,61270900.0
1390435200,149.79389905170518,149.81840488274258,148.52772289871487,149.32009887695312,132496900.0
1390521600,148.34800527764287,148.39701693975616,146.0852046464805,146.13421630859375,208677100.0
1390780800,146.27305501552237,146.6488317846636,144.68827847296038,145.41531372070312,180843100.0
1390867200,145.5215167347122,146.46911689697978,145.50517536231038,146.28123474121094,110463200.0
1390953600,145.06407235988053,145.85646072466452,144.49224891746323,144.87619018554688,216597300.0
1391040000,146.0851583902381,146.88571103584255,145.61952281796562,146.4119110107422,118938100.0
1391126400,144.5984345225525,146.46095225844752,144.52491703780254,145.55419921875,194677900.0
1391385600,145.38262683094513,145.70937944648918,142.00068615432966,142.27842712402344,254837100.0
1391472000,142.91560431468966,143.6426394837668,142.22941633900606,143.27503967285156,165012400.0
1391558400,142.77674871607556,143.41392511204944,141.90267851741993,143.0953369140625,164230500.0
1391644800,143.4302066597786,144.9822998046875,143.13612441008107,144.9822998046875,132877600.0
1391731200,145.6604302570444,146.9347834548231,145.18663003597976,146.77957153320312,170787200.0
1391990400,146.795867606006,147.09812689975735,146.39559747359044,147.04910278320312,92218800.0
1392076800,147.1716454361448,149.03416300453276,147.07360966714575,148.65838623046875,117814100.0
1392163200,148.87895329337402,149.35275337850797,148.4378359533197,148.73191833496094,94717700.0
1392249600,147.72718796792932,149.65505935053224,147.71902351084074,149.49984741210938,100542200.0
1392336000,149.36096355759983,150.60264648963667,149.22209301053542,150.3249053955078,96498400.0
1392681600,150.45555351891755,150.70880116737086,150.02260063112027,150.50457763671875,80460900.0
1392768000,150.1124587582198,151.0845647537994,149.38542349120212,149.50796508789062,126524300.0
1392854400,149.7122349648942,150.733352929337,149.16491723173115,150.3902587890625,104998100.0
1392940800,150.67608654720414,151.0355218794851,150.1451104657607,150.2186279296875,118116400.0
1393200000,150.5372630626279,152.06485123685522,150.47191003046623,151.05191040039062,114063900.0
1393286400,151.1744381796014,151.60739110704705,150.4964144999674,150.99472045898438,117085000.0
1393372800,151.21531773693775,151.61560046665164,150.57814112380558,151.0029296875,98677200.0
1393459200,150.7823347781994,151.83612282458452,150.61078150957945,151.7952880859375,93880800.0
1393545600,151.77078259686587,152.88175931479591,151.16628880794494,152.17922973632812,150842000.0
1393804800,150.8394932706307,151.49301105525493,150.1042935534378,151.10906982421875,167748500.0
1393891200,152.5876483689031,153.55975437358228,152.55497808836935,153.23300170898438,167545900.0
1393977600,153.36370749432672,153.6332840513185,153.12680121781193,153.3718719482422,88376900.0
1394064000,153.74766282487434,154.07441551885933,153.396391837265,153.72314453125,82516500.0
1394150400,154.3603338378481,154.3603338378481,153.1104742416153,153.7884979248047,114513500.0
1394409600,153.55157524583817,153.7639632110489,152.8245400414925,153.706787109375,74939200.0
1394496000,153.93551453134464,154.15607941177578,152.59580880747572,152.9470672607422,99009100.0
1394582400,152.20373410095064,153.0451341340432,151.86062756616786,152.98794555664062,104824400.0
1394668800,153.44540248618316,153.56794409423418,150.84768493107512,151.2724609375,155014300.0
1394755200,151.00291393526533,151.77896101493835,150.66798428604488,150.8477020263672,153919600.0
1395014400,151.60736220794024,152.57130365885197,151.54200918882643,152.2118682861328,98359500.0
1395100800,152.52230817364642,153.50257863460635,152.35891937614045,153.29835510253906,101804600.0
1395187200,153.31472963176313,153.5271301457981,151.50940005137932,152.48150634765625,176267300.0
1395273600,152.14653076090602,153.48623662713428,151.87695420391427,153.3718719482422,117241000.0
1395360000,154.01595496148522,155.0908072217144,152.63750939582002,152.77699279785156,163128000.0
1395619200,153.30212520758536,153.4908491088716,151.48061529660382,152.1452178955078,121411000.0
1395705600,152.9164917620454,153.38418249865455,152.01394980060903,152.8672637939453,103852000.0
1395792000,153.46621918294426,153.7123715340416,151.7267642695592,151.76779174804688,119843000.0
1395878400,151.58732891419805,152.071420762263,150.88989911829708,151.44784545898438,142383000.0
1395964800,151.8826794164444,152.95753187483228,151.79242396086366,152.19447326660156,101642000.0
1396224000,153.16268348647486,153.6796023240366,152.21911380250668,153.441650390625,99745000.0
1396310400,153.9421418778905,154.54931613214805,153.43343609611034,154.4590606689453,89193000.0
1396396800,154.6559426116164,155.18106174786965,154.36876280217558,154.97593688964844,78774000.0
1396483200,155.21390778099524,155.25493526494844,154.2949522356288,154.77084350585938,77435000.0
1396569600,155.61593744435447,155.6487519154758,152.69496124123708,152.94110107421875,169381000.0
1396828800,152.57188979450905,152.82624265346337,150.93910369225532,151.25088500976562,140803000.0
1396915200,151.18523683149996,152.12060578216696,150.6355036562669,151.8744659423828,112660000.0
1397001600,152.28474196121493,153.55650641882832,151.8416651335428,153.5072784423828,100254000.0
1397088000,153.49905629722647,153.5728982514771,150.0939756754367,150.28269958496094,172959000.0
1397174400,149.445782229882,150.49602061500516,148.7647661251831,148.92886352539062,167251000.0
1397433600,150.0939598442924,150.4549816089894,148.87142366454717,150.1021728515625,132382000.0
1397520000,150.41403130216457,151.24273160380457,148.9289161281855,151.1360626220703,157093000.0
1397606400,152.17805651150687,152.7277897219738,151.50524085343008,152.71958923339844,105197000.0
1397692800,152.51447206779844,153.35958566758543,152.25190618212494,152.93292236328125,105255000.0
1398038400,152.9738944458373,153.5154269990409,152.7851831087485,153.4661865234375,68329000.0
1398124800,153.62217865883946,154.58216195126977,153.5401361882773,154.16371154785156,85790000.0
1398211200,154.10620560066792,154.18824802998705,153.67954240079507,153.8026123046875,73869000.0
1398297600,154.557535797256,154.5739492980105,153.37601413958797,154.11447143554688,88170000.0
1398384000,153.6139777170456,153.70423319828282,152.50629794911922,152.8509063720703,100380000.0
1398643200,153.47447490489373,153.99959422413033,151.75963349736827,153.33499145507812,135121000.0
1398729600,153.82722873947571,154.28670641444077,153.4990339773086,154.04876708984375,84098000.0
1398816000,153.79447002883444,154.66419773173897,153.581132088236,154.50830078125,101508000.0
1398902400,154.43447901497066,154.94318490325935,154.0324295911024,154.5247344970703,93019000.0
1398988800,154.50828653285632,155.18930274228774,154.07342272150618,154.30316162109375,98122000.0
1399248000,153.54831787325242,154.70522548903816,153.1216545111508,154.5985565185547,75883000.0
1399334400,154.25392494322682,154.36059389767158,153.22009995340582,153.25291442871094,85454000.0
1399420800,153.7698664220334,154.22934429460673,152.62115922076703,154.15550231933594,106500000.0
1399507200,154.01599003237126,155.11545652450437,153.49907126256107,153.99136352539062,93618000.0
1399593600,154.01594449045547,154.286698269044,153.29390102801406,154.2210693359375,83679000.0
1399852800,154.91026318172092,155.7964038871295,154.2538612681044,155.72254943847656,86940000.0
1399939200,155.9277047420153,156.23949852890777,155.7061789122178,155.86207580566406,66454000.0
1400025600,155.72258781233904,155.7964422791915,154.90208834808348,155.12362670898438,72367000.0
1400112000,154.8118964586421,154.84472346179209,153.00679940022826,153.76165771484375,154956000.0
1400198400,153.85186038218964,154.36057859772336,153.2036712705605,154.29493713378906,97458000.0
1400457600,153.99957215790718,154.98416917541633,153.86008872807784,154.86109924316406,63839000.0
1400544000,154.7872006054486,154.80361409834316,153.4908226227947,153.88465881347656,111644000.0
1400630400,154.32777989962057,155.25494853291087,154.3031659111112,155.1811065673828,89093000.0
1400716800,155.22206393511885,155.87846593139685,154.9595106485037,155.5584716796875,61549000.0
1400803200,155.6979789150917,156.28873955023622,155.55849550399213,156.1820831298828,61092800.0
1401148800,156.7646088455301,157.19127202679252,156.67435341333663,157.1420440673828,72010000.0
1401235200,157.14207585603398,157.38822822270427,156.76464055782895,157.02720642089844,66723000.0
1401321600,157.38824328103743,157.86412204367969,156.9861939596817,157.83950805664062,64377000.0
1401408000,157.69186568044356,158.19237108182037,157.56058270175987,158.09390258789062,76316000.0
1401667200,158.31541103296098,158.3482380313249,157.511324850687,158.27438354492188,64656000.0
1401753600,157.88869795977016,158.27433369016978,157.74101407314612,158.19229125976562,65047000.0
1401840000,157.9216291607225,158.60264563360252,157.75753167179815,158.51239013671875,55529000.0
1401926400,158.69282851428468,159.71023999196004,158.11026829736562,159.546142578125,92103000.0
1402012800,159.89077176146657,160.3502495880773,159.81692979358235,160.30923461914062,78696000.0
1402272000,160.28461621737688,160.85896348482913,160.13691976584263,160.47332763671875,65119000.0
1402358400,160.27633196684062,160.52248426343138,159.93172375954393,160.4896697998047,57129000.0
1402444800,159.91533394236723,160.09584481860233,159.57072568405326,159.93174743652344,68772000.0
1402531200,159.7430969869703,159.8333524595044,158.44670589049517,158.7995147705078,106350000.0
1402617600,159.11128941959603,159.43949678900694,158.60258364679785,159.28359985351562,82017000.0
1402876800,159.08660022744135,159.7512026215558,158.89788890413325,159.414794921875,87424000.0
1402963200,159.19329240620212,159.9727643092856,159.02098202855169,159.85789489746094,84834000.0
1403049600,159.85798700240943,161.12155126050502,159.5051655572037,161.0312957763672,105267000.0
1403136000,161.17074924463998,161.31024521038503,160.6538429497454,161.21177673339844,85929000.0
1403222400,161.61321249657573,161.67092870652186,161.34114874929926,161.5390167236328,100587000.0
1403481600,161.58026617707736,161.6297300334774,161.19278252884914,161.4895782470703,70611000.0
1403568000,161.20097226925978,162.0006712456619,160.3353173115256,160.51669311523438,96237000.0
1403654400,160.1787404472362,161.40714752635424,160.1457687326834,161.2422637939453,82782000.0
1403740800,161.2669675729713,161.28345971727995,160.04681307035665,161.12681579589844,84312000.0
1403827200,160.74757754590567,161.48957310775555,160.6733817636669,161.4401092529297,71445100.0
1404086400,161.3411586130118,161.7286422240505,161.20100684005607,161.35765075683594,70201200.0
1404172800,161.75337329075072,162.9323162614293,161.69566965740242,162.43765258789062,90470000.0
1404259200,162.4541779955239,162.8086773896183,162.37998220324684,162.60256958007812,52475000.0
1404345600,163.06424763221253,163.4764632476818,162.94058797950066,163.4022674560547,52938800.0
1404691200,163.08900406713386,163.22090351306318,162.59434026047356,162.8334197998047,61696000.0
1404777600,162.53663041450713,162.59434664547402,161.39067137790528,161.78640747070312,108143000.0
1404864000,162.19032844998506,162.66026022013554,161.84406889399963,162.51185607910156,72992000.0
1404950400,160.94544609223016,162.2975126412901,160.8135340923656,161.86880493164062,99040000.0
1405036800,161.7698877470716,162.20683526770944,161.4071360137523,162.09141540527344,64243000.0
1405296000,162.91587833450518,163.12198617043367,162.7757265156527,162.9076385498047,58658000.0
1405382400,163.0065454155129,163.31983331155712,161.8853184284215,162.60256958007812,111307000.0
1405468800,163.32806638699745,163.45172603571368,162.7592068432592,163.20440673828125,79986400.0
1405555200,162.7015082420752,163.31983166445983,161.11858921052692,161.3494415283203,145398000.0
1405641600,161.8770641290753,163.16317473250734,161.78637619781682,162.998291015625,124330000.0
1405900800,162.4871447602149,162.8251645767213,161.9430171404468,162.69325256347656,67592000.0
1405987200,163.2456235094048,163.69906320238545,163.1302036402663,163.4022674560547,67678000.0
1406073600,163.6495795344794,163.93813546231232,163.3198121139453,163.76499938964844,65612000.0
1406160000,163.9216280082081,164.1112436283154,163.60834018208504,163.77322387695312,56888000.0
1406246400,163.31158155421622,163.45173335564502,162.6850183396247,163.0065460205078,76837000.0
1406505600,163.0394644469,163.31152817715966,162.09961364228417,163.07244873046875,69259000.0
1406592000,163.37754176568805,163.60838151278193,162.34700268765363,162.37173461914062,80466000.0
1406678400,162.94879062911642,163.16315075139673,161.72039642603966,162.39642333984375,104222000.0
1406764800,161.2670391956707,161.4071910349885,159.0905406336414,159.18946838378906,183479000.0
1406851200,158.75248205150393,159.74179705151948,157.93630315190688,158.70301818847656,189261000.0
1407110400,159.00802996183808,160.18697303366045,158.33200296847866,159.8489532470703,91340000.0
1407196800,159.19765069154116,159.60986624218748,157.72191197552797,158.29901123046875,152690000.0
1407283200,157.55702086942912,159.02450715440403,157.53228894393786,158.34848022460938,94818000.0
1407369600,159.06575545572397,159.22239939424517,157.09536541922233,157.4910888671875,135733000.0
1407456000,157.84557827624712,159.42023206007144,157.4251103792522,159.3130645751953,117014000.0
1407715200,159.91493207768113,160.48379165831992,159.70058447939488,159.7747802734375,74544000.0
1407801600,159.6180952754668,160.0632825050641,159.06572798437665,159.55213928222656,73632000.0
1407888000,160.17868630875793,160.8135016727859,159.90663516113554,160.6321258544922,69047000.0
1407974400,160.89595868386132,161.39060974121094,160.7475545607832,161.39060974121094,57371000.0
1408060800,161.9759740621335,162.1243656170914,160.19519992371977,161.35765075683594,139951000.0
1408320000,162.24805262503563,162.78392783991055,162.15736469546067,162.70973205566406,75424000.0
1408406400,163.1054136179309,163.68251275808322,162.77564627493467,163.55885314941406,59135000.0
1408492800,163.33633254106462,164.19374817666684,163.30336082269096,163.99588012695312,72763000.0
1408579200,164.13599449186293,164.68836185230492,164.00408248882042,164.47401428222656,67791000.0
1408665600,164.34205865549106,164.6306145130734,163.84740764511542,164.21839904785156,76107000.0
1408924800,165.0016225777306,165.37261401792955,164.18543134543768,165.05108642578125,63855000.0
1409011200,165.15829467773438,165.56227047214358,165.11707060404837,165.15829467773438,47298000.0
1409097600,165.24073776764592,165.3561702111501,164.8367745346679,165.09234619140625,47874000.0
1409184000,164.54820830599954,165.10882802302172,164.38332459387095,165.00164794921875,58330000.0
1409270400,165.25722797628157,165.48806770094015,164.73784488571056,165.47158813476562,65907000.0
1409616000,165.68592534892704,165.71065727646322,164.7708062906254,165.38912963867188,72426000.0
1409702400,166.02393477179686,166.0486666977898,165.0675917006704,165.29843139648438,57462000.0
1409788800,165.5787244233337,166.1888079119742,164.60590184990554,165.05934143066406,85236000.0
1409875200,165.0264089215725,165.86733235519725,164.3998456732809,165.80137634277344,102177000.0
1410134400,165.64472923391128,165.8838213468761,164.88625397520406,165.37266540527344,64146000.0
1410220800,165.2242494913086,165.33966934890665,163.98760276854912,164.32562255859375,88591000.0
1410307200,164.41630642875722,165.05112196835466,163.87219140320963,164.94395446777344,67251000.0
1410393600,164.28439711119032,165.15829210852672,164.16072489205612,165.13356018066406,66774400.0
1410480000,164.96869037000522,164.98516993675514,163.6990592602343,164.1689910888672,117409300.0
1410739200,164.19373803537988,164.32565006037493,163.55068263830793,164.0453338623047,76401000.0
1410825600,163.74029992649014,165.57877819112898,163.64961198088966,165.281982421875,116201000.0
1410912000,165.52103926386835,166.2712620214036,164.6801160002408,165.50454711914062,151266000.0
1410998400,166.00745962079907,166.41143541973548,165.79311204697922,166.38670349121094,94990000.0
1411084800,166.91600093106018,167.23074064469938,165.89720125566132,166.23680114746094,121649000.0
1411344000,165.9468785896213,165.97172612460585,164.60504850733415,164.9529266357422,125553000.0
1411430400,164.35662154370644,165.04409975699312,163.95904819771212,164.0087432861328,111393000.0
1411516800,164.03352970687226,165.4002073223229,163.60283067529758,165.2925262451172,107276000.0
1411603200,164.8617935772583,164.87008451360222,162.56745388479882,162.62542724609375,150300000.0
1411689600,162.9236326973026,164.32343616091765,162.69171394294767,163.91757202148438,103547000.0
1411948800,162.50953155856735,163.9093353779233,162.38529385095543,163.6194305419922,95112000.0
1412035200,163.74359360507768,164.24884774442071,162.8490446712267,163.1886444091797,131302000.0
1412121600,162.92365019622184,162.98163621035073,160.61274070332888,160.97718811035156,177798000.0
1412208000,160.83636232134435,161.56525710718824,159.32061201502137,161.0020294189453,157285000.0
1412294400,162.0787976667849,163.12244482288062,161.58183426549593,162.77456665039062,121569000.0
1412553600,163.45374712540846,163.66910929865912,161.99597018002987,162.58404541015625,104778000.0
1412640000,161.74747991562052,162.11192730654156,160.04121498414924,160.0743408203125,147913000.0
1412726400,160.1654368949933,163.10585063094425,159.32887374903632,162.87393188476562,186461000.0
1412812800,162.61717064242285,162.84081109696095,159.5111023684876,159.6436309814453,210705000.0
1412899200,159.60220052274374,160.39734685505067,157.779976486032,157.82138061523438,221909000.0
1413158400,157.7551223870877,158.3266282602489,155.13773948838482,155.22885131835938,230939000.0
1413244800,156.06546719768457,157.22507384783896,154.92242978730252,155.46910095214844,215847000.0
1413331200,153.36524722792393,155.46080717931216,150.68159939010192,154.4171600341797,380715000.0
1413417600,151.6258372648552,155.3696886873007,151.48503034338904,154.28463745117188,270391000.0
1413504000,156.06542527202444,157.167045606348,155.40279488403584,156.10684204101562,214625000.0
1413763200,155.8252278205513,157.7468420381379,155.775532753343,157.6226043701172,130011000.0
1413849600,158.76559628567577,160.85287715090644,158.59994188273194,160.74520874023438,154949000.0
1413936000,161.02690045008555,161.4410429772622,159.53598482452432,159.6022491455078,151822000.0
1414022400,161.20084472101803,162.5095367167886,160.90266157465732,161.45761108398438,154944000.0
1414108800,161.72261166500792,162.74968939526886,161.09311974953255,162.69998168945312,117927000.0
1414368000,162.12021029269818,162.71657646987765,161.54041335339184,162.47637939453125,82954000.0
1414454400,163.02307189951273,164.34832041496853,162.94851663860814,164.3400421142578,106736000.0
1414540800,164.45600018071707,164.9281160899315,163.00650133461917,164.091552734375,142557000.0
1414627200,163.65256276607732,165.6155943030568,163.50346488401613,165.1434783935547,113330000.0
1414713600,167.1313267895515,167.16446526331583,166.2947635870595,167.0319366455078,146903000.0
1414972800,167.24728455385377,167.686274537303,166.742030262141,167.123046875,93600000.0
1415059200,166.67577465181,166.98224867335003,165.70668279030542,166.5432586669922,93343000.0
1415145600,167.7608693466431,167.80228613202345,166.85804156304155,167.59521484375,91709000.0
1415232000,167.6365907507292,168.3571946138396,167.01537703739254,168.26608276367188,107089000.0
1415318400,168.28265498651027,168.63882409389285,167.81881742783804,168.4234619140625,89540000.0
1415577600,168.4566193115432,169.00327784502204,168.2495480468328,168.95358276367188,66319000.0
1415664000,169.01984201801363,169.22691327651629,168.6802421207989,169.11923217773438,54499400.0
1415750400,168.43169651789597,169.1688693853611,168.39855805271702,168.93695068359375,90120300.0
1415836800,169.10267016106093,169.65761959943958,168.31580193167702,169.1275177001953,85357900.0
1415923200,169.05295541291153,169.3759860226993,168.73820310232998,169.16891479492188,80417500.0
1416182400,168.84589698272416,169.45054147484794,168.6802298770458,169.27659606933594,80441000.0
1416268800,169.33455534498427,170.5604133739536,169.33455534498427,170.2539520263672,76068100.0
1416355200,170.05519447357742,170.25398742716015,169.21863115800767,169.98065185546875,82373000.0
1416441600,169.18542099387915,170.38644386810935,169.11915670409522,170.2787628173828,72840300.0
1416528000,171.98511591396974,172.15077040456393,170.61015962864562,171.18995666503906,142327300.0
1416787200,171.5957912502158,171.77801494996106,171.38044171352834,171.6703338623047,65880800.0
1416873600,171.90225326434404,172.10932450220824,171.28933048898628,171.5460968017578,79108300.0
1416960000,171.6952178317474,172.08451285120557,171.4798682493648,171.98512268066406,62167800.0
1417132800,171.86083041493694,172.17557006795548,171.38042367876514,171.62062072753906,57890100.0
1417392000,170.95801937626234,171.07397877101013,170.1131777739397,170.42791748046875,103968400.0
1417478400,170.4693220412306,171.73659699251863,170.4444745040387,171.52952575683594,74507200.0
1417564800,171.70343842330482,172.40747290723797,171.53778399406306,172.19212341308594,68952000.0
1417651200,171.90230616534484,172.50696346579502,171.20654962528,172.001708984375,91316600.0
1417737600,172.17556782644422,172.67254379218613,171.91052324637263,172.2832489013672,91025500.0
1417996800,171.8857310151158,172.38269450212883,170.56874807375573,171.13198852539062,108588200.0
1418083200,169.27658779533985,171.12367229664,168.89558380360424,171.0159912109375,125180100.0
1418169600,170.55218275905997,170.61015614220088,168.0838841367247,168.27439880371094,159856400.0
1418256000,168.8707513700557,170.78408771516192,168.72994443541867,169.1275177001953,159012800.0
1418342400,167.84366371845454,168.82104654292982,166.36103920167162,166.3941650390625,202330200.0
1418601600,167.2969785814571,167.75253779878565,164.6464694605788,165.25111389160156,189965800.0
1418688000,164.4808068762931,167.64484842825894,163.88444077375917,163.9258575439453,259543800.0
1418774400,164.364840852869,167.59514657871222,164.24059054733763,167.13958740234375,253910100.0
1418860800,169.58304010883083,176.3998206993997,168.90384048383538,171.27273559570312,257633900.0
1418947200,171.92660489284938,172.67618355839568,171.24366899762884,172.00157165527344,245084600.0
1419206400,172.19306696289422,172.792724609375,171.95154418979698,172.792724609375,148318900.0
1419292800,173.37572286094098,173.42569221379,172.73441984649037,173.0259246826172,122167900.0
1419379200,173.2508166688463,173.51732414661095,173.00095717142935,173.0426025390625,42963400.0
1419552000,173.49229529211084,173.94204481461992,173.4423259470273,173.60057067871094,57326700.0
1419811200,173.41732737301146,174.04196955324034,173.35069734878172,173.83375549316406,79643900.0
1419897600,173.40904391021013,173.54229128143098,172.82603423904874,172.9010009765625,73540800.0
1419984000,173.2258265678818,173.39239532481875,171.06039460255673,171.18531799316406,130333800.0
1420156800,171.88492806315838,172.30135631201117,170.05263360150084,171.0937042236328,121465900.0
1420416000,170.0442796984389,170.210848427002,167.69563139642682,168.0037841796875,169632600.0
1420502400,168.3119309002513,168.8366344492853,165.62180854113814,166.42135620117188,209151400.0
1420588800,167.75392133465348,168.83663711095127,167.304184505805,168.4951629638672,125346700.0
1420675200,169.91102463885844,171.70167347171844,169.89437666137715,171.48512268066406,147217800.0
1420761600,171.90153685743795,171.91819754194108,169.49458263607897,170.11090087890625,158567300.0
1421020800,170.24417089217803,170.40241563326305,168.1703539893546,168.77833557128906,144396100.0
1421107200,170.00264081422807,171.13532600332968,166.99602876356442,168.30361938476562,214553300.0
1421193600,166.2798202883678,167.48747256270798,165.380346315715,167.28758239746094,192991100.0
1421280000,167.9288059305194,168.24528265661644,165.63845129516972,165.7550506591797,176613900.0
1421366400,165.54686329463857,168.08707775056558,165.363633877596,167.9288330078125,211879600.0
1421712000,168.57014018853744,168.83666035223123,166.71287386567698,168.28697204589844,130991100.0
1421798400,167.8205902885187,169.61956343790112,167.3541926664674,169.13650512695312,122942700.0
1421884800,169.89434522728652,171.78491970037678,168.51180084935413,171.65167236328125,174356000.0
1421971200,171.39352222439166,171.65171839738085,170.57732646664056,170.71058654785156,117516800.0
1422230400,170.4940155279843,171.20193574451778,169.77775861524674,171.11032104492188,92009700.0
1422316800,169.04484012917385,170.002619767601,168.0204304633567,168.85328674316406,134044600.0
1422403200,170.04429178698032,170.144230489547,166.49632805368034,166.68788146972656,168514300.0
1422489600,166.8878445911525,168.4869280736668,165.47197790736828,168.22874450683594,173585400.0
1422576000,167.0460127574295,168.37857536051064,165.84669751879048,166.1132049560547,197729700.0
1422835200,166.61292696359033,168.26197909309886,164.78896939671293,168.1703643798828,163107000.0
1422921600,169.0698573805268,170.6106468784307,168.6950745240688,170.60231018066406,124212900.0
1423008000,169.83603735731498,171.0520130194609,169.4945632601205,169.95263671875,134306700.0
1423094400,170.61894060729665,171.8182557019596,170.54398659097484,171.6683349609375,97953200.0
1423180800,172.03484508220583,172.6011941384663,170.66896086324883,171.19366455078125,125672000.0
1423440000,170.5439980621101,171.2685790187147,170.0192944958078,170.42739868164062,87219000.0
1423526400,171.46852196685603,172.50125602406882,170.46908387378355,172.24307250976562,96164200.0
1423612800,172.07647959259256,172.77607599290178,171.4268525482509,172.34298706054688,91087800.0
1423699200,173.14255546009565,174.0587027896621,172.37632892463236,174.00039672851562,97545900.0
1423785600,174.12527763780497,174.76656785680686,173.8670815025059,174.7165985107422,93670400.0
1424131200,174.40012145471852,175.16636051017983,174.1502747066114,174.991455078125,76968200.0
1424217600,174.61668937962395,175.08308696635635,174.35016921098767,175.0081329345703,80652900.0
1424304000,174.40848761852723,175.24966813215974,174.26690353455237,174.88320922851562,91462500.0
1424390400,174.46679669952945,176.00758649014386,173.84215425063974,175.93263244628906,140896400.0
1424649600,175.68268752522405,175.90756225585938,175.29956808445183,175.90756225585938,74411100.0
1424736000,175.8325995188934,176.60716240488594,175.53277077405394,176.4072723388672,72472300.0
1424822400,176.2824157094348,176.7654740205243,175.91595680389227,176.25743103027344,73061700.0
1424908800,176.1658089954363,176.3240537624812,175.44121520467164,176.04920959472656,72697900.0
1424995200,175.9492301169762,176.2157502523171,175.3995545774997,175.44952392578125,108076000.0
1425254400,175.54948903718906,176.6155443222025,175.49951968138868,176.5572509765625,87491400.0
1425340800,176.1241617131455,176.60721999893985,174.96649170855645,175.83265686035156,110325800.0
1425427200,175.2329842116886,175.3079509472276,174.1169596682809,175.09140014648438,114497200.0
1425513600,175.4161605353806,175.56608125269267,174.77487044154316,175.2829132080078,76873000.0
1425600000,174.41677061237215,174.84985946109856,172.48455054057112,172.81768798828125,188128000.0
1425859200,173.01756871835596,173.89205764836316,172.85932399132506,173.533935546875,89818900.0
1425945600,172.15978409582223,172.24306212630245,170.6772877360374,170.71893310546875,157121300.0
1426032000,170.97711918760012,171.15202465850157,170.2358773506991,170.3191680908203,110145700.0
1426118400,170.9520927370052,172.5511754312293,170.90212338849497,172.48455810546875,93993500.0
1426204800,172.2097671401559,173.1758711624678,170.38580910621403,171.4268798828125,162410900.0
1426464000,172.1597712868315,173.80882358488438,171.45183818431738,173.7172088623047,136099200.0
1426550400,172.97597661655487,173.58395833167188,172.38464288218248,173.2008514404297,94510400.0
1426636800,172.72603869412174,175.95752466497083,172.0847358919078,175.2829132080078,228808500.0
1426723200,174.86654851965048,175.2913007406576,174.09198540089506,174.48342895507812,117917300.0
1426809600,175.43794504489014,176.5338549792553,175.25389773750445,176.02354431152344,177715100.0
1427068800,176.0319321229721,176.6091703322073,175.68057250976562,175.68057250976562,71784500.0
1427155200,175.5550754307756,176.01518096173757,174.62647769329277,174.6934051513672,77805300.0
1427241600,174.9025549072123,175.13679463627102,172.09166539340015,172.13348388671875,159521700.0
1427328000,171.464220608944,172.6437803021698,170.76148871487146,171.7235565185547,153067200.0
1427414400,171.60646475488804,172.29244894114026,171.41404350358889,172.1167755126953,118939000.0
1427673600,173.1541152407761,174.51773519993907,173.13739294853366,174.21656799316406,96180400.0
1427760000,173.38835833889635,174.09109034504394,172.6354466899418,172.69400024414062,126768700.0
1427846400,172.66056654739788,172.6856627547938,171.08780280332977,172.0833282470703,137303600.0
1427932800,172.01636516011706,173.1541064652605,171.83231783390946,172.70236206054688,86900900.0
1428278400,171.80719571411393,174.3838451272178,171.67335357760535,173.86517333984375,114368200.0
1428364800,173.89027427218582,174.6431857753294,173.37160247069164,173.40505981445312,81236300.0
1428451200,173.63097137316254,174.434075427146,173.23778049242375,173.99069213867188,89351900.0
1428537600,173.82335608486596,174.99455465554132,173.32978045616042,174.76031494140625,85548900.0
1428624000,175.01131578707125,175.75586629617376,174.81054615367393,175.7140350341797,72722900.0
1428883200,175.57185375030343,176.20765842235582,174.86913436393013,174.91932678222656,74436600.0
1428969600,174.71848414445543,175.43793829151184,174.09105364754947,175.25389099121094,75099900.0
1429056000,175.72234802904322,176.55054800991795,175.63868553405783,176.0402374267578,99529300.0
1429142400,175.70566490305748,176.5004077798699,175.50488251481832,175.99009704589844,68934900.0
1429228800,174.79381976361367,175.03642067103527,173.17922487936102,173.96560668945312,191113200.0
1429488000,174.89415312241215,175.88967819480203,174.8105033839989,175.5550537109375,92189500.0
1429574400,176.24104429653198,176.39999540007486,175.0447495953094,175.34591674804688,72559800.0
1429660800,175.6889416628794,176.3916736864279,174.76034379811696,176.20762634277344,78264600.0
1429747200,175.8060073560729,177.30348184836805,175.68888751576253,176.6509552001953,102585900.0
1429833600,177.06928699707592,177.32862294019844,176.6091686632577,177.0609130859375,61327400.0
1430092800,177.6297296963135,177.75521066960437,176.13225533448704,176.32467651367188,79358100.0
1430179200,176.29962409274148,176.93541579045058,175.12005159051273,176.88522338867188,86863500.0
1430265600,175.9900998846387,176.75974657097427,175.3459469798925,176.1574249267578,125684900.0
1430352000,175.580176121344,175.97336696939254,173.68951048644487,174.39224243164062,161304900.0
1430438400,175.17864432023794,176.3247597326714,175.07825949422718,176.28292846679688,103399700.0
1430697600,176.7095497011237,177.37045041151927,176.60080374462314,176.78485107421875,70927200.0
1430784000,176.54222176296173,176.90195524438084,174.61809888390331,174.76031494140625,113326200.0
1430870400,175.312397710292,175.62192592126226,172.96998859443704,174.04080200195312,135060200.0
1430956800,173.94044107608676,175.16184456791325,173.60581662728458,174.7351837158203,88244900.0
1431043200,176.41672528377873,177.23656421132716,176.33306277959574,177.03578186035156,155877300.0
1431302400,176.9940042755637,177.26170137362172,176.11559883907202,176.19088745117188,75708100.0
1431388800,175.35430527247587,176.20761446598536,174.52609228185415,175.66383361816406,119727600.0
1431475200,176.07378251770783,176.70121320199718,175.4630868925637,175.69732666015625,94667900.0
1431561600,176.71788018320964,177.62138155233902,176.44180925666134,177.52935791015625,95934000.0
1431648000,177.72178649902344,177.86400255032882,177.23657203657223,177.72178649902344,76510100.0
1431907200,177.55448682270912,178.52490305122956,177.4875593646892,178.27394104003906,74549700.0
1431993600,178.39103343593186,178.667104370846,177.93091521107496,178.21534729003906,72114600.0
1432080000,178.31572477483513,178.84277042581908,177.77195683643623,178.08985900878906,76857500.0
1432166400,177.94770878152835,178.81774035773176,177.78038372466148,178.6085968017578,64764600.0
1432252800,178.22376429924475,178.6420514047552,178.11501833208644,178.18194580078125,57433500.0
1432598400,177.6883170825327,178.11497800321865,175.8478567880264,176.26614379882812,124308600.0
1432684800,176.7262706995305,178.17354025339603,176.31634481347524,177.93930053710938,93214000.0
1432771200,177.6297971799629,177.8473018713344,177.04419780695585,177.73855590820312,74974600.0
1432857600,177.67163395462651,177.7134524528389,176.3665802356876,176.63427734375,124919600.0
1433116800,177.30353165400166,177.63815621599926,176.19924762221376,176.99400329589844,93338800.0
1433203200,176.53385098157483,177.51264104044824,175.90642047472474,176.8182830810547,91531000.0
1433289600,177.3537011384114,177.91420422812087,176.7931980487019,177.28677368164062,87820900.0
1433376000,176.57568827854223,177.23657615173047,175.47140442143973,175.789306640625,151882800.0
1433462400,175.6387058523768,176.16575154852487,174.82722806454183,175.48812866210938,121704700.0
1433721600,175.3793950911492,175.52998506810235,174.33367745853045,174.40896606445312,89063300.0
1433808000,174.38388061523438,174.92766147679112,173.74808885083718,174.38388061523438,105034700.0
1433894400,175.1535074692772,176.86012570609938,175.09495392272834,176.4752960205078,134551300.0
1433980800,176.91868042500167,177.42899111737034,176.6844407070397,177.04417419433594,73876400.0
1434067200,176.21602604423754,176.91874545642756,175.41290902665472,175.68898010253906,135382400.0
1434326400,174.54282902826878,175.22045204301443,173.8317358992766,174.93601989746094,124384200.0
1434412800,174.78544066533198,175.97338725709966,174.6097672326107,175.8897247314453,85308200.0
1434499200,176.1741485595703,176.7848568847138,175.14516592127148,176.1741485595703,126708600.0
1434585600,176.77644555614165,178.47468971322607,176.2075813773633,178.00621032714844,165867900.0
1434672000,177.76247515027617,177.83812998461815,176.8377621954244,177.21604919433594,130478700.0
1434931200,178.14074834460564,178.7123797071612,177.91377103196717,178.12393188476562,70696000.0
1435017600,178.33408472701234,178.58628030448224,177.8549246742994,178.25001525878906,68476800.0
1435104000,177.98104570739,178.35933272303097,176.9302413154973,176.95545959472656,92307300.0
1435190400,177.45979113992342,177.5858824936552,176.34173410377656,176.41738891601562,97107400.0
1435276800,176.77892550414745,177.0227193155275,175.82900702041866,176.3838348388672,104174800.0
1435536000,174.89584785088476,176.3921919562065,172.6092969608472,172.68495178222656,202621300.0
1435622400,174.23176055386128,174.28220993678866,172.5672900788952,173.0464630126953,182925100.0
1435708800,174.62683130828665,174.87902686689048,173.64328017421067,174.43348693847656,135979900.0
1435795200,174.91263972795153,175.08076580534464,173.85342106869976,174.27374267578125,104373700.0
1436140800,172.97920805230245,174.5596090318326,172.77744900446402,173.77781677246094,117975400.0
1436227200,173.9795560737806,174.99672735991516,171.5837173580294,174.87063598632812,173820200.0
1436313600,173.52561365038193,173.8114293353674,171.7014189636915,171.93679809570312,164020100.0
1436400000,174.04680967463503,174.30741991214194,172.13855832881873,172.24783325195312,144113100.0
1436486400,174.25694747040882,174.83699341126913,172.2898451879079,174.4166717529297,129456900.0
1436745600,175.6860503416392,176.45102600666576,175.6440156106116,176.3417510986328,106069400.0
1436832000,176.29975517338303,177.41781256338055,176.24090397155075,177.1067657470703,81709600.0
1436918400,177.14875516918326,177.61111153957924,176.56870925243177,177.04788208007812,97914100.0
1437004800,178.10715976153412,178.46864318847656,177.86337875557118,178.46864318847656,106683300.0
1437091200,178.4601182877373,178.67869370342757,178.04821137760544,178.61984252929688,89030000.0
1437350400,178.8468931148329,179.2083636395126,178.39295129801633,178.71238708496094,70446800.0
1437436800,178.57784158696444,178.83845177244334,177.70357824042284,178.00621032714844,77965000.0
1437523200,177.31692816034092,178.02307845244874,177.2833080641462,177.6868133544922,88667900.0
1437609600,177.82129030170896,177.9221634009919,176.3249461354128,176.68641662597656,90509100.0
1437696000,176.78728768794434,176.84612604851225,174.5175533545217,174.8538055419922,117755000.0
1437955200,173.96272833812014,174.47552126946613,173.39108421811528,173.8366241455078,132361100.0
1438041600,174.6773406658094,176.11484697001185,173.84511165087497,175.97193908691406,123544800.0
1438128000,176.0979967838263,177.40939859144004,175.9550889280942,177.18243408203125,105791300.0
1438214400,176.66959861423553,177.39255236371818,176.0475179558253,177.22442626953125,91304400.0
1438300800,177.72885008789532,177.7540683671246,176.66964387866025,176.95545959472656,103266900.0
1438560000,176.9217780128513,176.98061636820424,175.40020300733116,176.35853576660156,113965700.0
1438646400,176.28291522861923,176.7452716557032,175.52634131317282,176.013916015625,81820800.0
1438732800,176.9133688169266,177.6363225226438,176.30810465273552,176.59393310546875,85786800.0
1438819200,176.77890883841243,176.88819659370753,174.55961060104406,175.1480712890625,116030800.0
1438905600,174.98830831096058,175.13961794436378,173.90387129611028,174.811767578125,117858000.0
1439164800,175.92986025124037,177.09835413406026,175.92986025124037,177.01429748535156,80270700.0
1439251200,175.66929464522073,176.08961644648178,174.65211024219948,175.41709899902344,126081400.0
1439337600,174.10565006664132,175.81215509325716,172.63452415906218,175.62721252441406,172123700.0
1439424000,175.46749925852896,176.1568330270313,174.86223496376618,175.40866088867188,89383300.0
1439510400,175.2152895827167,176.12318595189458,175.07238175060533,176.0475311279297,72786500.0
1439769600,175.45066623600465,177.03106689453125,174.9883098622873,177.03106689453125,79072600.0
1439856000,176.75364385263464,177.1067124758249,176.282885688381,176.5182647705078,71692700.0
1439942400,175.77010409702893,176.5434943919107,174.3073929679433,175.12281799316406,172946000.0
1440028800,173.60129340789322,175.09763788791878,171.40721324807112,171.466064453125,194327900.0
1440115200,169.5829933392716,171.44082093940537,166.04389172817966,166.3044891357422,346588500.0
1440374400,157.6122823193802,166.01030416084615,153.3333963986368,159.30197143554688,507244300.0
1440460800,164.28693221143578,164.30374867091948,157.13306155155368,157.4272918701172,369833100.0
1440547200,161.47077655876117,163.74891285898858,158.35198407950423,163.4715118408203,339257000.0
1440633600,165.62356699009533,167.6411060281135,164.10200448173654,167.5150146484375,274143900.0
1440720000,166.8677213898852,167.9941805111678,166.3801466596582,167.52342224121094,160414400.0
1440979200,166.5398527737038,167.39731257301148,165.61513996786226,166.1699676513672,163298800.0
1441065600,162.3450353567343,163.73210454389564,160.3358983164211,161.21017456054688,256000400.0
1441152000,163.60604128201234,164.31219160269748,161.75662806361365,164.27015686035156,160269300.0
1441238400,164.98463637774822,166.4893949488421,163.89181043603045,164.38778686523438,152087800.0
1441324800,162.11805054485183,162.96709558154924,161.07564833145102,161.89947509765625,207081000.0
1441670400,164.71571094961112,166.11958423865346,164.06841177847548,165.96826171875,116025700.0
1441756800,167.5570428983945,167.68313427318986,163.37904431751025,163.74891662597656,149347700.0
1441843200,163.55559263994223,165.79170736465431,163.2949952147317,164.64002990722656,158611100.0
1441929600,164.24492323444312,165.4554518685684,163.53037116293268,165.38819885253906,119691200.0
1442188800,165.56471245111297,165.61514900196477,164.28693091166673,164.77450561523438,79452000.0
1442275200,165.27889579940174,167.27963115267613,164.73248273214276,166.83409118652344,113806200.0
1442361600,167.13673600742004,168.47335600736517,166.7920691162037,168.27999877929688,99581600.0
1442448000,168.1454966503681,170.55813910640103,167.5234159158703,167.90170288085938,276046600.0
1442534400,165.377625006293,167.88730365242108,164.74386477687324,165.1579132080078,223657500.0
1442793600,165.99449443102557,167.04230317413473,164.95513118317555,166.0113983154297,105726200.0
1442880000,163.83127903557792,164.32138858494636,162.7158546348317,163.85662841796875,153890900.0
1442966400,164.02569438867425,164.49890024162093,163.01168000466103,163.59474182128906,92790600.0
1443052800,162.36944381108702,163.46796464986647,161.02587457223476,163.00320434570312,159378800.0
1443139200,164.47349132330473,164.7776968178008,162.08210063760552,162.96092224121094,155054800.0
1443398400,162.05672264237,162.16657854689706,158.55836652025982,158.8710174560547,178515900.0
1443484800,159.09079487488393,160.33296652921854,157.95846627649064,158.9640350341797,159045600.0
1443571200,160.86523675785992,162.0989623013718,160.0793802898775,161.92996215820312,163452000.0
1443657600,162.3102247657214,162.65668345958522,160.40049854291308,162.35247802734375,131079000.0
1443744000,160.35826118960262,164.80302882407054,159.8089945217929,164.77767944335938,211003300.0
1444003200,166.01136628799642,167.93799613402564,165.90151040139224,167.7098388671875,126320800.0
1444089600,167.5746646401609,168.14082227140872,166.46769875713267,167.13525390625,110274500.0
1444176000,168.07321567961085,168.85908510629437,166.87329780209694,168.50418090820312,124307300.0
1444262400,168.1155437955854,170.31258549786847,167.8113382197907,170.02528381347656,153055200.0
1444348800,170.1688249095847,170.60822265154985,169.492811522253,170.12657165527344,107069200.0
1444608000,170.20267913085308,170.48998073014675,169.77172673191262,170.2871856689453,56395600.0
1444694400,169.5520201504705,170.82799928825577,169.0450195878507,169.21401977539062,88038700.0
1444780800,169.15477134951504,169.73783264173778,168.10696301578685,168.4027099609375,99106200.0
1444867200,169.0703557909591,170.99698614527193,168.69854767102385,170.98854064941406,134142200.0
1444953600,171.39418300562025,171.7828822065321,170.62521720770405,171.7659912109375,114580100.0
1445212800,171.1152907445767,171.85044860839844,170.80263977148232,171.85044860839844,76523900.0
1445299200,171.41108409690358,172.2476396513213,171.15757733433566,171.6307830810547,78448500.0
1445385600,172.05329046327924,172.20538678484803,170.39705745193362,170.56607055664062,102038000.0
1445472000,171.52089462437985,173.65877847085542,170.56603781430815,173.44752502441406,174911700.0
1445558400,175.12908648375384,175.72059348538025,174.32632606055478,175.34878540039062,144442300.0
1445817600,175.17139922679797,175.23054350010042,174.5460842448165,174.9178924560547,69033000.0
1445904000,174.2418360003739,174.91784959206743,173.8953772617215,174.57984924316406,77905800.0
1445990400,174.917868863796,176.59099269481317,174.25031358830296,176.56564331054688,135906700.0
1446076800,176.05861516101572,176.83602624251435,175.9403137550026,176.46421813964844,90525500.0
1446163200,176.658559166605,176.97966849339102,175.54314780568788,175.7036895751953,131076900.0
1446422400,176.03326844913155,177.97678973539604,175.90650865184054,177.78244018554688,86270800.0
1446508800,177.42751904266723,178.85559418964775,177.1993617444096,178.29788208007812,95246100.0
1446595200,178.59366360237246,178.72041050900856,177.2162870454555,177.75709533691406,96224500.0
1446681600,177.8161926028668,178.28095262751887,176.68387755653873,177.57958984375,78408700.0
1446768000,177.23324621995354,177.72335590165034,176.1516292996195,177.4867401123047,110471500.0
1447027200,176.86982287889427,177.02193205607455,174.8755899477601,175.83045959472656,131008700.0
1447113600,175.3487865117908,176.26986123503872,175.0783888352844,176.23605346679688,75874600.0
1447200000,176.50645162164136,176.55715037655227,175.47553395883688,175.5431365966797,67846000.0
1447286400,174.49534682906358,174.96855248625604,173.07572985748615,173.09262084960938,121315200.0
1447372800,172.67854868446807,172.94894635414542,171.06456947965222,171.14906311035156,153577100.0
1447632000,170.9631591379098,173.81085086713372,170.8448448548142,173.75169372558594,117645200.0
1447718400,174.06439552300392,174.95164968881684,173.12642969884445,173.62498474121094,121123700.0
1447804800,174.10659580984847,176.52333521243082,174.06435544511623,176.3796844482422,121342500.0
1447891200,176.26139497050244,176.65010692460154,175.93184016124053,176.22760009765625,88220500.0
1447977600,176.98812868063592,177.55428635009812,176.48957365894503,176.8698272705078,94011500.0
1448236800,176.92900545523088,177.4360060329562,176.20229302265858,176.66705322265625,64931200.0
1448323200,175.65302621471037,177.30925904666782,175.26432706131968,176.90365600585938,98874400.0
1448409600,177.03034637858184,177.23315428114793,176.61628507938258,176.8782501220703,51980100.0
1448582400,176.97118353995617,177.2838473247466,176.48953251596157,177.08103942871094,37317800.0
1448841600,177.24161389933894,177.3599152951254,176.23604558821145,176.3459014892578,112822700.0
1448928000,176.97974818248966,178.1458717205138,176.7008919932277,178.02755737304688,97858400.0
1449014400,177.97676877286042,178.29787808217955,175.95718668853806,176.210693359375,108441300.0
1449100800,176.46424706987216,176.73464480199527,173.01658895155623,173.74330139160156,166224200.0
1449187200,173.7433193694232,177.42758071977823,173.7433193694232,177.13182067871094,192913900.0
1449446400,176.80225826435887,177.22476522290845,175.08688104415882,176.05865478515625,102027100.0
1449532800,174.48692643340826,176.00794115207543,173.8869608856623,174.87562561035156,103372400.0
1449619200,174.2333729877382,176.33744880181638,172.5348872364581,173.51510620117188,162401500.0
1449705600,173.5826981059182,175.2811708582532,173.3460953213308,173.96295166015625,116128900.0
1449792000,171.8335869072644,172.50114223509533,170.27875148499504,170.59141540527344,211173300.0
1450051200,170.7519731402886,171.5800831916623,168.96053481864266,171.4533233642578,182385200.0
1450137600,172.9743177341889,174.16579025540122,171.42794097357253,173.253173828125,154069600.0
1450224000,174.38551237329614,176.09244404158113,173.0588472706658,175.78823852539062,197017000.0
1450310400,176.10087076665164,176.16847341791973,173.09262370160175,173.10952758789062,173092500.0
1450396800,172.36323796327238,172.49923499760595,169.86410924727258,170.02561950683594,251393500.0
1450656000,171.2070636869445,171.60658470110852,170.08500135679387,171.42807006835938,99094300.0
1450742400,172.32067129064433,173.28122377089002,171.32612280668897,172.98370361328125,111026200.0
1450828800,173.99523515622312,175.1682981844012,173.90172994425788,175.12579345703125,110987200.0
1450915200,174.87078570502925,175.38931227210955,174.61577030028738,174.83677673339844,48539600.0
1451260800,174.13975097989373,174.47976287738342,173.35771323916944,174.43727111816406,65899900.0
1451347200,175.5423515113338,176.63040536648012,175.50835550300894,176.29888916015625,92640700.0
1451433600,176.05240439800906,176.1374138853661,174.9048411718225,175.04934692382812,63317700.0
1451520000,174.3693106858858,175.0153386443883,173.29824829101562,173.29824829101562,114877900.0
1451865600,170.42511913425164,170.8841366293857,168.81002971447165,170.87564086914062,222353500.0
1451952000,171.19860781995925,171.6236292027999,170.0510578686635,171.16461181640625,110845800.0
1452038400,168.59747855762453,170.05955314813002,167.96845521399013,169.00550842285156,152112600.0
1452124800,166.03890547375744,167.83249677364773,164.559825942221,164.9508514404297,213436100.0
1452211200,165.91987212594293,166.48090354071897,162.8512168047058,163.14022827148438,209817200.0
1452470400,164.06676064760444,164.40678555928213,161.35513493673565,163.30172729492188,187941300.0
1452556800,164.75530317503996,165.37583079273833,162.47718170622258,164.61929321289062,172330500.0
1452643200,165.29087946536717,165.6394002519842,160.13112455362125,160.51364135742188,221168900.0
1452729600,161.12558892820192,164.27923993581933,159.5190088183198,163.148681640625,240795600.0
1452816000,158.76255207707095,160.45412953057323,157.6999982110506,159.64659118652344,324846400.0
1453161600,161.47415915827492,161.60166040831524,158.27798947059043,159.85906982421875,195244400.0
1453248000,157.2833872643121,159.38299360437676,153.87472097718344,157.81040954589844,286547800.0
1453334400,158.286471623146,160.54757555816187,156.95189823389228,158.69448852539062,195772900.0
1453420800,161.32112842666902,162.15416677442332,160.55609506228998,161.95016479492188,168319600.0
1453680000,161.44011050828814,161.63561670051817,159.30650796792625,159.50201416015625,130371700.0
1453766400,160.1650862533648,161.958677342611,159.82507427186695,161.67816162109375,141036800.0
1453852800,161.15116949739783,162.83425117273782,159.00905729292904,159.91860961914062,185681700.0
1453939200,161.4741437759177,161.6781457565486,159.0940212271036,160.75160217285156,143798800.0
1454025600,161.5251473670149,164.80631331483698,161.40614188582444,164.67030334472656,210529300.0
1454284800,163.6587198770802,165.40131000496663,163.0721883391973,164.6107635498047,136061600.0
1454371200,163.1742294884138,163.1827252474002,161.11711439875464,161.64414978027344,182564900.0
1454457600,162.706710191345,163.0212219052192,159.04302746695905,162.6132049560547,205054900.0
1454544000,162.11165705840864,163.8457385452768,161.47412500181224,162.86819458007812,139531800.0
1454630400,162.3496861954758,162.92770909904738,159.1280165779614,159.7655487060547,180788300.0
1454889600,157.9124493576142,158.20995654538632,155.38782128758157,157.61492919921875,191526700.0
1454976000,155.86384651391725,158.90700125899608,155.72783655454953,157.62342834472656,184513100.0
1455062400,158.45647499142285,160.0970513025413,157.35991256064443,157.4874267578125,148214100.0
1455148800,154.99680162520218,156.49288526005913,153.9342481211839,155.43882751464844,219058900.0
1455235200,157.2239388395197,158.6605004301041,156.37389594844893,158.6435089111328,127632400.0
1455580800,160.4625978365869,161.3466367233192,159.49354947373848,161.32113647460938,120250700.0
1455667200,162.49420870028695,164.3303045317381,162.36669447912675,163.95628356933594,136009500.0
1455753600,164.2282924393212,164.2878016706685,162.97023252736196,163.2847442626953,102343000.0
1455840000,162.50268433849124,163.36122291724314,161.890652470458,163.20822143554688,114793000.0
1456099200,164.79776240622147,165.7158100135619,164.72975743857168,165.57130432128906,103640300.0
1456185600,164.9082901746795,165.18031007509336,163.36120617497687,163.480224609375,111455300.0
1456272000,162.0436681650119,164.50878717359268,160.93011413760556,164.228271484375,150812200.0
1456358400,164.67872560539882,166.2258091410138,163.9136925635661,166.21730041503906,110728300.0
1456444800,167.0929422394119,167.18643450838,165.67335915541065,165.83486938476562,129833700.0
1456704000,165.8518708478113,166.80391474584258,164.33879552245793,164.5343017578125,125918100.0
1456790400,165.76685472350312,168.48700227274983,165.29083279357238,168.40199279785156,141799700.0
1456876800,168.08748942290447,169.20953931757742,167.67096372824818,169.15853881835938,102415000.0
1456963200,168.97998624268894,169.8385376892632,168.4019634202159,169.821533203125,95172200.0
1457049600,170.01706802736803,171.15613531923964,169.1840296550289,170.37408447265625,129293600.0
1457308800,169.44754769884128,170.9181312471045,169.37104695118603,170.51010131835938,100219000.0
1457395200,169.43056471144095,169.9405826921164,168.48701653097157,168.6485137939453,123974900.0
1457481600,169.46451712027678,169.83002926385342,168.67397064622244,169.4815216064453,94801200.0
1457568000,169.97459843221026,170.91814665019965,167.78148600740718,169.61756896972656,156838700.0
1457654400,171.07961107939806,172.3971800275459,169.6005448928554,172.35467529296875,137964500.0
1457913600,171.84467078631997,172.59269969657086,171.5131545837727,172.13368225097656,73612000.0
1458000000,171.16466242195995,172.1592111953748,170.90115116199027,171.8531951904297,93169100.0
1458086400,171.3686509650683,173.25574720918922,171.32614622665338,172.84771728515625,129303200.0
1458172800,172.76271584366336,174.4542928368777,172.3631946611015,173.94427490234375,134278500.0
1458259200,174.44835695401974,174.96955793933162,174.13222313978048,174.62779235839844,138372400.0
1458518400,174.36291622101447,175.1062635052131,174.13221729099666,174.8755645751953,72926700.0
1458604800,174.09808708061922,175.3540961473156,173.9357568590095,174.78163146972656,97471900.0
1458691200,174.39707653558773,174.5850514981577,173.45720172273792,173.6280975341797,81052500.0
1458777600,172.59423925108732,173.58537761539546,172.37209294357834,173.5511932373047,84360900.0
1459123200,173.96988137546748,174.1834881247111,173.200902293199,173.65374755859375,62408200.0
1459209600,173.24363754203526,175.371165756783,172.93604325842742,175.2600860595703,92922900.0
1459296000,176.26827596986723,176.75529253411125,175.66162712096246,176.02903747558594,86365300.0
1459382400,175.93509373548827,176.36230730113948,175.43952443483005,175.60186767578125,94584100.0
1459468800,174.6021791094566,176.98602492746346,174.2860322241666,176.7980499267578,114423500.0
1459728000,176.72118581373357,176.9262530427539,175.91802213031008,176.22561645507812,63497000.0
1459814400,174.87559071249805,176.2341266547802,174.20913862618897,174.46546936035156,99662200.0
1459900800,174.46545053968902,176.43063523957525,174.2860151338752,176.37081909179688,91839800.0
1459987200,175.27717684114435,175.6360346628769,173.5255986579674,174.26040649414062,113859000.0
1460073600,175.4480623341095,175.88382851091967,174.1920534201094,174.7303466796875,95040600.0
1460332800,175.37117798267923,176.07181452544495,174.22624869513547,174.3202362060547,83757500.0
1460419200,174.49109537873204,176.22558126894705,174.04678965666287,175.94361877441406,115350600.0
1460505600,176.86635259481577,177.80622731636572,176.72964117395054,177.7207794189453,96336400.0
1460592000,177.78061616651783,178.23346139280787,177.3790344696161,177.72933959960938,65212900.0
1460678400,177.72933619333557,177.86604762743096,177.2081352586769,177.53282165527344,75761600.0
1460937600,177.53288029891385,178.81452108249684,176.86642813445263,178.7803497314453,82531000.0
1461024000,179.20747886878675,179.60050788951128,178.52393483217938,179.34417724609375,88316100.0
1461110400,179.38696483281151,180.21576015262733,178.9084877486957,179.51513671875,81100300.0
1461196800,179.532207473975,179.6432871624202,178.27619866817295,178.54962158203125,85695000.0
1461283200,178.19076378573382,178.82303145836744,177.64393099553936,178.54962158203125,99251700.0
1461542400,177.94299545022145,178.28477413635568,177.32780685270362,178.24205017089844,66166500.0
1461628800,178.60945458132522,179.0195890207373,178.02845034844458,178.50692749023438,75864200.0
1461715200,178.12241335653445,179.2673425079537,177.76355554956075,178.8743133544922,77329400.0
1461801600,178.11386465526644,179.22460936577656,176.83222410850382,177.25088500976562,97216200.0
1461888000,176.62715607275575,176.97747428284745,175.18317231105428,176.29393005371094,142424100.0
1462147200,176.79805462264747,177.87462807912863,176.36230149354094,177.69520568847656,62188000.0
1462233600,176.4562758964302,176.69551442455406,175.3967816736518,176.148681640625,106422100.0
1462320000,175.14902802157104,175.88383589983152,174.6619982829167,175.16610717773438,92243800.0
1462406400,175.6360516637633,175.9949095202319,174.7047291526288,175.13194274902344,67619200.0
1462492800,174.3542775993219,175.8153527186661,174.20048708018794,175.7726287841797,89315000.0
1462752000,175.64460460368295,176.35376770198474,175.46516915635553,175.9180145263672,74374900.0
1462838400,176.62710048587445,178.1223473126209,176.55874478072104,178.10525512695312,77472200.0
1462924800,177.64396977499263,178.1822500681836,176.43922424316406,176.43922424316406,81727000.0
1463011200,177.1142220273641,177.28511791038636,175.47372324304837,176.49049377441406,89586300.0
1463097600,176.1913830926472,176.74675538251995,174.62778024517235,174.95245361328125,96474600.0
1463356800,175.12340084735197,177.1569286736964,175.06358468663856,176.67845153808594,77486800.0
1463443200,176.40501651561303,176.69551858696076,174.4996347851048,175.02938842773438,114924900.0
1463529600,174.67901528893967,176.26824964216345,173.98693167403093,175.08059692382812,120062100.0
1463616000,174.35436451096757,174.76448580394182,173.26069903802235,174.47398376464844,115430500.0
1463702400,175.08918797914677,176.09741866877684,175.03792444260188,175.5762176513672,104990400.0
1463961600,175.5933080555922,175.87527056217658,175.1490153520557,175.3369903564453,58682600.0
1464048000,176.15723301242645,177.92590336111132,176.13160124251996,177.60975646972656,93537800.0
1464134400,178.2932978591951,179.2331728655784,177.60975358523655,178.8144989013672,76621400.0
1464220800,178.95121635879562,179.18191532945897,178.54963457329848,178.8657684326172,55280700.0
1464307200,179.02810141514814,179.64328994333042,178.97683787738666,179.63475036621094,64211200.0
1464652800,179.90814195685155,180.01922163572365,178.7290285581202,179.29295349121094,109879400.0
1464739200,178.67778617076948,179.83980751699386,178.4812715935652,179.66038513183594,69936200.0
1464825600,179.2587694403912,180.22426298918245,178.78029245381856,180.20718383789065,63044700.0
1464912000,179.64332879686464,180.01927887178957,178.45567544427462,179.66896057128906,101757100.0
1465171200,180.02782063659353,180.94206406058188,179.86547737158438,180.5832061767578,64887000.0
1465257600,180.7369839577117,181.4290679013517,180.7113521848009,180.8651428222656,60974800.0
1465344000,181.0018208499341,181.5828380160848,180.8736620090665,181.4546661376953,66170900.0
1465430400,180.7198490169545,181.3264979199072,180.44643915806856,181.20687866210935,73786900.0
1465516800,179.8226821296147,180.16444765753795,178.94261047204992,179.4894561767578,113829200.0
1465776000,178.88278660586553,179.7457529380814,178.01982027364966,178.10525512695312,117751200.0
1465862400,177.72078776838296,178.3530683414505,176.7980051904679,177.7549591064453,125059300.0
1465948800,177.75502607228051,178.88287621602376,177.3192729008475,177.5072479248047,109124500.0
1466035200,177.50723141176718,178.20786789725187,175.6616657323433,178.03697204589844,149533100.0
1466121600,177.93216183057675,177.95792689163648,176.71256755423826,177.3739013671875,117055700.0
1466380800,179.34937142951378,180.02787346156032,178.43037356392298,178.51626586914062,82789600.0
1466467200,178.90269263778714,179.43518804951097,178.45607639600388,179.02293395996094,72461700.0
1466553600,179.20331002482786,179.93335513265026,178.58492226663827,178.73094177246094,95560500.0
1466640000,180.1996012571433,181.1100018081885,179.7358169953114,181.0584716796875,102731400.0
1466726400,174.89179794824614,181.092843788244,174.11022267549896,174.5568389892578,333444400.0
1466985600,173.1397628043216,173.14835989980017,170.61468053537803,171.4306182861328,230775800.0
1467072000,173.04521794527537,174.54824126186182,172.73602405307892,174.52247619628906,159382400.0
1467158400,175.931020625975,177.7260567292911,175.8279603652137,177.49417114257812,137328600.0
1467244800,177.96655692884892,179.96771360333886,177.40828325678643,179.9161834716797,165021900.0
1467331200,179.91617754811182,180.78364508689228,179.75299006634822,180.2940826416016,106055300.0
1467676800,179.46100725288906,179.57266462335127,178.39601610814256,178.99722290039062,109803700.0
1467763200,178.49903586728686,180.1910115948276,177.8377019932695,180.07077026367188,96021500.0
1467849600,180.25111922399785,180.92103705995672,179.18612835930506,179.9591064453125,85593800.0
1467936000,181.2645788156304,182.88784315286145,181.03268016593432,182.6387634277344,133971000.0
1468195200,183.10257303127423,183.8583831371789,182.89643942821257,183.28292846679688,73633900.0
1468281600,184.2535032264131,184.91483723800835,183.30874035270563,184.61422729492188,101275600.0
1468368000,185.0350715512508,185.0436555387487,184.09890580632583,184.5884552001953,87324100.0
1468454400,185.8595622701769,186.09146096382784,185.2240065172921,185.61907958984372,91230900.0
1468540800,186.1858887027062,186.3834251874872,184.9233484074213,185.36996459960935,107155400.0
1468800000,185.4902741815212,186.0313668230365,185.2326103948317,185.86817932128903,58725900.0
1468886400,185.4473157743152,185.71356353100896,185.19824909701825,185.67921447753903,54345700.0
1468972800,185.6792008083348,186.6926616276349,185.6792008083348,186.45217895507807,58159500.0
1469059200,186.34053223300631,186.5638338244621,185.30129325766427,185.74790954589844,67777300.0
1469145600,185.86814491223575,186.63253903786625,185.60189718723177,186.5810089111328,62787500.0
1469404800,186.37488968807276,186.42641981878452,185.4902541633248,186.07427978515625,55873100.0
1469491200,185.97121895986987,186.52089552800123,185.30988503865265,186.16017150878903,70080500.0
1469577600,186.53807284739844,186.60678405519556,185.18963996686068,185.96263122558597,84083900.0
1469664000,185.76502474947745,186.4693045849145,185.30124062040628,186.1772918701172,65035700.0
1469750400,185.9110760784943,186.8386444956275,185.6276472989676,186.47792053222656,79519400.0
1470009600,186.5381124308236,186.933185577838,185.8681943942987,186.32339477539065,73311400.0
1470096000,186.07425083793788,186.22885431134517,184.28781209299973,185.12950134277344,92295500.0
1470182400,185.06937140479948,185.7307052154032,184.76877465839488,185.6705780029297,53993600.0
1470268800,185.78228702395103,186.18595723185544,184.0130157835146,185.86817932128903,46585500.0
1470355200,185.86816015583045,187.4312975846704,185.86816015583045,187.3883514404297,71892200.0
1470614400,187.57729967297828,187.68037303784797,187.0104551401484,187.27670288085935,39906500.0
1470700800,187.34541840151223,187.88649788191057,187.06198957591155,187.3883514404297,51251700.0
1470787200,187.4999715529222,187.57726673400904,186.57239006391825,186.92453002929688,57941100.0
1470873600,187.4570789781312,188.04111775896476,187.1908312081006,187.7920379638672,72504300.0
1470960000,187.48281045801264,187.84354755217035,187.22515982693147,187.6288299560547,61313500.0
1471219200,187.99815040777185,188.5220619012776,187.98956642127345,188.169921875,49813500.0
1471305600,187.74907839813528,187.81777649881136,187.19940185546875,187.19940185546875,53213600.0
1471392000,187.23373583686396,187.68893607281225,186.39204656543595,187.551513671875,75134300.0
1471478400,187.52575007912333,188.0067153808505,187.41410584464336,187.9723663330078,52989300.0
1471564800,187.49997326593592,187.87787829512945,187.0104240092594,187.697509765625,75443000.0
1471824000,187.45708138472185,187.9208788203563,187.0877733390541,187.68898010253903,61368800.0
1471910400,188.3073619702228,188.60797189508708,188.0067520453584,188.0668792724609,53399200.0
1471996800,187.9208283565224,188.0153046157942,186.6840530007174,187.1049041748047,71728900.0
1472083200,186.71842572818065,187.39694070500192,186.5638353417592,186.97608947753903,69224800.0
1472169600,187.16505500299775,188.19569696660065,185.7307428619742,186.62396240234372,122506300.0
1472428800,186.75274866000743,187.8091553946417,186.71838651113805,187.54290771484372,70502200.0
1472515200,187.4571120862928,187.74054098663927,186.67554971842105,187.2338104248047,58114500.0
1472601600,186.89881523753755,187.01905658667536,185.9197033644655,186.70127868652344,85269500.0
1472688000,186.6926425320238,187.0018363801602,185.54175941602995,186.70982360839844,97844200.0
1472774400,187.5686947483225,187.9809488458128,186.976072111437,187.551513671875,79293900.0
1473120000,187.83497936000717,188.1957034043415,187.1135312713384,188.118408203125,56702100.0
1473206400,187.95520514475777,188.2815801077456,187.49142087053772,188.1012115478516,76554900.0
1473292800,187.7662444575968,188.04108927879108,187.3625743172942,187.67176818847656,74102900.0
1473379200,186.34910435274628,186.40063447785292,183.1541055429154,183.17987060546875,221589100.0
1473638400,182.41552349395647,186.21172991679893,182.3468122743404,185.8080596923828,168110900.0
1473724800,184.51968349816948,184.7859311818967,182.5099302352092,183.13690185546875,182828800.0
1473811200,183.18844810987795,184.3994584283253,182.5099463111098,183.06820678710935,134185500.0
1473897600,182.90505616188128,185.2841178642702,182.7246876016668,184.8976287841797,134427900.0
1473984000,184.2778300916453,184.45910975395856,183.49232001234756,184.1828765869141,155236400.0
1474243200,184.8388880431728,185.48629458532577,183.8893531794072,184.2173767089844,80250500.0
1474329600,185.08064059204372,185.2360118861368,184.191536396226,184.2260589599609,69665300.0
1474416000,184.93388830210404,186.4790265113624,184.2433185148481,186.2977600097656,110284400.0
1474502400,187.31636941137523,187.7738691677363,187.0660445749141,187.47174072265625,76678700.0
1474588800,187.0746273123034,187.21274389263337,186.349535022854,186.44448852539065,73630900.0
1474848000,185.60720088486528,185.78846739687503,184.73535137440533,184.93389892578125,89827300.0
1474934400,184.76982824369992,186.1768494937627,184.3986416467309,186.0819091796875,78494800.0
1475020800,186.3063723793004,187.16095390412173,185.3395826577812,187.0055694580078,87411000.0
1475107200,186.79841062623328,187.20411988453267,184.76123698702563,185.31369018554688,128070600.0
1475193600,186.15095781281235,187.4198757027486,185.90063307596668,186.7120513916016,117202900.0
1475452800,186.297749843144,186.4876436820414,185.62443478795925,186.26321411132807,83512100.0
1475539200,186.3754466725124,186.59987625670055,184.71808707694876,185.31369018554688,119948100.0
1475625600,185.9438362703664,186.56534774532503,185.8747779763129,186.1337432861328,72816000.0
1475712000,185.90929530358903,186.4876436820414,185.3654826569525,186.26321411132807,62927400.0
1475798400,186.53940191773376,186.71204102026397,184.89067016980457,185.6243896484375,89788300.0
1476057600,186.5912322998047,187.057359293634,186.44448837264508,186.5912322998047,51855000.0
1476144000,186.1596610391281,186.22871934154284,183.50097566802253,184.2346954345703,130367400.0
1476230400,184.3727853701317,185.0029373491935,183.87212262868877,184.47637939453125,73866100.0
1476316800,183.1383964545473,184.372778812503,182.3183506648853,183.8721160888672,101357000.0
1476403200,184.8561909547544,185.3223311627505,183.88940114783392,183.9670867919922,93346200.0
1476662400,183.94117904075583,184.2001443418236,183.14702844326465,183.32830810546875,58275700.0
1476748800,184.933879056768,184.99429683043877,184.09656537195224,184.47637939453125,76869700.0
1476835200,184.74398471950303,185.27917005811295,184.3814385380392,184.96841430664065,66519200.0
1476921600,184.61448265019797,185.1842036835799,183.9584486299997,184.6231231689453,73639800.0
1477008000,184.62317490403612,184.79581409756813,183.65637171150976,184.70948791503903,89089100.0
1477267200,185.5899333744277,185.86616657433976,185.14106101033263,185.49497985839844,60146600.0
1477353600,185.3136447987821,185.5726100534342,184.7094013189405,184.8734130859375,66542300.0
1477440000,184.04475867897995,185.08923397723527,183.8030480910927,184.50225830078125,75705500.0
1477526400,185.22733563167608,185.2618581862959,183.932522503348,184.0102081298828,77220200.0
1477612800,183.98434601838443,184.66627525984205,182.74996360298564,183.46641540527344,140623200.0
1477872000,183.8030623008685,184.02750504164655,183.3110400836288,183.4750518798828,61272500.0
1477958400,183.8030656926328,183.85486929097604,180.92859163190388,182.1457061767578,122781800.0
1478044800,181.8349025861037,182.2233570280644,180.60914784504493,181.0493927001953,103330800.0
1478131200,181.2652527887944,181.48105502705224,179.94454414437837,180.22076416015625,88939300.0
1478217600,180.3329572392712,181.1788981924618,179.87545761968195,180.02220153808594,109122100.0
1478476800,180.02219786262336,184.02748616750264,180.02219786262336,183.99295043945312,109794900.0
1478563200,183.59590023480516,185.39137629987184,183.32830758734963,184.8216552734375,106772100.0
1478649600,183.31965214573907,187.40263933129097,183.2937569349657,186.7811279296875,258429000.0
1478736000,187.5753228370979,188.44715920627792,185.77984649341417,187.24729919433597,172113300.0
1478822400,186.5222011898276,187.0573865517528,185.86616709548295,186.8156890869141,100552700.0
1479081600,187.34220105679452,187.54937590639128,186.21139965889404,186.9623870849609,94580000.0
1479168000,187.35088071725,188.4212646484375,187.14371898132785,188.4212646484375,91652600.0
1479254400,187.799713884513,188.30037659432588,187.6788651732838,188.0673065185547,65617700.0
1479340800,188.2226849989169,189.09452116149515,188.1104636379288,189.0341033935547,69797200.0
1479427200,189.10321101301628,189.2758501869833,188.42989584295296,188.61117553710935,86265800.0
1479686400,189.1895050791528,190.06134138191928,189.0427611373915,190.0354461669922,72402600.0
1479772800,190.34612425125997,190.5878216063093,189.67282259483423,190.40655517578125,67429000.0
1479859200,189.8887270648632,190.5620290840899,189.6901926672772,190.5102386474609,56620200.0
1480032000,190.8554714617328,191.25254013474856,190.77777265916797,191.218017578125,37872300.0
1480291200,190.9072708447477,191.1834908252668,190.21670113616744,190.32028198242188,76572500.0
1480377600,190.3548011338381,191.1489516195088,190.05267279654663,190.6914520263672,69886700.0
1480464000,191.3130354136343,191.47704724867737,190.1735930890355,190.2340240478516,113291800.0
1480550400,190.5360563637892,190.5360563637892,189.1721850107161,189.5347442626953,79040500.0
1480636800,189.62105710282748,190.12171973879464,189.26713836802867,189.6296844482422,74840300.0
1480896000,190.4670214237776,191.11442804067897,190.26848708262048,190.76914978027344,67837800.0
1480982400,190.959061270603,191.40793355691488,190.4756664260464,191.37339782714844,59877400.0
1481068800,191.2179941014843,193.93709622635063,191.0971454108573,193.87667846679688,110738100.0
1481155200,193.85082139583236,194.8262384579579,193.5832155832443,194.3514709472656,99714400.0
1481241600,194.57591454728325,195.5427042667933,194.541378816431,195.5254364013672,88005800.0
1481500800,195.43048619591116,195.91389423534375,194.8780330366532,195.30101013183597,102016100.0
1481587200,195.9656954898238,197.10512443121576,195.94842762315213,196.60446166992188,110477500.0
1481673600,196.30232160468225,197.01014599036947,194.5413682296646,194.9816131591797,142501800.0
1481760000,195.2233128376904,196.64760214357008,194.99024276474813,195.78439331054688,124972600.0
1481846400,196.2437534659576,196.30454060107863,195.0802389428406,195.4015045166016,156420200.0
1482105600,195.58381282182123,196.25240492613645,195.43620398694864,195.82693481445312,90341100.0
1482192000,196.36529276906276,196.72998904113848,196.1308622002148,196.58236694335935,89838800.0
1482278400,196.4521333310084,196.6257900255581,196.0353546142578,196.0353546142578,67909000.0
1482364800,195.887773191673,196.00933421979568,195.29732444853545,195.69674682617188,56219100.0
1482451200,195.7401563140578,195.991969824947,195.5491431925967,195.98329162597656,36697800.0
1482796800,196.25243874796763,196.8689220322584,196.2350691028848,196.46951293945312,42672500.0
1482883200,196.7299487488236,196.74730513982016,194.7328641044869,194.84573364257807,64095000.0
1482969600,194.91525299223468,195.2712578436638,194.35954359575197,194.8023834228516,48696100.0
1483056000,195.1323006104132,195.21913557425907,193.3957073267379,194.09034729003903,108998300.0
