ts,open,high,low,close,volume
1546387200,221.871780885488,226.58920454490053,221.8447222518487,225.6601409912109,126925200.0
1546473600,223.90127863993405,224.20796611751248,219.7882008429833,220.27528381347656,144140700.0
1546560000,223.324003825679,228.3029992354066,222.9451691632304,227.653564453125,142628800.0
1546819200,227.92414957546535,230.8646358171542,227.0221584109027,229.44851684570312,103139100.0
1546905600,231.6494099037349,232.0913768277069,229.10578785736212,231.6042938232422,102512600.0
1546992000,232.31684108762,233.5345346595669,231.08111760203465,232.6866607666016,95006600.0
1547078400,231.14427946693232,233.76004850664492,230.45875732938188,233.5074920654297,96823900.0
1547164800,232.42508171229733,233.6247454020377,231.8387929479501,233.59768676757807,73858100.0
1547424000,231.68546339558424,232.9843330208836,231.2795838417963,232.17254638671875,70908200.0
1547510400,232.55138311264065,235.14912223234737,232.54235439192612,234.8334197998047,85208300.0
1547596800,235.26641266261203,236.2946961059592,235.0589722506551,235.4017333984375,77636700.0
1547683200,234.5267491913682,238.05353821394252,234.4816331137865,237.18760681152344,96118400.0
1547769600,239.00962940531736,240.81361173980105,237.22367698460755,240.3445587158203,127900300.0
1548115200,238.86531944582316,239.08178852826552,235.47382367909336,237.09739685058597,115531200.0
1548201600,238.13473667306985,238.8382888000444,235.1130602524596,237.59353637695312,86030300.0
1548288000,237.41309863071697,238.3060886465235,236.39384415936024,237.7197723388672,59204100.0
1548374400,239.57789631532813,240.5610910571025,237.81902979382204,239.7312469482422,96883400.0
1548633600,237.5754626244623,237.972313406694,236.13227127663515,237.90919494628903,85613700.0
1548720000,238.0535607576409,238.6217921656434,236.75469105759703,237.59353637695312,66136300.0
1548806400,239.1178767655653,242.20267130808887,238.3511787269728,241.35479736328125,92473700.0
1548892800,241.2916536882626,243.961539700097,241.0751571010545,243.47445678710935,104012100.0
1548979200,243.67285068734785,244.6199577048772,242.797918361014,243.5916748046875,85782500.0
1549238400,243.6368223007865,245.3686574630416,242.96032892166255,245.30551147460935,60744800.0
1549324800,245.73854466430265,246.640536084293,245.2334316712355,246.3338623046875,79552800.0
1549411200,246.05421031848053,246.55029451454607,245.26948230486173,246.00909423828125,58347800.0
1549497600,244.3855530594077,244.93575460276224,241.99528134551989,243.6639709472656,95482000.0
1549584000,242.410106808138,244.06073840047424,241.58026288894916,243.96153259277344,75788900.0
1549843200,244.62004841389685,244.8816060683768,243.5647064948161,244.0968780517578,68021400.0
1549929600,245.72047061909444,247.61463023964689,245.64829590356388,247.23580932617188,72270200.0
1550016000,248.0746463165227,248.88643291634213,247.6507093383321,248.0385589599609,65277200.0
1550102400,246.94717252724703,248.6248906285988,246.126357155966,247.4883728027344,83234400.0
1550188800,249.2743435976597,250.2214511349326,249.0669031814395,250.18536376953125,97088700.0
1550534400,249.3825472827579,251.27670686045917,249.37351856187368,250.61827087402344,59120800.0
1550620800,250.5821975489618,251.5834221925955,250.0770846297449,251.12339782714844,76610800.0
1550707200,250.48299469503,250.84378570924295,249.2653009362949,250.23043823242188,64214700.0
1550793600,250.85281330803056,251.98030255024048,250.2124071259013,251.78189086914065,78114600.0
1551052800,253.21595596107932,253.73909865545977,252.04335108668252,252.12452697753903,69030700.0
1551139200,251.77286381668557,252.82817833950187,251.56539588516935,251.9442443847656,56844100.0
1551225600,251.22265393385223,252.18779141167147,250.28460262562328,251.8360290527344,56921600.0
1551312000,251.61954565922187,252.06154022025876,251.04228540266683,251.3669891357422,69268300.0
1551398400,252.9544160229478,253.35129435573077,251.49319467342292,252.93638610839844,78880500.0
1551657600,254.00082613764943,254.24435394672037,249.7073375485633,252.0164337158203,106494600.0
1551744000,252.1426064682125,252.3410456165227,251.12335209400956,251.67355346679688,59114600.0
1551830400,251.79086170211065,251.7998904234693,249.8245273071946,250.14923095703125,75039800.0
1551916800,249.6982438999333,249.8425658136861,247.20876658582137,248.056640625,94885100.0
1552003200,246.18951471032068,247.73191217027107,245.72048913039288,247.5605316162109,85795800.0
1552262400,248.28208077163853,251.312757676571,248.2550221395082,251.15040588378903,65098900.0
1552348800,251.70963882951136,252.62065866590467,251.520228402444,252.0974884033203,79667500.0
1552435200,252.990551239176,254.70432934953868,252.82817187116447,253.7662506103516,80639200.0
1552521600,253.79332284531736,254.21725991612664,253.1619453637803,253.6039123535156,67518400.0
1552608000,254.1592441922558,255.6721891602864,253.96897177403304,254.85682678222656,81309000.0
1552867200,255.07423275441627,256.07986748516424,254.84774168372408,255.7808837890625,62199800.0
1552953600,256.8499646508515,257.62001223888063,254.9474339645436,255.8443298339844,90268100.0
1553040000,255.6268866008704,256.8408754280103,253.9599156301185,255.07423400878903,84609200.0
1553126400,254.2498098836838,258.3628675022641,254.20449508435564,257.9552001953125,79550400.0
1553212800,256.587234528175,257.11268170704545,252.9271306670642,252.9905548095703,122659300.0
1553472000,252.64623636947988,253.8421157694988,251.53191807895504,252.80026245117188,85575200.0
1553558400,254.56692784597627,255.64502769353783,253.2714053897769,254.6847076416016,68125900.0
1553644800,254.6756053803267,255.26450428036517,251.79464560653292,253.3529052734375,72224700.0
1553731200,253.9870375860155,254.76615343069315,252.82740465935424,254.31317138671875,56238500.0
1553817600,255.8352451037486,256.2429124072712,254.70278984757456,255.91677856445312,82186800.0
1554076800,257.9280961154521,259.2507965025504,257.6562901852758,258.9518127441406,77617900.0
1554163200,259.142006893001,259.3141423024182,258.28132984591485,259.0785827636719,40070400.0
1554249600,260.30169053190303,260.7003170682269,258.87931982946725,259.486328125,68243200.0
1554336000,259.8125159450582,260.42856521164214,259.1149331856479,260.1748962402344,48997500.0
1554422400,260.84527175957334,261.4884987164008,260.5553565277104,261.43414306640625,58621700.0
1554681600,261.00836619810804,261.74219519815694,260.3470021897376,261.63348388671875,53566300.0
1554768000,260.6640817833824,260.99021570081044,259.7400080361632,260.2926330566406,66142300.0
1554854400,260.709392243547,261.27111345349385,260.292656318089,261.1805114746094,52601500.0
1554940800,261.66957290134417,261.678641388751,260.5371178885928,261.1078796386719,55093100.0
1555027200,262.7295846649803,263.1553888908677,261.1532160042959,262.8745422363281,69727800.0
1555286400,262.947054006569,263.04672445053893,261.8961321630898,262.70245361328125,49596700.0
1555372800,263.59026160491123,263.64461723818795,262.27660262245445,262.8745422363281,52153200.0
1555459200,263.9980902875036,264.025268120761,261.81471218966885,262.2314758300781,58268300.0
1555545600,262.8202953739656,263.01960866107805,261.51570433974626,262.747802734375,68708500.0
1555891200,261.97773497034507,263.1282997930774,261.8871330017258,262.9742736816406,40160100.0
1555977600,263.34561322520415,265.57430460837486,263.1100813818444,265.3387451171875,52246600.0
1556064000,265.2572461497418,265.5924484551816,264.60495086829656,264.7499084472656,50392900.0
1556150400,264.650307686386,265.2482474891075,263.3910315873173,264.5868835449219,57770900.0
1556236800,264.6321891708936,265.8914652262722,263.85304546183204,265.8190002441406,50916400.0
1556496000,265.90961438473227,266.7612231149239,265.8190124170406,266.2357482910156,57197700.0
1556582400,265.89142211494794,266.66149720844487,264.46907934451207,266.37158203125,81111700.0
1556668800,267.00571282193994,267.21409449643454,264.3602857606866,264.3693542480469,71671900.0
1556755200,264.25162711248925,265.1757282767365,262.29474115317083,263.79864501953125,65030200.0
1556841600,265.2844368396102,266.66149243488536,263.90735359650245,266.3806457519531,56543700.0
1557100800,262.050185531696,265.7283985428895,261.7330924829026,265.28448486328125,107198100.0
1557187200,262.8655818010737,263.46352166073507,258.9336993734588,260.8543395996094,144729900.0
1557273600,260.4919128417969,262.21323947409326,259.89397308888283,260.4919128417969,91568300.0
1557360000,258.4081826437886,260.31068537441627,256.65965069887955,259.7037048339844,103471100.0
1557446400,258.7614390228064,261.7692462053134,255.7536318402993,261.0082397460937,112429300.0
1557705600,255.8624262940148,256.83178699371405,253.60655659347677,254.4490966796875,127290500.0
1557792000,255.47280095807665,258.290363611464,255.3459803643009,256.7502136230469,77003200.0
1557878400,255.11048368418645,258.89740781921626,254.9021019421574,258.2541809082031,73956400.0
1557964800,258.96085743703736,262.0139530019908,258.8883924510217,260.6459655761719,76749600.0
1558051200,258.3266874922882,261.4613163953693,258.3085505107098,258.9608459472656,100353000.0
1558310400,257.34826953142215,259.06959652425104,256.4966607032509,257.2486267089844,62877600.0
1558396800,258.95179428463933,259.94836066189526,258.698125356596,259.56787109375,46847100.0
1558483200,258.60753241919565,259.73091935569033,258.2904393700064,258.7705993652344,49482500.0
1558569600,256.53277696675195,256.578064108929,254.1863334567228,255.60870361328125,98733800.0
1558656000,257.0582554279285,257.4750188374565,255.56342013119556,256.18853759765625,55268100.0
1559001600,256.4694301963673,257.429750141893,253.7877836115692,253.80589294433597,70029400.0
1559088000,252.68250681590573,253.09017416314805,250.68937429215552,252.1026763916016,104972900.0
1559174400,252.86366370403368,253.7062314527524,251.68592126072213,252.79119873046875,62523800.0
1559260800,250.22728744693768,251.0607589093987,249.3575420324184,249.3847198486328,86862800.0
1559520000,249.4210456479857,250.5444326066641,247.40980366361237,248.75064086914065,96428000.0
1559606400,251.06072974967157,254.2859592557187,250.60774776682416,254.1500701904297,77231900.0
1559692800,255.78083121310064,256.3787708345613,253.9598621795654,256.3515930175781,71169700.0
1559779200,256.6505677496902,258.6980277363412,255.99827251688947,258.0185546875,69430400.0
1559865600,259.0422961362471,261.6877233472592,258.8701607536216,260.6005554199219,74272200.0
1560124800,262.158827865269,263.47248687276806,261.705845814108,261.79644775390625,60799100.0
1560211200,263.6265554215615,263.99800412007187,261.08079782859954,261.73309326171875,58641300.0
1560297600,261.4976092914361,262.0593028636678,260.75471175816847,261.2711181640625,47096300.0
1560384000,262.1859626648318,262.7114372407474,261.479311886876,262.3490295410156,48945200.0
1560470400,262.05926513671875,262.6662457879051,261.28918988494263,262.05926513671875,52324700.0
1560729600,262.29476362168003,262.9289496652795,261.9867390898228,262.15887451171875,39205700.0
1560816000,263.98898643271485,265.9639822389526,263.62657854531994,264.90399169921875,85434800.0
1560902400,265.03990238448847,266.0364688601789,264.0614728933466,265.501953125,78674400.0
1560988800,268.2016687988333,268.4462691972053,265.5653094694826,268.03857421875,116570000.0
1561075200,267.7672478598068,269.03264825796504,267.4304152599149,267.6488952636719,83309500.0
1561334400,267.85831275191043,268.17692018981023,267.16642230602133,267.3211975097656,47582700.0
1561420800,267.37580154083787,267.4031115419492,264.5900702982894,264.6993103027344,82028700.0
1561507200,265.6006064379724,266.1104117204618,264.32609323174887,264.4353332519531,51584900.0
1561593600,265.20004372966457,265.8828216448209,264.8177036552676,265.3730163574219,40355200.0
1561680000,266.3561880748382,267.23924856917114,265.8372980055396,266.7385559082031,59350900.0
1561939200,270.08872419592666,270.3072320167301,267.9493478779395,269.16015625,78705600.0
1562025600,269.11463447435807,269.91576503188,268.26799650064737,269.86114501953125,61504500.0
1562112000,270.54391144014073,272.0369324669347,270.3982488193093,272.0187072753906,40898900.0
1562284800,270.7806604129186,271.87311635447446,269.4788369932192,271.709228515625,51677300.0
1562544000,270.38915914617195,271.52712230505483,269.669958650713,270.2161865234375,45841800.0
1562630400,269.05093362438123,270.85344962313894,268.9963136112253,270.55303955078125,41101300.0
1562716800,271.6271621241381,272.8015475043953,271.0900470202487,271.8456420898437,58448500.0
1562803200,272.49205326744413,272.7287306607815,271.4724429451667,272.4829406738281,50826100.0
1562889600,272.97462602040343,273.7757565819914,272.66510335475454,273.7029113769531,40326000.0
1563148800,274.1399516819768,274.1399516819768,273.2842009441241,273.79400634765625,33900000.0
1563235200,273.7029066235017,273.9123018564683,272.60136601160167,272.910888671875,36650100.0
1563321600,272.88365675195547,273.0475168338763,271.0538024902344,271.0538024902344,36036300.0
1563408000,270.5529968955136,272.42835780434785,270.106924264299,272.0459899902344,51392600.0
1563494400,273.1476103249124,273.17492033239216,270.3618784327444,270.53485107421875,58678600.0
1563753600,270.93535610903245,271.7455992043097,270.4164660291225,271.1993713378906,43638100.0
1563840000,272.3283038130535,273.1385192871094,271.4907505470533,273.1385192871094,44564500.0
1563926400,272.37375497654665,274.4220886230469,272.2827123691304,274.4220886230469,47213200.0
1564012800,273.96689549650995,274.0215155029297,272.30090195380154,273.11114501953125,55394100.0
1564099200,273.8030767632242,275.1413226869023,273.67561154082324,274.9410400390625,45084100.0
1564358400,274.8226449253915,274.9409975329503,273.88496444235926,274.4402770996094,38126500.0
1564444800,273.0292341593906,274.176309939262,272.646866305332,273.7666320800781,45849000.0
1564531200,274.0124319342064,274.20362975923155,268.7414062802214,270.7715148925781,104245200.0
1564617600,270.926205121177,273.90310598170294,267.6124439146546,268.41357421875,142646600.0
1564704000,267.5124356398986,267.75822572716487,264.826830963095,266.3926696777344,116749700.0
1564963200,262.268588497452,262.3778284933262,256.4695338639791,258.3813171386719,178745400.0
1565049600,260.2840527430889,262.22314650042455,258.8001442702995,262.004638671875,120711700.0
1565136000,258.90942424478976,262.9332750052981,256.76096270571674,262.1594543457031,140572300.0
1565222400,263.66143635621785,267.30291748046875,263.10612382027176,267.30291748046875,87713900.0
1565308800,266.3562478999975,266.95709589749475,263.6888684095593,265.4822998046875,93730000.0
1565568000,263.9711051363068,265.473211375645,261.2946128048408,262.2505187988281,65527600.0
1565654400,261.95003792032173,267.78551703113726,261.604092633462,266.32891845703125,94299800.0
1565740800,262.25045052599626,262.86038323528885,258.32675568526605,258.4541931152344,135622100.0
1565827200,259.3463581117969,260.0382485971448,257.0795444079544,259.136962890625,99556600.0
1565913600,260.80296699799425,263.3975008578796,259.1915933324982,262.9605407714844,83018300.0
1566172800,266.00119415157053,266.81140955800635,265.31841618536106,266.1286315917969,53571800.0
1566259200,265.618771127822,266.15588634919953,263.96191805497773,264.08935546875,51596400.0
1566345600,266.2651640066054,266.61108144669385,265.5732735618248,266.23785400390625,49524700.0
1566432000,266.9479906117566,267.5852333852231,264.37162616328294,266.15594482421875,51666400.0
1566518400,264.84501728262177,266.52009579017056,258.06274545305905,259.3190612792969,149161500.0
1566777600,261.5220956296705,262.1866760253906,259.9835674262431,262.1866760253906,72423800.0
1566864000,263.5886910413228,263.9619462925079,260.39328159061193,261.1579895019531,66668900.0
1566950400,260.4935200373554,263.16089987493484,259.6832766712147,262.9970397949219,59696700.0
1567036800,265.5733262684983,266.8842622228338,264.56280040347383,266.3562316894531,57899400.0
1567123200,267.849199727759,267.86739713545785,265.30017353483345,266.23785400390625,62901200.0
1567468800,264.5263438927749,265.4457991399068,263.34284565822065,264.6810913085937,69101400.0
1567555200,266.866035832619,267.7035611788655,266.1104127195289,267.68536376953125,46887300.0
1567641600,270.1888150430505,272.045950492536,267.6488740712899,271.1264953613281,83258100.0
1567728000,271.4451442458913,271.9822594279385,270.76236647141275,271.3358764648437,49584300.0
1567987200,272.3282541844799,272.4192690118055,270.5257105301094,271.4725036621094,51260300.0
1568073600,270.7077798381701,271.47251556675025,269.4423791904322,271.4087829589844,57947100.0
1568160000,271.7183473970211,273.42073618250896,271.06287937339005,273.3388061523437,68821100.0
1568246400,274.24906935012825,275.35060970025864,273.4843615860651,274.2854919433594,72908700.0
1568332800,274.7316124667751,275.0866703025638,273.73019934541327,274.1034545898437,62104800.0
1568592000,272.96548019983885,274.14897848806294,272.6104501609831,273.2568054199219,58191200.0
1568678400,273.0565268697463,274.03971477428865,272.8835542541403,273.9486999511719,41475500.0
1568764800,273.5572388610056,274.2218193670064,271.5089051146563,274.1125793457031,73375800.0
1568851200,274.504068786209,275.5054820861365,273.75755816423504,274.0943908691406,76560500.0
1568937600,274.7016807950428,274.9852246683,272.0037018100629,272.79937744140625,89565000.0
1569196800,272.1317288269249,273.4578734913774,271.8756489915848,272.7353515625,43476800.0
1569283200,273.8328171304653,274.2260775570191,269.6257678844937,270.59521484375,94869400.0
1569369600,270.67751192476294,272.6438418860954,269.18675074472736,272.1957092285156,71854000.0
1569456000,272.20484858560644,272.41518288539714,270.2110826127758,271.628662109375,56179700.0
1569542400,272.3878154617531,272.4975878887323,268.60149009394974,270.1654052734375,84746600.0
1569801600,270.68671677005966,272.1317327379734,270.6409991922596,271.4183654785156,51662400.0
1569888000,272.3054975725837,272.9639925584339,267.9704218635913,268.1899108886719,88242400.0
1569974400,266.5984700952946,266.60762477180106,262.15365136660813,263.45233154296875,122539500.0
1570060800,263.22375473177806,265.6382454520566,260.4891851797134,265.6108093261719,85278800.0
1570147200,266.2692104939818,269.4610662938824,266.2143103509388,269.2049865722656,65091200.0
1570406400,268.400185008061,270.0372812108232,267.7599716809966,268.0434875488281,59610500.0
1570492800,266.17779327299803,266.9185964491006,263.8456113503111,263.8822021484375,95708100.0
1570579200,265.9126452235803,267.33022511727785,265.2815863262284,266.3882141113281,62359400.0
1570665600,266.3058889951076,269.0770495791839,266.14127222629713,268.1899108886719,55296300.0
1570752000,270.9610296480038,273.2200302177937,270.8421583848394,270.9701843261719,98720400.0
1571011200,270.650025608119,271.3268297186307,270.32079218457187,270.6683349609375,40394800.0
1571097600,271.7202326975132,274.09813323251376,271.6013334841712,273.3481750488281,46754500.0
1571184000,272.8816214953543,273.6041432510985,272.470079667856,272.9090576171875,48928200.0
1571270400,274.07975253807456,274.5919121617814,273.0188424859372,273.71392822265625,45736600.0
1571356800,273.1743335576567,273.82367381339776,271.65613612756715,272.5158386230469,64304000.0
1571616000,273.841964374201,274.56445827948056,273.4029584777263,274.3632507324219,39048600.0
1571702400,274.90281031710094,275.1954808762855,273.37548642432034,273.4669494628906,48594700.0
1571788800,273.2109398753011,274.3175675676159,273.0005776236182,274.2626953125,34352200.0
1571875200,275.20475475856654,275.3510901015441,273.8786099013784,274.7108764648437,35453100.0
1571961600,274.134600490666,276.38447425674264,274.0797282437474,275.8357238769531,45205400.0
1572220800,277.0612084630626,277.89347462896325,277.03377234377353,277.39044189453125,42147000.0
1572307200,277.11614414249385,278.2410811120785,276.9880902827629,277.3081970214844,44284900.0
1572393600,277.5094147789489,278.53373405202126,276.19242488196835,278.1587829589844,49643900.0
1572480000,278.1495535604859,278.1495535604859,275.9545802920238,277.4178771972656,69053800.0
1572566400,278.87213277674687,280.0336326103078,278.70748811693244,279.9879150390625,71141500.0
1572825600,281.5518293939142,281.6890100179708,280.7378445068368,281.1128234863281,60606900.0
1572912000,281.3139477820496,281.6157729762523,280.5091178116382,280.8017883300781,42933200.0
1572998400,280.80190934255864,281.1402975644482,279.91477063975765,280.8659362792969,46487100.0
1573084800,282.2103352422951,283.1980636844052,281.3780688766085,281.8536376953125,54272300.0
1573171200,281.50601670441193,282.60351725605346,280.801804395311,282.54864501953125,49032100.0
1573430400,281.1585465264149,282.18286565175106,281.0213380027051,282.00909423828125,35797300.0
1573516800,282.37496348260674,283.5090272790454,281.826213032179,282.6036071777344,46484600.0
1573603200,281.6066309446851,283.0973918099148,281.37798732512465,282.6949768066406,53917700.0
1573689600,282.41154008138227,283.18893418782886,281.7713266029895,283.1065979003906,51219900.0
1573776000,284.4509721221235,285.20092996650834,283.75591442957733,285.1552124023437,62023600.0
1574035200,284.9174374246709,285.6033684069385,284.46015010315915,285.3655700683594,49228000.0
1574121600,285.96916455738545,285.9783192343083,284.633893524862,285.2832336425781,67804700.0
1574208000,284.6887930724208,285.2101073162226,282.6584362534162,284.22235107421875,79406200.0
1574294400,284.33213542963733,284.44187992545085,282.96027341075984,283.7650756835937,54664700.0
1574380800,284.51507839192874,284.65225903328314,283.38101454258776,284.39617919921875,44850200.0
1574640000,285.3289452446322,286.6001892089844,285.3289452446322,286.6001892089844,48647200.0
1574726400,286.63688431817883,287.43255990877515,286.3167775639853,287.2496337890625,37569000.0
1574812800,287.73426501573186,288.52996826171875,287.51477607096206,288.52996826171875,44444600.0
1574985600,287.9629964103619,288.2099494590996,287.2313477643843,287.4599914550781,36592700.0
1575244800,287.7160757698264,287.7801027027671,284.58824566218,285.0180969238281,75767800.0
1575331200,282.2834862214614,283.18893418782886,280.8933426728387,283.1065979003906,73941700.0
1575417600,284.15830540343643,285.45698555019794,283.8107626313007,284.8533630371094,49080000.0
1575504000,285.5576508390285,285.5759322840719,284.04858034955737,285.3655700683594,40709000.0
1575590400,287.2860846320268,288.37443031968866,287.27692995731906,287.9720153808594,48927000.0
1575849600,287.5788710251542,288.2556473720532,286.9935298198109,287.06671142578125,34838500.0
1575936000,287.0117248509485,287.67934625351575,286.08799584010563,286.7464904785156,52649800.0
1576022400,287.2039408368966,287.8167182709219,286.6643450212732,287.5606384277344,53429100.0
1576108800,287.5697300446449,290.82561390029235,287.3319595904277,290.0390930175781,96389600.0
1576195200,289.8012293659603,291.44748028058166,289.0238354266058,290.2127990722656,81503900.0
1576454400,291.9504937245795,292.8010413713946,290.1487807152977,292.2065734863281,82749700.0
1576540800,292.59070604393224,292.89250336861267,292.1882910039579,292.2705993652344,61097700.0
1576627200,292.6638888689952,292.89253253217413,292.23403766579474,292.2889099121094,48133000.0
1576713600,292.4809618149106,293.5601811136339,292.22488202941423,293.48699951171875,85310500.0
1576800000,294.5255754787754,295.91338209132607,293.54219052237613,294.77374267578125,147142100.0
1577059200,295.5641119242399,295.61925395392154,295.0770052968334,295.2240600585937,52990000.0
1577145600,295.4538444983316,295.49978684304347,294.92996713903483,295.2332763671875,20270000.0
1577318400,295.61932163537074,296.81413133028747,295.6101499935426,296.804931640625,30911200.0
1577404800,297.5401410113286,297.59528304685966,296.1983047336887,296.7313537597656,42528800.0
1577664000,296.81408482459085,296.9519399087571,294.60829128661146,295.09539794921875,49729100.0
1577750400,294.58987305968,296.06039250161814,294.2406215368393,295.8122253417969,57077300.0
1577923200,297.35635228015616,298.59710421158724,296.4280812418252,298.5787048339844,59151200.0
1578009600,295.1689100231828,297.4482166969059,295.1137679949967,296.3177490234375,77709700.0
1578268800,294.5531754410407,297.5309857629317,294.4336916748636,297.4482727050781,55653900.0
1578355200,296.8784795470099,297.35641469970324,296.1616048658075,296.6119689941406,40496400.0
1578441600,296.8049421313957,299.4151017348779,296.55680293224674,298.1927490234375,68296000.0
1578528000,299.7642637000713,300.2881410116043,299.1760446735445,300.214599609375,48473300.0
1578614400,300.8028563818804,300.95908279752456,298.8820007130497,299.3507080078125,53029300.0
1578873600,299.97564456775115,301.41856494947825,299.5436800075611,301.4093933105469,47086800.0
1578960000,300.96820042550263,302.02512653242854,300.3891811714258,300.9498291015625,62832800.0
1579046400,300.85798837525687,302.39282170228535,300.7752753260005,301.6300048828125,72056600.0
1579132800,303.0177701581234,304.1390380859375,302.7880023700289,304.1390380859375,54050300.0
1579219200,304.8558645722191,305.2970007054528,304.07464860585617,305.08563232421875,95846000.0
1579564800,304.1205974133801,305.2970072067569,304.0470840722161,304.4882202148437,77742400.0
1579651200,305.35215221984686,306.00471285025446,304.36876752704524,304.5249938964844,48914900.0
1579737600,303.8725746929403,305.2879524707691,302.7513064880326,304.8743591308594,51963000.0
1579824000,305.5360902256444,305.6188032836752,300.8671919326843,302.1630859375,87578400.0
1580083200,296.8875544776239,298.80840982842204,296.547502637468,297.31951904296875,84062500.0
1580169600,298.7532647585038,301.3174811116688,297.4114287374613,300.4351806640625,63834000.0
1580256000,301.804677949002,302.03444580442965,299.9849064367947,300.1871032714844,53888900.0
1580342400,298.1098410327922,301.37255974661133,297.3562241672184,301.1611633300781,75491800.0
1580428800,300.536336576065,300.6925910492761,294.7737692104958,295.6928405761719,113845600.0
1580688000,297.18163811265015,299.7642255930663,297.06215438508684,297.8893127441406,69083000.0
1580774400,301.5196939211996,303.30269428478084,301.19801339312164,302.4295654296875,62573200.0
1580860800,305.3797484796294,306.1333935234226,303.9092571377616,305.9219970703125,65951100.0
1580947200,306.88704378759394,307.1443825815808,305.8668602504077,306.9513854980469,50359700.0
1581033600,305.8852492800721,306.96054675693904,304.763981419654,305.3154296875,64139400.0
1581292800,304.42397811831904,307.6590987986097,304.3872074151827,307.5947570800781,42070000.0
1581379200,308.95496605575715,309.74535379435173,307.5947306349402,308.1278076171875,54864500.0
1581465600,309.5707299192885,310.32437501033536,309.2031070607716,310.1130065917969,43992700.0
1581552000,308.6792079467562,310.7563176199279,308.4034978343105,309.7821044921875,54501900.0
1581638400,310.19569883120136,310.3978955970013,308.9917179227911,310.2784118652344,64582200.0
1581984000,309.2766240373906,310.3427498763755,308.0818147817825,309.47882080078125,57226200.0
1582070400,310.45314010660616,311.638722033622,310.1682302127186,310.9586181640625,48814700.0
1582156800,310.4070762759255,311.2342627359956,306.6756497102531,309.6810302734375,74163400.0
1582243200,308.32082508734413,308.633305938221,305.6646957831488,306.49188232421875,113788200.0
1582502400,296.9887283409357,306.5654360637116,295.242470344497,296.3269958496094,161088400.0
1582588800,297.72388494075403,298.33964685145446,286.465264322623,287.3475646972656,218913200.0
1582675200,288.75381480603454,292.3657582898536,285.5554646270687,286.29071044921875,194773800.0
1582761600,280.7394913284568,286.3458314663053,273.4328918457031,273.4328918457031,284353500.0
1582848000,265.3358514692042,273.7821175574992,262.43158327772824,272.2840270996094,384975800.0
1583107200,274.0761560714932,284.1399947778872,270.62963980873093,284.0756530761719,238703600.0
1583193600,284.4525961592411,288.4413626394821,273.48808117123883,275.9419860839844,300139100.0
1583280000,281.34608762342725,287.7612150698398,278.7818709728644,287.5406188964844,176613400.0
1583366400,280.29831590644363,283.50586508995093,275.7305313893183,277.98223876953125,186366800.0
1583452800,269.42567728872103,274.60005187603963,266.74200548377416,273.3868713378906,228667200.0
1583712000,253.02034185575505,261.19089995669435,251.32008222650032,252.03695678710935,309417300.0
1583798400,261.60446391220955,265.17043693629023,251.3659963387796,265.0785522460937,276444100.0
1583884800,257.983277194142,259.1229164190839,248.9579919736201,252.1563415527344,255316300.0
1583971200,235.2822488519008,245.07955211123908,227.6355690327349,228.03077697753903,392220700.0
1584057600,241.79843782084288,249.50945862560468,228.40757777476827,247.52426147460935,329566100.0
1584316800,221.6615918933536,236.1093927100273,218.1507470971129,220.43923950195312,297240000.0
1584403200,225.2092150970665,235.438496719588,217.88423006606632,232.3412170410156,262070500.0
1584489600,217.1305854320526,228.2697246287872,209.566632879994,220.5771026611328,327597100.0
1584576000,219.88778223383576,227.35983549708297,213.426712889275,221.0458068847656,289322000.0
1584662400,224.2130655352576,226.00655045144487,211.2426740307218,211.52001953125,347158800.0
1584921600,210.95612010962637,212.33357992592877,201.776068730852,206.1118621826172,326025200.0
1585008000,216.71558618449492,225.66451805974856,216.1424157796561,224.7862548828125,235494500.0
1585094400,226.37629971613583,236.98928807570127,221.6429899096857,228.1512908935547,299430300.0
1585180800,230.67516996563705,242.9521914600299,230.2406652781837,241.4730529785156,257632800.0
1585267200,234.14189768160924,241.1124362639142,232.0895610846874,234.2805633544922,224341200.0
1585526400,236.3883811956545,242.6100973257828,234.3822710647328,241.88900756835935,171369500.0
1585612800,240.88137418461676,243.44216158998012,236.86915323119808,238.2835998535156,194881100.0
1585699200,229.2514077786604,238.20033706546903,225.47954642038988,227.5596160888672,189554600.0
1585785600,226.67216699098591,233.5964799738239,226.11747600710615,232.8106842041016,177660400.0
1585872000,231.8214819671959,234.18815120543644,226.6998936683709,229.44558715820312,135561200.0
1586131200,238.3668040926241,246.83500464112404,229.427126029286,244.8566131591797,188061200.0
1586217600,253.50048967518129,254.25856656772496,244.88439705321795,245.10626220703125,201427200.0
1586304000,247.7224419526746,255.15523271838975,245.21712129910463,253.33401489257807,153774500.0
1586390400,256.6159188737926,259.9625441693819,254.66528894370404,257.1891174316406,189999200.0
1586736000,256.2091764011037,256.5512278524876,250.9119211583387,254.8409423828125,114839100.0
1586822400,259.75912924719097,263.38305731179486,254.7022472679955,262.3569030761719,134143400.0
1586908800,256.60666551717674,262.49556980528627,254.65600758555064,256.7823181152344,121775000.0
1586995200,258.06736117708954,258.880904228839,254.93340352632384,258.0211486816406,131798300.0
1587081600,263.8268813194483,265.6018588746599,261.07193356078005,264.9917297363281,146684800.0
1587340800,261.2660139587041,265.1303430857355,260.10119398463854,260.32305908203125,100109300.0
1587427200,255.8301868246857,257.0412478113869,251.47588568864973,252.4188690185547,126385700.0
1587513600,257.32779197336646,259.77764670005047,255.99654483645955,258.0211486816406,92951600.0
1587600000,259.3061384249286,262.49559036286263,257.69755999332085,258.00262451171875,104709700.0
1587686400,259.5280605161507,262.2737543371694,257.4664696510414,261.598876953125,85063200.0
1587945600,263.5864659697561,266.4985583281309,263.1242281918314,265.3706970214844,77896600.0
1588032000,269.04084563004807,269.39215082857385,263.84529791564745,264.150390625,105270000.0
1588118400,269.51234809746575,272.609346742133,268.47694002572416,271.0654602050781,118745600.0
1588204800,269.6787433160945,271.1671635588947,266.79438423686474,268.5416564941406,122901700.0
1588291200,263.76210218131826,268.7080517401183,260.2583321429464,261.43243408203125,125180000.0
1588550400,259.53719194927527,262.4585373419591,258.0488002282556,262.1534729003906,80873200.0
1588636800,264.9917700447199,267.40463846070014,262.2830343741867,264.57574462890625,79569900.0
1588723200,266.28596655842614,266.6742305212483,262.347691373259,262.7821960449219,73632600.0
1588809600,266.01781453590644,267.8944985976931,265.4446442627625,265.9530944824219,75250400.0
1588896000,269.1055292810306,270.82506812205344,267.96841443111634,270.35357666015625,76452400.0
1589155200,268.41230851350684,271.7958934294872,267.9870575322045,270.4091796875,79514200.0
1589241600,271.60170162986907,272.0176987332528,264.88074578338063,265.0194396972656,95870800.0
1589328000,264.4554277292525,265.50008943368783,257.8916468196168,260.332275390625,144721100.0
1589414400,257.88251181493416,263.5772573883642,252.3726162439669,263.4478454589844,121977900.0
1589500800,261.0441715182751,264.7050870067685,260.0919627756472,264.65887451171875,111146300.0
1589760000,270.91753734646966,274.3381080239506,270.5939934876637,272.72027587890625,119703800.0
1589846400,272.1194155151454,273.83892669652425,269.90067957898384,269.9191589355469,95189300.0
1589932800,273.4783926929953,275.37355648442514,273.24727378122304,274.5045471191406,85861700.0
1590019200,274.37512681753094,275.18866987615843,271.5092467565501,272.609375,78293900.0
1590105600,272.3227859324232,273.3027278174098,271.07473822222124,273.1270751953125,63958200.0
1590451200,279.1268565344075,279.3672291714681,273.1454994439647,276.4920959472656,88951400.0
1590537600,279.302504362078,280.6430049821125,274.44900849421214,280.60601806640625,104817400.0
1590624000,281.64152185907705,283.6661259386108,279.4135319930636,280.0884094238281,90405200.0
1590710400,279.6168258055056,281.9280143403951,276.8526533458579,281.3363647460937,119090800.0
1590969600,280.68927958979083,283.0836680290045,280.17157550632606,282.4735107421875,55758300.0
1591056000,283.3979620169692,284.8586491513497,282.0574894281056,284.8124084472656,74267200.0
1591142400,286.8092679717843,289.5642150980105,286.5319366089357,288.6027526855469,92567600.0
1591228800,287.6135771555438,289.36084950136456,285.7368929023039,287.8446960449219,75794400.0
1591315200,293.27135521881405,297.0062156989103,293.2066351666821,295.22198486328125,150524700.0
1591574400,296.03554964324275,298.9846287841616,295.4901124765788,298.7904968261719,73641200.0
1591660800,296.1095182967034,298.86446569386305,295.24050899064486,296.5625305175781,77479200.0
1591747200,297.1450196957408,298.04176233711195,294.1866858939824,294.90777587890625,95000800.0
1591833600,287.9370879650805,288.57497822103,277.3518620119418,277.9065246582031,209243600.0
1591920000,284.96031526220054,285.7368712862336,276.04838623260395,281.23468017578125,194678900.0
1592179200,275.51215648320795,284.9972833883581,274.32882906565084,283.86016845703125,135782700.0
1592265600,291.65361044593334,291.80152994673745,284.4334573261957,289.32391357421875,137627500.0
1592352000,290.3500906586605,290.6459296545263,287.3825033404137,288.1221008300781,83398900.0
1592438400,286.5966900520467,288.71371886484155,286.1344522516145,288.2330017089844,80828700.0
1592524800,291.7206933521213,291.91567966607613,284.6266032887639,286.5858459472656,135549600.0
1592784000,285.982180772318,288.8235223831238,284.8307955890103,288.4242553710937,74649400.0
1592870400,291.0892111637839,292.027049548109,289.3435441397337,289.7521057128906,68471200.0
1592956800,287.70002810968066,288.32216496828954,280.5131076529364,282.36090087890625,132813500.0
1593043200,281.7852452795578,285.65728617924003,279.7517316781073,285.38800048828125,89468000.0
1593129600,284.28303778251814,284.496613106318,278.02466021675593,278.609619140625,127961000.0
1593388800,279.8723900022034,282.8437131584,277.569591178202,282.7044372558594,79773300.0
1593475200,282.2680429543891,288.03432080970254,282.11020636461024,286.3257751464844,113394800.0
1593561600,287.4493212589986,289.60354975298884,286.98504934237536,288.3314208984375,72396500.0
1593648000,291.78560431906743,293.1412987145926,289.2506977966374,289.91925048828125,69344200.0
1593993600,293.7634029133658,294.9797930469439,293.0112846883872,294.3948059082031,61713800.0
1594080000,292.84419650034664,294.8312658250423,290.9778140865629,291.3585205078125,82910000.0
1594166400,292.1291545148365,293.698395820971,290.35566077389734,293.58697509765625,54638600.0
1594252800,294.19982882375655,294.4412592915748,288.4799953308486,291.9156188964844,83354200.0
1594339200,291.8506175159601,295.1655258873221,290.4113858719339,294.896240234375,57550400.0
1594598400,297.25465473958565,299.6502846589127,291.6833933731592,292.3426513671875,102997500.0
1594684800,290.9127851965743,296.9111990418323,289.7056894917893,296.1312255859375,93657000.0
1594771200,299.37185000638834,299.9568372125493,296.4562084826376,298.85186767578125,87196500.0
1594857600,296.93897955029377,298.32250051065256,296.2889876653865,297.8675231933594,54622500.0
1594944000,298.87961896064064,299.52031631257614,296.89252205187785,298.7310485839844,62774900.0
1595203200,298.4617893428172,301.8974123060256,297.7096712262448,301.1452941894531,56308800.0
1595289600,303.1230546924242,303.56873746295486,300.7924013028892,301.78594970703125,57292200.0
1595376000,301.42391594896776,303.81957507697444,301.3124952149974,303.5038452148437,57792900.0
1595462400,303.1416743852284,303.8473766918392,298.5082502140692,299.8824768066406,75738000.0
1595548800,298.0161462247771,298.98181138159134,296.4376104179371,297.9511413574219,73766600.0
1595808000,298.6475506249182,300.3003574759023,297.8489882118405,300.1239318847656,48293000.0
1595894400,299.3903744004211,300.5139328151327,297.9232876462,298.2204284667969,57495000.0
1595980800,299.1024914646054,302.4545489495619,299.0653417823522,301.8881225585937,48454200.0
1596067200,298.8982069121053,301.2288606322121,296.79971745044656,300.8110046386719,61861700.0
1596153600,302.61244819104195,303.29029543227045,298.36899581137703,303.1881408691406,84986800.0
1596412800,304.8595427023812,306.06663844812346,304.3117051970421,305.29595947265625,53077900.0
1596499200,304.432351034434,306.47515869140625,304.432351034434,306.47515869140625,41917900.0
1596585600,307.7845001998745,308.6387732019247,307.5152144885771,308.3787536621094,42697700.0
1596672000,307.79370582601723,310.5607481856349,307.4687098320137,310.4400329589844,43679400.0
1596758400,309.4651038076949,310.9507796860284,308.55512060219945,310.6629333496094,57308300.0
1597017600,311.1178338160884,311.77709187476853,309.16788647923244,311.5914001464844,44282100.0
1597104000,312.7800599947262,313.42075763791763,308.28591032125263,309.0194396972656,69601100.0
1597190400,311.4707019012371,314.1077626164815,311.4428467236322,313.3277893066406,53774400.0
1597276800,312.5571937883496,314.080019606342,311.8329305750621,312.761474609375,41816100.0
1597363200,312.3714238838993,313.309262191888,311.6378663458615,312.77069091796875,47260400.0
1597622400,313.7921984515111,314.1636104277148,312.7800887731664,313.76434326171875,35481000.0
1597708800,314.1634670114722,314.8691692799468,312.5570762349884,314.4420471191406,38733900.0
1597795200,314.82280191835054,315.34278424193514,312.5664470138411,313.13287353515625,68054200.0
1597881600,311.39642778595925,314.59062064920715,311.266446392232,314.1077880859375,42207800.0
1597968000,313.7735806542336,315.4449484113685,313.42999559344787,315.2221069335937,55106600.0
1598227200,317.67343815259494,318.4905613278083,315.1942417800255,318.4162902832031,48588700.0
1598313600,318.98264962045295,319.6140526018926,317.812675367797,319.5304870605469,38463400.0
1598400000,320.1248027078068,323.00326611637297,319.5769652095019,322.7340087890625,50790200.0
1598486400,323.6067956437199,324.8974567380326,321.76826879321163,323.43963623046875,58034100.0
1598572800,324.4703748611952,325.65890989106765,323.27254532473523,325.5289001464844,48588900.0
1598832000,325.3153027924507,326.1974023373853,324.1174734415584,324.349609375,66099200.0
1598918400,325.18533810046165,327.50669775634526,324.28464942050243,327.4045715332031,54908700.0
1599004800,329.32671058755056,333.1151576121519,328.1752967667026,332.14019775390625,69540000.0
1599091200,330.44093080565824,330.9144972877597,318.109868288618,320.7098083496094,148011100.0
1599177600,321.3968611281054,322.9753685422502,310.9414491618156,318.0912475585937,139156300.0
1599523200,312.6498963796267,318.1561812656811,309.0935869877387,309.3999938964844,114465300.0
1599609600,313.42999106593817,317.9891451456372,312.55715750804563,315.50994873046875,91462300.0
1599696000,317.39480822136073,318.05406630132904,309.0657702593142,310.0314636230469,90569500.0
1599782400,311.82360784404324,312.8914276224348,307.348019609595,310.1893615722656,84680200.0
1600041600,313.37415293359544,316.05765738891523,310.33782573304666,314.2748413085937,65605700.0
1600128000,316.7448620744899,317.5805458417575,314.2842266287377,315.8627624511719,52920900.0
1600214400,317.1069767832356,318.54620822308874,314.33061177472035,314.60919189453125,82096000.0
1600300800,309.72502362128466,313.5692080083964,309.19574692968456,311.84210205078125,91523300.0
1600387200,312.65228607903504,312.76415281801945,305.7535621550349,308.25201416015625,105877900.0
1600646400,303.6372673909446,304.9703931268665,299.9361919318907,304.8212280273437,99450800.0
1600732800,306.3129272948169,308.4850823655749,303.7864801299103,307.9257202148437,63612100.0
1600819200,308.4849983979871,308.7646936223919,300.2811172547753,300.7845458984375,93112200.0
1600905600,299.460811288679,304.6628139646036,298.1369884523233,301.5863647460937,76681300.0
1600992000,300.72870054393417,307.2545266690337,299.8524014957373,306.4621276855469,71069400.0
1601251200,310.6479519592277,312.27007668390667,309.65042605252273,311.55224609375,64584600.0
1601337600,311.3472141431282,312.0930115793618,309.1563950549628,309.8555908203125,51304000.0
1601424000,310.5267778222554,315.37454585203375,310.331011000578,312.2048645019531,104081100.0
1601510400,314.81516184726377,315.7940243382801,312.31670965183065,314.2091979980469,88698700.0
1601596800,309.2309287659332,314.1812314984031,308.7554666384085,311.2259521484375,89431100.0
1601856000,313.29558797537777,316.9313997047593,313.24898631167633,316.7449645996094,45713100.0
1601942400,316.88473389843483,318.9916521575981,311.72933343138027,312.2420654296875,90128900.0
1602028800,315.21603328200314,318.488277961641,315.188066594585,317.6772155761719,56999600.0
1602115200,319.62564947044564,320.55791035357345,318.7026918499149,320.4926452636719,45242500.0
1602201600,322.1520812575814,323.8208362705735,321.5274823733392,323.3547058105469,59528600.0
1602460800,325.9090841222168,330.03899307486466,325.41498698398067,328.55670166015625,80388500.0
1602547200,328.4168613032181,328.5939931462487,325.4429468232973,326.4125061035156,73255500.0
1602633600,326.99046289482385,328.0905237679991,323.625015193752,324.3614807128906,57727900.0
1602720000,320.4273256942228,324.4453671413226,319.88662699209056,323.9606018066406,60357700.0
1602806400,325.32175233282794,326.9905072926632,323.5877607329296,323.764892578125,89501900.0
1603065600,325.03269518199545,325.66662564516025,317.93820474053496,318.8424987792969,68425600.0
1603152000,320.19422775602,323.3825716262022,319.42979566229104,320.1196594238281,60051900.0
1603238400,320.07303602156605,322.2545509759676,319.2060404462976,319.5137023925781,63575000.0
1603324800,319.7281329030727,321.85368623549795,317.5746128866816,321.266357421875,55399300.0
1603411200,322.4969806506025,322.55291402412485,319.8866617184212,322.3571472167969,49143900.0
1603670400,318.95441004602804,319.74683746079165,312.8853827916075,316.4000244140625,91473000.0
1603756800,316.7449854652139,317.080585746798,315.0948653963875,315.3092956542969,65994100.0
1603843200,309.6038191727914,315.3372174361068,304.03822102637105,304.5323181152344,127094300.0
1603929600,304.7654542742966,310.8158192061064,303.06873238529204,307.62750244140625,90597700.0
1604016000,306.0425653141652,307.3570564176711,300.7473309534802,304.4204406738281,120287300.0
1604275200,307.8324890136719,309.8461470533537,305.07297690678973,307.8324890136719,86068300.0
1604361600,311.0860913879369,315.3371981243173,307.9164105336659,313.267578125,93294200.0
1604448000,317.77034919955645,324.37077048590373,316.5863884247595,320.2688293457031,126959700.0
1604534400,325.58272341467915,328.3329039075465,325.2284597904764,326.5149841308594,82039700.0
1604620800,326.2259689739967,327.69895676274945,324.10041578734894,326.4403991699219,74973000.0
1604880000,339.3149665096514,339.6971968539405,330.0762585132741,330.5423889160156,172304200.0
1604966400,329.544856684147,331.12037969112043,326.76673774549005,330.0576171875,85552000.0
1605052800,332.25764035036184,333.3390659569015,331.00841467996247,332.5093688964844,58649000.0
1605139200,331.49323619264544,332.55602701155664,327.4658917244847,329.2837829589844,67546200.0
1605225600,331.20427639778285,334.5883875743845,330.6822126380673,333.84259033203125,62892200.0
1605484800,336.5274745400829,338.2055324040506,335.23161852319635,338.009765625,74541100.0
1605571200,335.58590022182614,337.4038200477033,334.06631066128045,336.1918640136719,66111000.0
1605657600,336.4621842165581,337.0122145690343,332.1085145973385,332.14581298828125,70591300.0
1605744000,331.5119288783694,333.9171490987625,330.16013940874217,333.54425048828125,59940900.0
1605830400,333.2832418785046,333.48834039613587,331.18565504150706,331.2602233886719,70417300.0
1606089600,333.07817154661024,334.5138612915198,330.831419374816,333.2459716796875,63230600.0
1606176000,335.8096997215149,339.16584474051825,334.9520356029808,338.6158142089844,62415900.0
1606262400,338.5319137721488,338.5598804618457,336.993688938127,338.09375,45330900.0
1606435200,339.19377724692663,339.5107425153413,338.01911949606887,339.0353088378906,28514100.0
1606694400,338.2521628265193,338.52252641604707,334.8401134429491,337.5343322753906,83872700.0
1606780800,340.8065739456196,342.77363049931466,340.20991340115773,341.22607421875,74231400.0
1606867200,340.10738433573124,342.102407609276,339.529387204614,341.9439392089844,45927000.0
1606953600,341.84134577914966,343.24906853668045,340.7412849840267,341.8506774902344,62882000.0
1607040000,342.4381336255865,344.7967529296875,342.3449018310852,344.7967529296875,50749900.0
1607299200,344.02290019342604,344.58226241230454,342.8109724278096,344.0881652832031,48944300.0
1607385600,342.81092050959734,345.66363609845934,342.7643188527253,345.094970703125,42458900.0
1607472000,345.756856938236,345.915325326866,341.1608184625429,341.9998474121094,74098300.0
1607558400,340.6201414584873,342.9414618657392,339.7438139853996,341.8880310058594,57735400.0
1607644800,340.1819621447532,341.89731861236754,338.65306921832496,341.48712158203125,57698600.0
1607904000,343.66862960375323,344.75002707857266,339.7810896102844,339.9582214355469,69216200.0
1607990400,342.512637194647,344.5542907714844,341.1329093183016,344.5542907714844,63865300.0
1608076800,344.76867375400104,346.01789973177443,343.8830146707132,345.094970703125,58420500.0
1608163200,346.7450828970696,347.2298482690858,345.9153571320904,347.0247497558594,64119500.0
1608249600,347.3149977999672,347.4835131936305,343.6168591998632,345.6391296386719,136542300.0
1608508800,341.6975863159967,354.3273835242469,338.94505395818203,344.4032897949219,96386700.0
1608595200,344.7309637244021,344.84330731460943,342.6899789779958,343.82281494140625,47949000.0
1608681600,344.7964629229101,346.05101380584097,343.80405657414974,344.1317443847656,46201400.0
1608768000,344.6092935001129,345.49872799105134,344.01948957475344,345.4706420898437,26457900.0
1609113600,348.0358434497332,348.8316485795175,347.4085822635312,348.4384460449219,39000400.0
1609200000,349.97393070277417,350.1518176017238,347.18394069385465,347.7737731933594,53680500.0
1609286400,348.5976463757272,349.3091939347464,347.87675589782754,348.2699584960937,49455300.0
1609372800,348.0732694651527,350.7696294601164,347.55835190666886,350.03936767578125,78520700.0
1609718400,351.37819543116666,351.5092819858067,341.5571038998392,345.2739562988281,110210800.0
1609804800,344.6280186051304,348.74744580773046,344.5811897244677,347.65203857421875,66426200.0
1609891200,346.1353006445559,352.9417447610297,345.5829256357248,349.7304382324219,107997700.0
1609977600,352.11781010059394,355.6754898622392,351.93992325535066,354.926513671875,68766800.0
1610064000,356.3215627156096,357.1641682352384,353.0541127402017,356.9488525390625,71677200.0
1610323200,353.7562908815828,356.3121933540035,353.6345757978264,354.542724609375,51034700.0
1610409600,354.7299563854463,355.6380765572961,352.3612553180215,354.6175842285156,52547700.0
1610496000,354.54270695675297,356.5743201761585,353.7562732681172,355.57257080078125,45303600.0
1610582400,356.3215157720566,356.8270904458733,353.9903008081656,354.32733154296875,49989100.0
1610668800,352.6982961647385,353.5034441983972,349.87087798649776,351.74334716796875,107160000.0
1611014400,354.2149880713764,355.04825056313285,352.7263785156569,354.5052185058594,51233300.0
1611100800,356.80840335832795,360.25376887068234,356.4152007728003,359.4111633300781,61836100.0
1611187200,359.9727976411941,360.4034860873941,358.8118759915989,359.7387390136719,47840100.0
1611273600,357.8756827558788,359.6358084093018,357.49182313387803,358.46551513671875,52860500.0
1611532800,359.20518232955203,360.23501764916625,354.3273789382754,359.8792724609375,70402000.0
1611619200,360.8342004467149,361.2461459790852,359.0834462199482,359.3175048828125,42665300.0
1611705600,355.9751659623189,356.068795148532,348.2886869202177,350.53564453125,123351100.0
1611792000,352.36128710070847,357.5761213719149,351.9212842090672,353.5503234863281,94198100.0
1611878400,351.6777822754757,352.6514741900494,344.7870812539234,346.4723205566406,126765100.0
1612137600,349.8895443103963,353.2787084916588,346.76252463565106,352.239501953125,75817600.0
1612224000,355.4414359743466,358.78380012595835,352.32378754013087,357.22027587890625,64450700.0
1612310400,358.0535651747562,359.2332299217936,356.21855334617453,357.5011901855469,52427100.0
1612396800,358.54031420501065,361.6111618631506,357.61345130128,361.5643615722656,47142600.0
1612483200,363.44626214915786,363.6990351907724,361.5176212703214,362.9874877929688,48669800.0
1612742400,364.44802795313245,365.6557785722611,363.58670813187786,365.6089782714844,38365200.0
1612828800,364.7663357138901,365.9647433876724,364.3544187905418,365.3655395507813,35551100.0
1612915200,367.1163783725252,367.2661793663317,362.7909782484796,365.2064514160156,59154400.0
1613001600,366.2924373552477,366.7137543787308,363.3526753951774,365.7962341308594,42913300.0
1613088000,364.9910470053873,367.8465509696831,364.9161322408801,367.6031494140625,50593300.0
1613433600,368.8390040611984,369.03563391424353,366.56396066123074,367.2848510742188,50972400.0
1613520000,365.52475715839137,367.62191370338655,364.5042362118772,367.369140625,52290600.0
1613606400,364.7476837323332,366.5546098976063,363.015643773682,365.8056335449219,59712800.0
1613692800,367.0695950134608,367.359825523733,364.710264966577,365.15966796875,83241000.0
1613952000,362.37894648963726,364.77570467738775,362.0793445732656,362.3508605957031,67414200.0
1614038400,360.1320514093147,364.1485063646974,355.9564525513784,362.79095458984375,107284100.0
1614124800,361.6954563302323,367.2192626537797,360.7030500610058,366.78857421875,72433900.0
1614211200,365.5153530804865,366.89161908334,356.499409324203,357.9505615234375,146670500.0
1614297600,359.8417660521564,360.99331629817215,354.1120150017396,356.1061706542969,152701600.0
1614556800,361.0027745609915,365.99292206524615,356.3028861317979,364.73834228515625,105348800.0
1614643200,364.9629993988001,365.1970580621201,361.3865761660831,361.8921508789063,79595300.0
1614729600,361.1900353964237,362.1636990273833,356.9956931613012,357.09869384765625,119940200.0
1614816000,356.91136618185686,359.51409730594685,348.166938181186,352.6795959472656,183433000.0
1614902400,356.199817756297,360.2256437904817,348.878484696464,359.1676940917969,152039600.0
1615161600,360.1320797023925,362.9594984977383,357.0986881092653,357.3795471191406,123149200.0
1615248000,361.2460971636386,365.04720704917895,360.7405225201184,362.48193359375,113633600.0
1615334400,364.8413429708138,366.44229648522463,363.4182763548508,364.73834228515625,109899400.0
1615420800,367.21933823136976,370.4212448317139,366.7605638102097,368.4364318847656,86245000.0
1615507200,367.06951941078046,369.07304666812473,366.2549998515435,368.9326171875,64653600.0
1615766400,369.1853371904508,371.39486546395887,367.0320092727285,371.1327209472656,73427200.0
1615852800,371.7506778939467,372.4621967582161,369.8875516191951,370.6646423339844,73722500.0
1615939200,369.3727185843069,372.7337981248672,368.22113948179424,371.92864990234375,97959300.0
1616025600,369.3258240760176,371.4229803734034,365.8336588383068,366.5171203613281,115349100.0
1616112000,366.2147039509197,367.802125044602,363.6504017230037,365.8389892578125,113624500.0
1616371200,366.35561481385486,370.1503993662236,366.2992590398509,368.7602233886719,73778600.0
1616457600,368.1214151171721,369.5773200301121,365.0686872256884,365.8576965332031,90686600.0
1616544000,367.2667027083642,368.9104795107674,363.9509712192673,363.9979248046875,97588600.0
1616630400,362.5513925660226,366.8439761405142,360.59763052907954,366.0455932617188,116128600.0
1616716800,367.2009100210331,372.3482894976798,366.5997723246337,371.94439697265625,114409100.0
1616976000,370.460351679942,372.6677150192703,368.9668663563612,371.756591796875,108107600.0
1617062400,370.4790826789471,371.4465614830729,369.1640384545368,370.770263671875,76262200.0
1617148800,371.3432335580199,373.8417775209728,371.3150556761712,372.2731323242188,112734200.0
1617235200,374.2175182637231,376.3497499113352,374.0108708940248,376.2933654785156,99682900.0
1617580800,378.97042940339537,382.239207685626,378.89529792498365,381.69439697265625,91684800.0
1617667200,381.1307984909578,382.5209456819821,380.792635211254,381.4689331054688,62021000.0
1617753600,381.299921394875,382.2579982742111,380.83967299184064,381.9104614257813,55836300.0
1617840000,383.169082404591,383.7796223731057,382.22978132527777,383.7232666015625,57863100.0
1617926400,383.60119001027016,386.6820964718389,383.479076280832,386.5130004882813,61104600.0
1618185600,385.9117833685557,386.9262157354184,385.30124351205205,386.6538391113281,56704900.0
1618272000,386.5506077842819,388.4292101167042,386.1654908663117,387.79986572265625,56551000.0
1618358400,387.7716753560826,388.8330902261772,385.93065315580645,386.4754638671875,61659900.0
1618444800,388.6264203401687,390.8995415703954,388.5794667521649,390.6271362304688,60229800.0
1618531200,391.9233370750753,392.54327916671264,390.4956098933959,391.9327392578125,82037300.0
1618790400,390.99351609843,391.4443623164964,388.6734410506397,390.0072326660156,78498500.0
1618876800,388.786108082157,389.8944764615716,385.6676216600676,387.1517333984375,81851800.0
1618963200,386.5317616792458,391.0216192893647,386.3908435978229,390.8149719238281,66793000.0
1619049600,390.6459606729042,391.4819237726124,386.17487812172334,387.2456665039063,97582800.0
1619136000,387.8092452233191,392.86268978837904,387.7341137471033,391.4443359375,73209200.0
1619395200,392.1018705031073,392.83452424631287,391.51010619798046,392.2615356445313,52182400.0
1619481600,392.5621188606429,392.75939273913474,391.0310534148412,392.177001953125,51303100.0
1619568000,392.4492952643624,393.5764677774902,391.59452803052494,392.0641784667969,51238900.0
1619654400,394.8070326268462,395.182747321812,391.1625398887709,394.5628051757813,78544300.0
1619740800,392.280291787345,393.1350591602017,391.0685854384391,391.9703063964844,85527000.0
1620000000,393.9710874878237,394.3562044118776,392.3179369015112,392.8157653808594,68128300.0
1620086400,390.814939310252,391.31276764952,386.6820210096064,390.3922424316406,101591200.0
1620172800,392.0455002036445,392.2803254801415,389.9508484178214,390.5144348144531,60162200.0
1620259200,390.5895188292249,393.764360768116,388.5700274297809,393.63287353515625,74321400.0
1620345600,394.4030580590848,397.1552027424643,393.7173581010479,396.4976806640625,67733800.0
1620604800,396.854682543148,397.0801056159915,392.44935844844775,392.5714721679688,81852400.0
1620691200,388.0253215827224,390.0635890823636,385.1698379811028,389.0679321289063,116888000.0
1620777600,386.26877132282095,387.5462069591576,379.477614583941,380.8020324707031,134811000.0
1620864000,382.36125569780376,387.32076371119285,382.3142734498256,385.37640380859375,106394000.0
1620950400,388.12859676699367,392.1488043000285,388.10041888080025,391.2940368652344,82201600.0
1621209600,390.1762547929354,391.11555578967017,388.26944625098,390.29833984375,65129200.0
1621296000,390.561387968672,390.8056154288192,386.7760056623648,386.9356994628906,59810200.0
1621382400,382.2204141885532,386.0997036321242,380.726900222138,385.9212341308594,106467100.0
1621468800,386.80415905405096,391.34099915612734,386.6820739969034,390.0729370117188,78022200.0
1621555200,391.5664146596628,392.8157010784653,389.2933222261304,389.7535705566406,76578700.0
1621814400,392.0078697849327,394.8069970407359,391.7636423558813,393.726806640625,51376700.0
1621900800,394.8165299668634,395.1734690718413,392.271031295072,392.8533935546875,57451400.0
1621987200,393.4450018707092,394.1400754318187,392.40239152904513,393.63287353515625,43088600.0
1622073600,394.6661586522024,395.1827627948583,393.55776156064326,393.8395690917969,56707700.0
1622160000,395.41757999706346,395.680583154986,394.3092115933323,394.5440368652344,58520200.0
1622505600,396.9203164824894,397.0612058589977,393.754877607808,394.19635009765625,54216600.0
1622592000,394.8539863190647,395.6618001453896,393.8395537758684,394.81640625,49097100.0
1622678400,392.4869637913171,394.4970532057338,391.0122542093815,393.3511047363281,58138800.0
1622764800,395.2108350471488,397.2491305167589,393.4167669728877,396.9485473632813,55938800.0
1623024000,396.9392828547992,397.117752372502,395.6242669337236,396.5635681152344,51555000.0
1623110400,397.42764801953655,397.5215838562783,394.8070187651546,396.6480407714844,47134300.0
1623196800,397.4934651030588,397.5686252497102,395.8309123396586,396.0563354492188,48436300.0
1623283200,397.2867683935218,398.8554137767314,395.96235045882463,397.8973083496094,51020100.0
1623369600,398.4515307280918,398.6675516313781,397.1552906475976,398.5548400878906,45570800.0
1623628800,398.6675381475228,399.5504834285703,397.4182803625306,399.4471740722656,42358500.0
1623715200,399.59757565099056,399.6351270644211,397.8316846029157,398.7146301269531,51508500.0
1623801600,398.8553685163884,399.08079157239314,394.43126905115474,396.4883117675781,80386100.0
1623888000,396.0751242003329,397.3431578068043,393.867760788941,396.3569030761719,90949700.0
1623974400,393.0547621033666,393.7521096496632,390.8025032330178,391.00982666015625,118676300.0
1624233600,392.78150745768414,396.7960302660624,391.9616466044744,396.6075439453125,72822000.0
1624320000,396.5981289361824,399.5666014736376,395.872482504178,398.7278747558594,57700300.0
1624406400,398.8032200600991,399.61364782405633,398.1624126989744,398.2472229003906,49445400.0
1624492800,400.40535045568936,401.0272920620272,400.1508910395755,400.6032409667969,45110300.0
1624579200,401.3571065516948,402.4785339842304,401.02726987877713,402.0261840820313,58129500.0
1624838400,402.55396918687217,403.0062903628767,401.34773145256673,402.836669921875,53159600.0
1624924800,403.22302619406673,403.86383366669776,402.5162456336421,403.0534057617188,35970500.0
1625011200,402.591615454706,404.0711496359645,402.5633453831712,403.39263916015625,64827900.0
1625097600,404.1559668520113,405.7862843626896,404.089993764296,405.6260681152344,53441000.0
1625184000,406.79464603667,409.084608229241,405.7108927994755,408.72650146484375,57697700.0
1625529600,408.7829877536855,408.9997441243618,405.230248168771,407.9819641113281,68710400.0
1625616000,408.6699708381631,409.706588138466,406.6438721996936,409.4238586425781,63549500.0
1625702400,404.0711353616928,406.8511502532912,402.8837348812311,406.08782958984375,97595200.0
1625788800,407.6050403295699,410.7242960856309,405.8899126832055,410.4227294921875,76238600.0
1626048000,410.3379412933688,412.1473121921227,409.9044572663973,411.8928527832031,52889600.0
1626134400,411.1012153129474,412.6090194308368,410.22481441480784,410.4886779785156,52911300.0
1626220800,412.19438410369895,412.6844369921227,409.8478820337302,411.1012268066406,64130400.0
1626307200,409.7537142222532,410.4322247810816,407.7841556404127,409.6971740722656,55126400.0
1626393600,410.8845422978607,410.93164949947175,406.0878615594616,406.483642578125,75874700.0
1626652800,401.6304410207938,406.5496352308652,397.6536209600926,400.4807434082031,147987000.0
1626739200,401.1498102090136,407.5014313609856,400.3487864518047,406.21978759765625,99608200.0
1626825600,407.4259978534785,409.6500155908594,406.17265300699904,409.5086364746094,64724400.0
1626912000,409.6876699789274,410.6112068666337,408.6981887670064,410.3661804199219,47878500.0
1626998400,412.3074246510725,414.9272229825932,411.61951009934097,414.5879821777344,63766600.0
1627257600,413.9943528266913,415.6152373869866,413.94724562650384,415.6058044433594,43719200.0
1627344000,414.55977029444944,414.5880403654888,410.8656513777973,413.7116394042969,67397100.0
1627430400,414.34304645941455,414.9273138127732,412.1096243949416,413.5420227050781,52472400.0
1627516800,414.475013724892,416.3408961729253,414.4655807803335,415.2571716308594,47435300.0
1627603200,412.674987348463,414.7010856257601,412.54304118877417,413.2404174804688,68951200.0
1627862400,414.9649721562708,415.5209693765124,412.0153368747902,412.3734436035156,58783300.0
1627948800,413.1745067361262,415.85084575516265,410.9693547716872,415.7283325195313,58053900.0
1628035200,414.4372678803204,415.7000456846464,413.4477866091541,413.6833801269531,46732200.0
1628121600,414.8519279703468,416.3880023567007,414.5315242270237,416.3031921386719,38969700.0
1628208000,416.6235474475425,417.4151381494277,416.340817994673,416.9910583496094,46930000.0
1628467200,416.9627651796527,417.2831688679763,415.8790409011232,416.65179443359375,41222600.0
1628553600,417.10419292546993,417.8863795453643,416.4162782277763,417.170166015625,43339300.0
1628640000,418.2444901268042,418.30103027346,417.113629675736,418.206787109375,44034300.0
1628726400,418.0559549316964,419.6014621169021,417.1512839319752,419.4600830078125,38909400.0
1628812800,419.9124501650049,420.2422868348311,419.42242601144585,420.2234497070313,39470300.0
1629072000,418.9135869117013,421.344899606322,417.349242344877,421.2129821777344,73740000.0
1629158400,418.6402703129564,419.31878083044,415.4456369974126,418.4518127441406,92673900.0
1629244800,417.43393735105536,419.0077144280287,413.6267674772568,413.8717651367188,89351900.0
1629331200,411.1294846330788,415.7188700590571,410.98813428830914,414.5126037597656,92812200.0
1629417600,414.8613672965725,418.1408108133749,414.3713143506773,417.81097412109375,72008700.0
1629676800,419.5072756439049,422.4003711560691,417.8863909726283,421.48626708984375,54973000.0
1629763200,422.1553649902344,422.69252517807496,421.63707069184784,422.1553649902344,38744700.0
1629849600,422.3437901020763,423.5594319185599,421.9668174753797,423.0411376953125,40529700.0
1629936000,422.75840977537314,422.9940032884355,420.4496106027459,420.5438537597656,57829600.0
1630022400,421.3542891231876,424.6808684363461,421.2977489797664,424.3039245605469,77235100.0
1630281600,424.98239937454537,426.961390505125,424.73737293430094,426.1697998046875,48357400.0
1630368000,426.07561229498,426.4148531713381,424.9353476708091,425.5384521484375,59300200.0
1630454400,426.4807703195426,426.9990645100965,425.5289633874281,425.7645568847656,48721400.0
1630540800,427.1970066348159,427.8849212781439,425.86825578758834,427.0744934082031,42501000.0
1630627200,425.9342976265166,427.48920929142287,425.5290548671588,426.9708862304688,47170500.0
1630972800,426.6221509198319,426.7163940772445,424.7656728788023,425.4441833496094,51671500.0
1631059200,424.9070661917901,425.6421168298102,422.9940191852134,424.9259033203125,56181900.0
1631145600,424.7279706016883,426.4902053690423,422.8620597403283,423.1070861816406,57970400.0
1631232000,425.0483261313946,425.4723771252496,419.64851340455823,419.7710266113281,89948200.0
1631491200,422.7867456427512,423.0506092501372,418.517763203472,420.8454284667969,83738600.0
1631577600,422.29667068589487,422.5039941351096,417.6790434177221,418.5743103027344,78197100.0
1631664000,418.99831669330354,422.56992214968193,417.8863222929337,422.0704650878906,78792200.0
1631750400,421.5428396378919,422.5228881124278,418.4329874812529,421.4014892578125,77786700.0
1631836800,420.624341728466,421.04975134413576,416.9372852860018,417.2965393066406,118425000.0
1632096000,411.1325667040566,412.7208202293575,405.4412816283992,410.3384399414063,166445500.0
1632182400,412.69247054595706,413.99711770891486,409.42141832581854,409.9508361816406,92526100.0
1632268800,412.238700206642,416.0013755919032,410.0643073507597,413.9498596191406,102350100.0
1632355200,415.8311324506057,420.59592142801534,415.5947841917218,418.9792785644531,76396000.0
1632441600,417.33434194671065,420.3879721161669,417.116891142323,419.6694641113281,62094800.0
1632700800,418.6295117037704,419.80178990253705,417.769200530089,418.46881103515625,61371100.0
1632787200,415.67994840064347,416.01084179881366,409.2985441473634,410.0359497070313,130436300.0
1632873600,411.42568650170494,413.174669766259,410.1588630219982,410.7261047363281,82329200.0
1632960000,412.2103357165181,412.91938062174535,405.3656981304132,405.7060546875,140506000.0
1633046400,407.4455344069044,412.2197580892175,403.9003102315903,410.5274963378906,129240100.0
1633305600,409.3552377258311,410.2628070798917,403.07781330339657,405.23333740234375,128570000.0
1633392000,406.7458984112105,411.7092119458161,405.9423373960166,409.4497375488281,90682500.0
1633478400,405.8289511472057,411.359507445002,404.19343928496,411.1515197753906,113032200.0
1633564800,414.45090048622825,417.56122305392176,414.2712734867434,414.7061462402344,72437500.0
1633651200,415.4814208636608,415.8690355442699,413.3164623211808,413.9498596191406,74557400.0
1633910400,413.28806407914567,416.2187885517024,410.8867574511802,410.9529418945313,65233300.0
1633996800,411.87941835123945,412.2859304538344,409.1472184849697,409.94134521484375,71181200.0
1634083200,410.9718322954968,412.2386556054668,407.9749522822916,411.4161682128906,72974000.0
1634169600,415.1031688468268,418.4876921318008,414.63047232052025,418.33642578125,70236800.0
1634256000,420.46353384824977,421.89108650075127,419.83957101042336,421.5223693847656,66260200.0
1634515200,419.7262487940317,423.1107439864514,419.0644619684367,422.7704162597656,62213200.0
1634601600,424.40593545300055,426.0981685377647,423.7914067813759,426.0320129394531,46996800.0
1634688000,426.495189745649,428.0078244614232,426.3817471909098,427.7052917480469,49571600.0
1634774400,427.1002090187017,429.04771639911513,426.6653362927829,428.8208312988281,41305400.0
1634860800,428.3860195607123,429.8419331474085,426.4195855745832,428.3765563964844,58845100.0
1635120000,429.47315880576673,431.00469094915405,427.6863809221838,430.6737976074219,45214500.0
1635206400,432.2337389531949,433.453275285302,430.6832804131563,431.0614318847656,56075100.0
1635292800,431.5246485551164,432.1958695101741,429.0760552838613,429.1517028808594,72438000.0
1635379200,430.5887630831377,433.3682212978146,430.5793287702373,433.2926025390625,51437900.0
1635465600,430.9763501363649,434.4648530017108,430.68328058191975,434.1717834472656,70162400.0
1635724800,435.16436164885454,435.5425419082634,433.1790595424732,434.9185791015625,48433600.0
1635811200,435.0887791129924,436.9890283255675,434.9564102409637,436.6770324707031,48908400.0
1635897600,436.10982154603056,439.7495907183395,435.66548563900415,439.3430786132813,52509800.0
1635984000,439.948166926432,441.4986256272751,439.5983760576373,441.4135437011719,52847100.0
1636070400,443.6540826825688,444.9492666422016,441.4229687654718,442.9450378417969,66390600.0
1636329600,444.0511523068338,444.5522094977037,442.6330626514163,443.32318115234375,50405200.0
1636416000,443.6918834712675,443.9282317392653,440.4397289955285,441.8578186035156,51149100.0
1636502400,440.1561240915625,441.857849049066,436.8094531589126,438.30316162109375,69429700.0
1636588800,439.8063146570788,439.8819622614729,438.42604881351787,438.4449462890625,34848500.0
1636675200,439.72122534276286,442.3115931530803,438.7663690983288,441.7538146972656,53466700.0
1636934400,443.0490367571835,443.2097374277535,440.77063592135255,441.9050903320313,46980500.0
1637020800,441.6403609063365,444.7979702552916,441.5647421562464,443.654052734375,48857500.0
1637107200,443.3892875051206,443.56891447126,441.9523006271087,442.5762634277344,47858300.0
1637193600,443.6162360667805,444.34420719724704,440.8746019270038,444.0794982910156,50625600.0
1637280000,443.9660251855124,445.22341412362175,442.9166527276879,443.2853698730469,57315600.0
1637539200,445.17621845643487,447.6815046699264,441.8295184451629,442.0375061035156,72762000.0
1637625600,441.7065332793372,443.4838767945243,439.0878049687893,442.6235656738281,73206500.0
1637712000,440.6098345570471,443.9281730332671,439.7873473093591,443.8052673339844,61858800.0
1637884800,437.093074859668,438.56788589713005,432.7726211474736,433.9071044921875,112669600.0
1638144000,438.7286180637866,441.0826378394203,436.5164014943158,439.2296752929688,86268800.0
1638230400,436.7715916421654,438.6907383907912,430.4374466298559,430.6832580566406,148559600.0
1638316800,436.43129028942224,439.2958302661636,425.7010726926602,425.8995971679688,131939200.0
1638403200,426.1170949635271,434.0016709289296,425.7200171180111,432.4228515625,127637800.0
1638489600,434.0961666276724,435.1644366060928,424.4058872587781,428.66015625,137331600.0
1638748800,431.222189194208,435.627724807556,428.792521834615,433.7369384765625,98977500.0
1638835200,439.0500730533948,443.2759819421413,433.6045988206177,442.708740234375,95484700.0
1638921600,443.10575052479743,444.33474999497895,441.3378412207383,443.8809509277344,72238800.0
1639008000,442.5858209760544,443.98501329898,440.6856002620959,440.8841247558594,61272600.0
1639094400,443.6068387533167,445.1856291593039,441.0353682278382,445.0343627929688,77159800.0
1639353600,444.5143899851278,444.8641808206626,440.8084362887176,441.0920715332031,87724700.0
1639440000,437.802066273328,440.3073520982587,435.1171534599016,438.0573120117188,97264100.0
1639526400,438.1140623271184,445.1477601146576,435.5803870123886,444.9019775390625,116899300.0
1639612800,446.7644390434781,447.0480454424632,439.41871594756833,440.9786376953125,116568600.0
1639699200,437.87908090479016,440.9054818885847,434.5680772072225,436.2852478027344,135511600.0
1639958400,431.1718218991437,432.0446231178976,428.0031186089387,431.6461791992188,107134800.0
1640044800,435.0898854770568,439.4539773911004,432.9078539962676,439.3116760253906,69806300.0
1640131200,439.055619628867,443.8181563004293,438.85636872535207,443.7043151855469,58890200.0
1640217600,444.709899328957,447.9734793596965,444.60555463643215,446.4650268554688,56439700.0
1640563200,447.8501509520467,452.8309019257752,447.8027268094746,452.7834777832031,56808600.0
1640649600,453.2199263600497,454.2540217689277,451.6450566966984,452.41351318359375,47274600.0
1640736000,452.51783027343856,454.01678637028704,451.5121952693257,452.9921875,54503000.0
1640822400,453.4190822885973,454.4342136811117,451.2750073564015,451.7398681640625,55329000.0
1640908800,451.2466494298753,452.404053506979,450.3263950624863,450.60150146484375,65237400.0
1641168000,451.8727277139511,453.34325263510186,449.5483944424087,453.2104187011719,72668200.0
1641254400,454.6429290652951,455.363961294922,451.18959465231,453.0585632324219,71178700.0
1641340800,452.6885985815279,453.4665513931178,444.2640094815494,444.35888671875,104538900.0
1641427200,443.89401262662926,446.6737389834664,441.56015426161895,443.9414367675781,86858900.0
1641513600,443.95096436729705,445.1368574990053,440.82018912810577,442.1863403320313,85111600.0
1641772800,438.9702228957578,441.8542942099038,433.1830584948898,441.6361083984375,119362000.0
1641859200,441.3704513117528,445.7535076103093,438.35351723852057,445.65863037109375,74303100.0
1641945600,447.4042690884618,448.93171449389314,444.8901814454831,446.8634948730469,67605400.0
1642032000,447.9734856231748,448.6281009203371,439.6722340529678,440.7063293457031,91173100.0
1642118400,437.5376357053383,441.2376164067843,436.31378591285176,440.8865966796875,95890900.0
1642464000,436.1619964519161,436.3707148007263,431.9591981511829,433.0786743164063,109709100.0
1642550400,434.634590417493,436.038669386356,428.3066517901506,428.581787109375,109357600.0
1642636800,430.4791661941878,435.2132418645149,421.7035578475295,423.8381652832031,122379700.0
1642723200,422.709217811914,425.08100399182297,415.4895145774554,415.5179748535156,202271200.0
1642982400,409.8731346569895,417.7949067231032,399.18113239410206,417.2825927734375,251783900.0
1643068800,410.8503277859825,417.1687702721492,405.243421224576,412.1880187988281,167997300.0
1643155200,418.1173991265228,421.2671377897068,406.86563162092,411.1538391113281,186391100.0
1643241600,415.78368297579794,418.9428899543608,407.425509402355,409.1236877441406,149878300.0
1643328000,410.4897613111664,419.3317869344857,405.8790229809716,419.2843627929688,164457400.0
1643587200,418.6107536054704,427.1871403186954,417.2540988939581,426.8361206054688,152251400.0
1643673600,427.5666752763449,430.3653948376376,424.0184920508514,429.7202758789063,123155400.0
1643760000,432.1394646295369,434.6250920439681,429.81510247041,433.89459228515625,117361000.0
1643846400,427.82277529546354,429.73916798312734,422.8514920932864,423.6958618164063,118024400.0
1643932800,423.4587170693196,429.558944272229,421.06793803246376,425.6882019042969,118454400.0
1644192000,426.4566902752509,427.86076929165415,422.9843915183171,424.3220825195313,84472900.0
1644278400,423.8192439893552,428.7430746184262,422.3866758127271,427.8133239746094,81012000.0
1644364800,431.8738349332814,434.3974190890988,431.6746129861687,434.0748596191406,92589900.0
1644451200,428.1927598797252,434.2360660608306,424.2650972634393,426.2763671875,140103700.0
1644537600,426.3617639552996,428.44891837140335,416.428722517198,417.8707580566406,153214600.0
1644796800,417.3584437426426,418.952276956094,413.0133156589304,416.5045776367188,123006300.0
1644883200,420.97310881351615,423.3923192839922,420.4512984505421,423.2215576171875,88482700.0
1644969600,421.1627815995128,425.0809767500154,419.2748491860853,423.6958618164063,84863600.0
1645056000,420.48925712577056,423.6674566067381,414.0380098723644,414.6451721191406,102259100.0
1645142400,414.9012883394482,416.1630948037495,409.6738912733188,411.9602966308594,132642900.0
1645488000,409.7403006112362,413.1651459028215,404.0195246428283,407.5392761230469,124391800.0
1645574400,410.47081315382513,411.0400476361501,399.7408546290032,400.3100891113281,132578000.0
1645660800,389.940684676783,406.77090224064665,389.5801974301781,406.33447265625,213942900.0
1645747200,407.57725415946,415.3851855248468,405.9170036552839,415.2998046875,121804500.0
1646006400,409.8731206825425,415.7267018352962,408.6113431476939,414.2372131347656,145615000.0
1646092800,412.72880776970567,414.74957450048805,405.2054789863867,407.9283142089844,137785900.0
1646179200,410.1956944807002,417.1687520289045,409.4367344418012,415.4326171875,117726500.0
1646265600,417.8803009442285,418.48746320377376,411.5523621271487,413.3644104003906,105501700.0
1646352000,409.60741712988175,411.14432973142016,405.93589725899255,410.0058898925781,113978200.0
1646611200,409.4176951084335,410.129230921241,397.8528640480721,397.9192810058594,137896600.0
1646697600,398.09956797048136,405.3003074447001,393.8303527836148,394.90240478515625,164772700.0
1646784000,403.33651022134575,407.4823880957403,401.1354855574779,405.4900817871094,116990800.0
1646870400,400.8507812288038,404.5602578531472,398.87746809778616,403.6589965820313,93972700.0
1646956800,406.16372236972126,406.7803811184943,398.0142667789239,398.5265808105469,95636300.0
1647216000,399.3044351938871,402.77670457172576,394.46598575157685,395.6139221191406,95729200.0
1647302400,398.2418638792377,404.94928215145023,396.9611225027557,404.3136596679688,106219100.0
1647388800,407.84281609771,413.3358512075087,403.0138346931406,413.2789306640625,144954800.0
1647475200,411.3530988315118,418.4494934082031,410.9736188383795,418.4494934082031,102676900.0
1647561600,416.8278599709145,423.3562458465392,416.0855649436217,423.0326843261719,106345500.0
1647820800,422.8613960671078,424.87891441408925,419.3783104324007,422.9089965820313,88349800.0
1647907200,424.307926443149,428.7997714092016,424.307926443149,427.8576354980469,74650400.0
1647993600,425.3071870213028,426.81079991668514,422.26185758348765,422.3475036621094,79426100.0
1648080000,424.38403158271177,428.7236067213597,423.2610777184149,428.7140808105469,64736900.0
1648166400,429.3517892551848,431.0838208953301,426.75374179496674,430.8078308105469,77101300.0
1648425600,430.2081973778105,433.8721008300781,428.30487392649337,433.8721008300781,68529800.0
1648512000,437.7834605284014,439.7343846872886,435.0807444413124,439.239501953125,86581500.0
1648598400,438.0879929770802,438.9064372335808,434.4050664288614,436.52728271484375,79666900.0
1648684800,435.7564496753308,436.5843908213975,429.3517550983373,429.8085632324219,121699900.0
1648771200,431.3977748168988,431.54051826735866,427.4293616820586,431.0266418457031,89048800.0
1649030400,431.2265032549893,434.8237835903003,430.39856216040056,434.7190856933594,59601000.0
1649116800,433.21546187171,435.6992850924023,428.0764942435374,429.2279968261719,74214500.0
1649203200,425.2881744333534,427.22954368013706,422.0334781556508,424.93603515625,106898000.0
1649289600,424.0509928478638,428.90447400655216,422.0905717945073,427.0772705078125,78097200.0
1649376000,426.3159311224342,428.8473549564212,424.3840588599722,425.9352722167969,79272700.0
1649635200,422.6424959229476,423.4894888409876,418.1506802366311,418.6550598144531,89770500.0
1649721600,421.6623520540357,424.2033021670481,415.543172859473,417.1039123535156,84363600.0
1649808000,416.856421868484,422.6425129001169,416.6756038010192,421.8811950683594,74070400.0
1649894400,422.1095424572288,423.23252535418777,416.5232928318569,416.62799072265625,97869500.0
1650240000,415.6953852419046,418.49327323513575,414.55337947398505,416.79931640625,66002500.0
1650326400,416.6946338961634,424.2508311307656,416.5233417373733,423.527587890625,77821000.0
1650412800,425.3166944155556,425.93526876250127,422.04297557728086,423.2135009765625,65224400.0
1650499200,426.85837444173967,428.2573183922075,415.971361571718,416.8849487304688,85417300.0
1650585600,415.7905112627951,416.9039391731316,404.87495054830686,405.4459533691406,132471800.0
1650844800,403.1905607924802,407.96789249273206,398.5940181121625,407.7966003417969,119647700.0
1650931200,405.2461626691722,405.446032573075,395.9579625359706,395.9865112304688,103996300.0
1651017600,397.0713048272983,402.4767651705641,394.9491178960586,397.099853515625,122030000.0
1651104000,401.8772694508292,408.8719894857778,397.4139732876912,407.1304321289063,105449100.0
1651190400,403.1143496222523,405.2841369944797,391.3327739009164,392.0845947265625,145491100.0
1651449600,392.15128527586165,395.8151890178917,385.44205215391776,394.4447937011719,158312500.0
1651536000,394.9491577184404,398.679655567182,393.3788925749156,396.2529296875,100028200.0
1651622400,396.9190885680634,408.89101020954047,393.71199296660353,408.3200073242188,144247900.0
1651708800,404.0279663525022,404.4562257378947,389.6483718907425,393.80712890625,172929100.0
1651795200,391.228153441033,394.7492845104544,386.1177344614828,391.45654296875,151770800.0
1652054400,385.5182275313232,386.7649022517634,377.3339296793535,378.9232177734375,155586100.0
1652140800,384.9377049207639,386.4508438263408,375.7351507959963,379.7987365722656,132497200.0
1652227200,378.8280149186581,384.5094369547044,373.0133462919338,373.7651672363281,142361000.0
1652313600,370.5485026217325,376.6676802362335,366.53248918206623,373.37493896484375,125090800.0
1652400000,377.5336795807439,383.6909315289105,376.4868459723986,382.301513671875,104174400.0
1652659200,380.6456363348815,384.4427570159586,378.3806769663763,380.7503051757813,78622400.0
1652745600,386.8790976923247,388.8204960331947,383.1200217001012,388.5825805664063,83029700.0
1652832000,383.9955083412848,384.28099524353314,371.6714773116322,372.9181518554688,117674500.0
1652918400,369.83482383895137,375.0880158429084,368.3978051505624,370.63421630859375,98510700.0
1653004800,374.2410318439249,377.8383125649239,362.1454175607058,370.7960205078125,131432200.0
1653264000,373.8413199687995,378.5044863701645,371.5097658105324,377.733642578125,76414900.0
1653350400,373.58434072550426,376.0491412155947,368.2550290247408,374.8500671386719,91448800.0
1653436800,373.3464284608313,380.1413074716676,372.94674677926,378.1618347167969,91472900.0
1653523200,379.39896870793694,387.36437219602,379.1896019799716,385.7179870605469,82168300.0
1653609600,388.1923230142516,395.30123699221343,387.99248219145227,395.1870422363281,84768700.0
1653955200,393.5596605812438,396.3289994456021,390.2098220554017,392.9696350097656,95937000.0
1654041600,395.1014575254836,396.1197136185281,387.2597442421527,389.7911682128906,86585800.0
1654128000,389.62936602742064,397.261682798607,387.3644064181707,397.214111328125,79609600.0
1654214400,392.4653285085532,394.0260678327138,389.7150409525671,390.69525146484375,71874300.0
1654473600,394.7302247131393,396.4717527834857,390.70468541016817,391.884765625,57508900.0
1654560000,388.3732089093051,396.10069852661735,387.90687485142246,395.6438903808594,59272400.0
1654646400,393.9213721220069,395.7200269110218,390.542984261338,391.3423767089844,64350000.0
1654732800,389.5532794670752,391.8372622233185,382.03515625,382.03515625,86289800.0
1654819200,375.7922528685387,376.64874276355926,370.9102227117805,370.9577941894531,132893900.0
1655078400,361.4887344054878,363.35398336996633,355.25533229579526,356.8731689453125,170004900.0
1655164800,358.63378389156094,359.6710918516364,352.6763712523596,355.7978210449219,104011800.0
1655251200,359.1190948948821,365.3429714065082,354.1323961900005,360.87017822265625,125666800.0
1655337600,352.6002487681296,353.0094564020741,346.48104087143184,348.92681884765625,134473300.0
1655424000,349.34442750863377,353.0432625406538,346.15215075186444,349.6789245605469,111113900.0
1655769600,355.4422786152375,359.87704821713254,355.3658004748682,358.48162841796875,76811900.0
1655856000,354.2284446206055,361.9702086950412,353.80790233335165,357.83172607421875,90059400.0
1655942400,359.9821748285185,362.0752898064608,356.3980278895189,361.33935546875,79292100.0
1656028800,364.5317492299944,372.8374174037556,364.5030772119901,372.8278503417969,98050300.0
1656288000,373.75487904986,374.05116623470775,370.3045538214665,371.4036865234375,66009600.0
1656374400,372.97116808554335,375.7715749225421,363.7001618034888,363.8148498535156,86548900.0
1656460800,364.3692369086249,365.36321951572495,361.6835179551487,363.5185852050781,65676000.0
1656547200,359.5999068333425,363.824434948563,356.0826703414588,360.5652465820313,112508300.0
1656633600,359.9058049719619,364.8184911882553,357.26786269750886,364.3788146972656,74839700.0
1656979200,359.2558700143146,365.0860896890599,356.4076566865552,365.0669555664063,81438000.0
1657065600,365.21030133498977,368.80401610866414,362.8113316334249,366.2998962402344,70426200.0
1657152000,368.0871750848896,372.588856304651,366.318989768192,371.7860107421875,64525900.0
1657238400,370.1421193637249,373.3630981799228,368.60333916624654,371.480224609375,72397800.0
1657497600,368.7849807379647,369.759858599335,366.5389085806233,367.2366333007813,58366900.0
1657584000,366.6822247423909,369.0812237769976,362.228320044582,363.9869384765625,62219200.0
1657670400,358.5103647242688,365.02874188620655,358.0898223804103,362.0753784179688,84224600.0
1657756800,357.0862050345725,362.28561057335287,354.62989149668186,361.196044921875,89704800.0
1657843200,365.6308308487445,368.21142877858375,363.7097475762236,368.09674072265625,79060400.0
1658102400,371.2029841475732,371.88157455781794,363.8244181690992,365.057373046875,63203600.0
1658188800,369.0047239219697,375.4944289460288,368.3452675706407,374.92095947265625,78506000.0
1658275200,375.112067971432,378.7344542391549,373.73575311424617,377.3103332519531,71843800.0
1658361600,376.727385963775,381.2003953779623,374.30928210300607,381.1526184082031,64903900.0
1658448000,381.27683650306295,382.4810902020112,375.379706447606,377.6162109375,72197300.0
1658707200,378.24701376049046,378.9351712125053,375.819343142568,378.0749816894531,53631500.0
1658793600,376.4215630932696,376.6318342799179,372.7036219990141,373.60205078125,52946400.0
1658880000,376.9185166355963,385.0617188942185,376.622229425215,383.3031005859375,82342100.0
1658966400,384.1155033459912,388.8083216223466,380.5408936236829,388.1106262207031,73966600.0
1659052800,389.5537771947676,394.76274944794807,388.779603734676,393.7687377929688,87003700.0
1659312000,391.0544359314305,395.12603739986497,390.3376063302482,392.602783203125,69997500.0
1659398400,391.0257204834817,394.7341232085712,388.8274549511622,390.0126037597656,63435400.0
1659484800,392.1535454106991,397.2956074430927,391.86682525448987,396.1200256347656,67820600.0
1659571200,396.04352351122407,396.73168101234575,394.1988892262269,395.8523864746094,45656600.0
1659657600,391.5418578620573,395.8332680618183,391.48451383201046,395.183349609375,56814900.0
1659916800,396.8846039224832,399.14978049896285,393.6158485349433,394.72454833984375,53886100.0
1660003200,393.9886220711849,394.4951804335551,392.0770766784118,393.1571044921875,44931800.0
1660089600,400.258562054716,401.5584283275575,398.2896722723902,401.4150390625,68665700.0
1660176000,404.2823576776781,406.1556935071299,400.6695373892686,401.4150390625,59489700.0
1660262400,403.3647358515786,408.31563124627377,402.4089631884545,408.2105102539063,61694500.0
1660521600,405.9835628009623,410.4183621680162,405.92621877189424,409.8926696777344,54048300.0
1660608000,408.8126528048821,412.635743467725,408.0002402054545,410.6955261230469,59289000.0
1660694400,407.0731330801501,410.504353395348,405.76372921580594,407.7803955078125,63563400.0
1660780800,407.9811632223216,409.6537656215628,406.6813262154895,408.9656372070313,49023200.0
1660867200,406.1842699673582,406.4518851417672,402.5905554814087,403.4698791503906,68016900.0
1661126400,398.6050369487149,398.7770982213225,394.1606992357989,395.0686950683594,77695600.0
1661212800,394.6385478471304,397.0471137542741,393.5585200132596,394.1128845214844,49105200.0
1661299200,393.88347944939807,396.75079759346136,393.1953510959766,395.37451171875,49177800.0
1661385600,396.87500904768393,401.00395372114286,395.775876380297,400.9561767578125,50942300.0
1661472000,400.8414486030849,401.3862167684298,387.3268112560328,387.3841552734375,103087000.0
1661731200,384.41174817439423,387.89074524202846,383.45597558238217,384.8227233886719,65370800.0
1661817600,385.9888080755094,386.227751248867,378.4859865985058,380.5982360839844,85652400.0
1661904000,382.24219109631264,383.4942510725536,377.5684774893384,377.7022705078125,76029700.0
1661990400,375.5135744884985,379.231515365641,372.7896162830378,378.887451171875,78740100.0
1662076800,382.5767247352592,383.8001127190254,373.0667739686691,374.8923034667969,99632100.0
1662422400,375.7429293364888,376.6891349836244,371.2412480491283,373.4777526855469,76637400.0
1662508800,373.1623507745472,380.9614599772315,372.9425417077212,380.1872863769531,70964200.0
1662595200,377.9030055082792,383.13105450337366,376.6891554358631,382.67230224609375,80821700.0
1662681600,384.9278896931797,389.4869441612766,384.660274502623,388.6171875,76706900.0
1662940800,390.7007702106084,393.5203113937868,390.3949159407844,392.7939147949219,69256300.0
1663027200,384.0581411352744,385.2719911630887,374.5864591011495,375.7142639160156,122947100.0
1663113600,377.0236635815182,378.6771608768341,373.8218191566965,377.1479187011719,85023700.0
1663200000,375.58048018309097,378.4477986507475,371.5853567851122,372.8660888671875,87633800.0
1663286400,368.6587284160567,370.683678921136,366.7105116443199,370.021484375,103084800.0
1663545600,366.8544462455561,372.8909301757813,366.7776539459828,372.8909301757813,73278500.0
1663632000,369.5416268041688,370.5589052145328,365.8372034018401,368.6107177734375,77274900.0
1663718400,370.5493012990479,373.6203492709987,362.1711492548727,362.1807556152344,106746600.0
1663804800,361.4033946062657,363.0540778662741,358.38995532545937,359.1385192871094,89472600.0
1663891200,355.6451992816999,355.6835954375833,348.6490155096755,353.1212158203125,122346900.0
1664150400,351.64321130311765,355.2900547219027,348.39942494539457,349.6278381347656,92581200.0
1664236800,353.1883387257356,355.4724265356737,346.32649822363004,348.7353515625,108294100.0
1664323200,349.6950866802468,357.29588549785444,347.9868238253265,355.59722900390625,110802200.0
1664409600,352.0270761122859,352.3149740058304,345.20363244616306,348.1690979003906,112952300.0
1664496000,347.2189593201425,351.1633359951602,342.65081366879974,342.78515625,153711200.0
1664755200,346.5280411938228,353.6969926366844,344.73340906493485,351.8351745605469,89756500.0
1664841600,357.39183624328564,362.7661555158724,351.7968049852699,362.73736572265625,103602800.0
1664928000,358.34198444448964,364.1673344782113,356.0003167977901,361.8928527832031,88065700.0
1665014400,360.4820616483239,363.4571338112663,357.6605448092148,358.1596069335937,82333500.0
1665100800,354.10002880884576,358.24593420196544,346.3936494563867,348.1690979003906,107789500.0
1665360000,349.2919577013395,349.53188239491976,343.2554734979914,345.5107421875,76042800.0
1665446400,343.80251178568085,348.3994775463755,341.37447483043223,343.3226623535156,92482800.0
1665532800,343.73537708190366,345.31887445166694,341.9407154893059,342.19024658203125,76991800.0
1665619200,335.13641621284387,352.69892216426666,334.0807416549414,351.2209777832031,147254500.0
1665705600,353.69709136782734,355.3381979149353,342.5741823203348,343.2171936035156,123737000.0
1665964800,349.339991708104,353.14999735716447,342.8812078310532,352.0367431640625,93168200.0
1666051200,360.0118300225015,360.3189406799084,352.70850663090704,356.17303466796875,97162900.0
1666137600,354.119260386603,356.8640142581937,350.8178940825872,353.6490173339844,79746900.0
1666224000,353.1979695544679,357.65098631388133,349.91578657337567,350.6835632324219,88283100.0
1666310400,350.40520742169275,359.69508441215703,348.8888962637663,359.2056579589844,131038400.0
1666569600,360.7412511368311,364.7431793435059,358.07325994879784,363.6011352539063,85436900.0
1666656000,363.5243290667268,369.7239753258904,363.4091698928235,369.40728759765625,78846300.0
1666742400,366.2402718239104,371.96006879080073,365.9811636770056,366.6241455078125,104087300.0
1666828800,367.6317862548759,369.4839977078487,364.042493218663,364.6663208007813,81971800.0
1666915200,364.5608320794393,373.821921003766,364.3784869376104,373.3420715332031,100302000.0
1667174400,370.86603547419617,372.74703706801625,369.73359783111874,370.6452941894531,96631300.0
1667260800,374.41690838728033,374.6568330901621,367.8429656707828,369.02337646484375,85407600.0
1667347200,368.42840916915645,372.9677955998721,359.65677627855564,359.7623291015625,126990400.0
1667433600,356.4993756866119,359.11936440453087,353.9273894895541,356.05792236328125,87100100.0
1667520000,361.8064766351798,363.6011088491708,355.0885844960651,361.18267822265625,103505200.0
1667779200,362.48785833767766,365.23261238356014,360.39572179346936,364.6376037597656,68286900.0
1667865600,365.7508343881025,369.5992363561823,362.4974703407647,366.60498046875,84641100.0
1667952000,364.6183344707511,365.7795910307707,358.55303141802244,359.0520935058594,78495500.0
1668038400,372.41115444470535,379.1194698157038,370.0983058190936,378.7835693359375,141455800.0
1668124800,379.6473121164563,383.2557896165594,377.7470976118447,382.44964599609375,93839900.0
1668384000,380.6741419104121,384.0522712527773,378.9178766481572,379.1961975097656,71903500.0
1668470400,384.9831918867859,386.0964460790681,378.5915939637452,382.4303894042969,93194500.0
1668556800,380.7892648554877,381.7489635954116,378.8794737350973,379.5128784179688,68508500.0
1668643200,374.72402390359406,379.0330918757376,374.4169425145551,378.3516845703125,74496300.0
1668729600,381.71065710832977,381.7778430649498,377.20008954377306,380.069580078125,92922500.0
1668988800,378.735624592568,379.8680623750741,376.8354100431762,378.6876220703125,51243200.0
1669075200,380.6453645984772,383.9467310291778,379.2249997381155,383.7835693359375,60429000.0
1669161600,383.44763574995926,386.6914223116781,383.2173174148681,386.2019958496094,68261600.0
1669334400,385.63581215112174,386.6723034073662,385.35752054567286,386.11566162109375,30545400.0
1669593600,383.0061807800138,384.656863845296,379.1865691101552,379.954345703125,67881600.0
1669680000,380.08868855024457,381.2883120203409,377.4495169160327,379.3017578125,52310000.0
1669766400,379.5513284878079,391.25006103515625,377.6223535133034,391.25006103515625,144566700.0
1669852800,392.2960938761709,393.4765340218029,388.43811498859696,390.9621276855469,76398200.0
1669939200,386.0388473818864,391.4227436626732,385.9332945705848,390.5110473632813,85342700.0
1670198400,387.6703247610148,388.6108107991364,382.1232671148329,383.4860229492188,77289800.0
1670284800,383.32290239292064,383.8699084428757,375.8564470015134,377.9581604003906,77972200.0
1670371200,377.1040506383469,379.6952491259488,376.17314162633846,377.315185546875,65927900.0
1670457600,379.2154118402189,381.3459151384176,377.4207504165452,380.2710571289063,60737900.0
1670544000,379.0234318303607,381.5954174863479,377.3055628439122,377.4303283691406,81447700.0
1670803200,378.2268886185699,382.8718566894531,377.5551170158899,382.8718566894531,75405800.0
1670889600,393.6877192725075,393.9468274552017,382.9870814344035,385.7702026367188,123782500.0
1670976000,385.4246985467772,389.1579416878911,380.3383055986079,383.30377197265625,108111300.0
1671062400,378.4092368505697,379.3209624538943,372.25759312511184,373.9274597167969,117705900.0
1671148800,371.35426298155033,372.7040052098421,367.3628802905893,369.5128173828125,119858000.0
1671408000,369.7056321640907,370.0430750601441,364.7019209808815,366.3794555664063,79878100.0
1671494400,365.61785261496107,368.5101700109185,364.2873819052728,366.8808288574219,74427200.0
1671580800,369.4935011182456,373.5041842696547,368.9536042923031,372.3665466308594,78167400.0
1671667200,369.3007360208056,372.34731405353006,361.31794071760254,367.0543823242188,100120900.0
1671753600,366.0227770244143,369.3103814762374,364.4609302679499,369.165771484375,59857300.0
1672099200,369.05008217572487,369.3971461549578,366.0227757200423,367.7099609375,51638200.0
1672185600,367.6424021681675,369.6284869166172,362.9086692203272,363.1400451660156,70911500.0
1672272000,366.00348658061273,370.5540670964372,365.4732107416271,369.6767272949219,66970900.0
1672358400,366.9772745963993,368.84761292658646,364.8465794274412,368.7030029296875,84022200.0
1672704000,370.5733204614803,372.55937594221024,364.2680606515952,367.1507568359375,74850700.0
1672790400,369.4260621560679,372.0291596467577,366.3602127005797,369.9852600097656,85934100.0
1672876800,368.0184244337619,368.1341124087851,365.1646798352298,365.7624206542969,76970500.0
1672963200,368.8764567679773,375.278132547956,365.7913362731652,374.1501159667969,104189600.0
1673222400,376.3579949259514,379.5684838740749,373.7549267913876,373.9380798339844,73978100.0
1673308800,373.3499654843039,376.6279192710031,372.4051312224063,376.5604248046875,65358100.0
1673395200,378.1511726526553,381.4002040110503,377.3316769593042,381.3230590820313,68881100.0
1673481600,382.43188678167706,384.1865370968042,378.3344368515017,382.7114562988281,90157700.0
1673568000,379.4913259109335,384.7746363651928,379.2213774598209,384.1961669921875,63903900.0
1673913600,384.1768763659617,385.864061457069,382.8078332319927,383.4923400878906,62677300.0
1674000000,384.6878380857325,385.7579813271269,377.23529017482616,377.437744140625,99632300.0
1674086400,375.38425250222616,377.0425157979615,373.3596536855597,374.6901245117188,86958900.0
1674172800,376.0976362933487,381.824426456989,374.4393733263996,381.670166015625,91806400.0
1674432000,382.4800075572186,388.1971471934056,381.5159018746708,386.2496643066406,84178800.0
1674518400,384.562517354956,386.7510268785712,383.367035605584,385.8351440429688,59524900.0
1674604800,381.73773734911055,386.31724030783295,379.4335101588138,385.9797973632813,84800300.0
1674691200,388.659985548013,390.3857432112324,385.6712516090908,390.2218322753906,72287400.0
1674777600,389.170925206973,393.5094010221229,388.9588207680121,391.118408203125,68346200.0
1675036800,388.3417860843798,390.5881689684381,385.9122501753933,386.2111206054688,74202000.0
1675123200,386.7317981415092,391.9379640331649,386.3847047235713,391.8897705078125,86811800.0
1675209600,390.6653090079228,398.8216653857442,387.9079805000196,396.0546569824219,101459200.0
1675296000,399.9689112738937,403.2950879962849,398.0600006524984,401.8200073242188,101654500.0
1675382400,396.8162814466019,402.003175080454,396.3342285724101,397.5490112304688,94736800.0
1675641600,395.0809027548212,396.5270613769811,393.4515616867472,395.1194458007813,60295300.0
1675728000,394.1939233014278,401.5404045953681,392.9405975634816,400.2870788574219,90990700.0
1675814400,398.3010578170527,399.6508001337971,395.2159073026291,395.9100646972656,76227500.0
1675900800,399.535106072918,399.6893665385149,391.2437899356816,392.4778442382813,78694900.0
1675987200,391.29199514840457,393.7794047749719,390.4725286948175,393.3937683105469,70769700.0
1676246400,394.0492889026667,398.1467381902831,393.586507567613,398.0117492675781,64913500.0
1676332800,396.4788720991391,400.15211295752647,393.8468820135304,397.8286437988281,88389300.0
1676419200,395.6208657926262,399.1976904781631,394.7724478848361,399.1205749511719,61555700.0
1676505600,394.1167948967315,398.08890585011767,393.49013204825167,393.6250915527344,76431500.0
1676592000,391.4848458001844,392.882811146909,389.5469834944077,392.6417846679688,89257800.0
1676937600,388.5924853729352,389.6530076482285,384.5046861541769,384.7649841308594,82655900.0
1677024000,385.1796072682795,386.73183318243787,382.7693423387374,384.23480224609375,83742300.0
1677110400,387.14631480616737,387.76335662823874,382.0269154662484,386.2786254882813,96242400.0
1677196800,381.22671889051696,382.9910195148353,379.5106117861291,382.1522521972656,108194400.0
1677456000,385.5169674236501,386.8860105552823,382.50896214532895,383.4537963867188,80444700.0
1677542400,382.97177442031335,384.9481796286304,381.9305236339624,382.0365905761719,96438600.0
1677628800,381.2170392056283,382.4510933274541,379.259905807213,380.5710754394531,99706800.0
1677715200,378.5851072432369,384.37939326261824,378.2476642853405,383.5309753417969,85127800.0
1677801600,385.3627410015129,389.932622736836,384.7071560849435,389.6819458007813,90120000.0
1678060800,390.5110727584148,392.82495039531767,389.508423832745,389.951904296875,72795900.0
1678147200,389.90366979566807,390.1446962390005,383.3573833565524,383.9743957519531,108310600.0
1678233600,384.09009935413815,385.3626965683408,382.3546913712164,384.60107421875,74746600.0
1678320000,385.39168938896887,387.0692536896382,376.5122821421497,377.50531005859375,111945300.0
1678406400,376.9556885783175,379.04781095051806,370.5251198591634,372.05804443359375,189253000.0
1678665600,368.10520741419566,376.3772510764091,366.986841233707,371.52777099609375,157790000.0
1678752000,376.48332868372586,379.3274526667239,373.1571517830789,377.669189453125,149752400.0
1678838400,372.03879508070304,375.50955236508713,369.9370221108989,375.3070983886719,172996900.0
1678924800,372.935415488861,382.2390306460625,372.4244405878136,381.8919372558594,143254200.0
1679011200,380.5525318171182,381.694511367752,376.0329615306953,377.4265747070313,140553400.0
1679270400,378.2104646120172,381.47192571972414,377.5040002802171,381.0557556152344,93055800.0
1679356800,384.4429594056821,386.54306615378687,382.8364325298027,386.0591735839844,91524200.0
1679443200,385.88500380601295,389.5238560781407,379.4395508235705,379.4782409667969,111746600.0
1679529600,382.3622509167425,386.4269605683248,377.77495852225474,380.5041198730469,119351300.0
1679616000,379.21699347990887,383.0881347316856,376.855594953568,383.00103759765625,107682400.0
1679875200,385.2946884069106,386.0689343866717,382.8171603406036,383.7171936035156,74010400.0
1679961600,383.0204029687121,383.717209612336,381.0074224062795,382.85589599609375,62871700.0
1680048000,387.0463557015899,388.6625700966461,385.8366241148439,388.4206237792969,77497900.0
1680134400,391.0723672067056,391.3240008414437,388.81744040170287,390.6949462890625,69840000.0
1680220800,391.6240248005127,396.50167125316136,391.5175530536762,396.20166015625,112062600.0
1680480000,395.6790401531173,398.11784856510405,395.2822446216,397.7113952636719,67391100.0
1680566400,398.3597706211495,398.65012392465593,394.1208663863346,395.50482177734375,66601500.0
1680652800,394.7693409413385,395.5338996670793,392.8047377861813,394.4693298339844,65200200.0
1680739200,393.6660032941517,396.288722638324,392.6111208949287,396.008056640625,63743300.0
1681084800,393.5111643804643,396.4919596265236,392.89179714996766,396.4145202636719,63681000.0
1681171200,397.0436389855675,397.9339849948255,395.7468101220198,396.5210266113281,59297900.0
1681257600,398.6017629434569,398.8921162804736,394.31448076382014,394.9048156738281,86420400.0
1681344000,395.9983699215791,400.5082528265482,394.8467030868495,400.1501770019531,85814800.0
1681430400,399.5114297215723,401.717978926939,396.8500202638753,399.1726989746094,78161500.0
1681689600,399.08564192658326,400.6244170961677,397.8468778541493,400.6050720214844,66436400.0
1681776000,402.1921941173824,402.3276982332762,399.4824071441347,400.8663330078125,63560000.0
1681862400,398.9404841245776,401.708336090428,398.8824193654665,400.7986450195313,55227300.0
1681948800,397.9630209904145,400.37282668912735,397.0533003632559,398.6114501953125,75840400.0
1682035200,398.9113942396915,399.38559954889513,396.9564787176751,398.9210815429688,73457400.0
1682294400,398.71785299244885,399.7630776470883,397.3726467945154,399.3372497558594,64332100.0
1682380800,397.35326370138665,397.9145956980485,392.9401652269469,392.9982299804688,97766700.0
1682467200,393.6176373414345,394.7015521490125,390.7723462043104,391.3336486816406,80447000.0
1682553600,393.8886067339354,399.3953073087713,393.6369731115294,399.1243286132813,92968400.0
1682640000,398.2339454086652,402.5406016102253,398.1758806560814,402.5309143066406,89433100.0
1682899200,402.0857310047142,404.1664633439533,401.8921621447779,402.12445068359375,62122300.0
1682985600,401.4082778635942,401.456684846814,394.68218809084806,397.6048889160156,103998500.0
1683072000,398.1081624239189,400.53731307308834,394.6338166049769,394.8757629394531,91531800.0
1683158400,393.82088977507607,394.1499332536064,390.7336521114216,392.0788879394531,94901900.0
1683244800,395.7370872883095,400.39213217998366,395.47579589188126,399.3372497558594,87891800.0
1683504000,399.6662963196533,399.927587718114,398.0307368007259,399.4436950683594,50046800.0
1683590400,397.8855854803908,398.8146511229455,397.45975757454,397.6920166015625,49220100.0
1683676800,400.5469885857553,401.1857304341041,395.6983747345631,399.5501708984375,96142900.0
1683763200,398.6791687702352,399.1436868152329,396.7629432312285,398.8533630371094,70157100.0
1683849600,400.1018744629029,400.31478844366944,395.8920018408415,398.330810546875,70481500.0
1684108800,398.9404584314996,400.11147037744496,397.0145751312598,399.70501708984375,54289400.0
1684195200,398.59205576699367,399.521150957768,397.0242482424509,397.033935546875,57705500.0
1684281600,399.0663194382341,402.4632261414949,397.4114146579549,401.8535461425781,87287000.0
1684368000,401.5341432279205,406.1504983347822,401.3115714953653,405.72467041015625,97177200.0
1684454400,406.6343622786256,407.1666323795554,403.9052006458144,405.13427734375,103793300.0
1684713600,405.15369673850194,406.8473211998134,403.90524529451307,405.2988586425781,60745400.0
1684800000,403.6439129734893,405.2310951719678,400.35344859100536,400.750244140625,86383500.0
1684886400,399.1340338050808,399.5211420253495,396.675850827955,397.8468627929688,89213700.0
1684972800,401.3792724272558,402.7535405708676,399.1243456365869,401.2921752929688,90961600.0
1685059200,401.950281070575,407.2150357982411,401.872871236844,406.48919677734375,93830000.0
1685404800,408.4343904767143,408.9666605277546,405.250368870205,406.64398193359375,72216000.0
1685491200,404.8052702665772,405.7149908926057,402.8116347332296,404.3891296386719,110811800.0
1685577600,404.62141187618994,409.29583210005785,403.3633026154562,408.2312622070313,88865000.0
1685664000,410.8248355469013,414.9282355251288,410.2925654771741,414.1346740722656,91426200.0
1685923200,414.483074501714,415.7799032201529,412.6346010907747,413.3410949707031,65460200.0
1686009600,412.9249456212799,414.773389458492,412.2668292050751,414.2411193847656,64022200.0
1686096000,414.6379664170486,415.77994606573895,412.3830099649327,412.808837890625,85373300.0
1686182400,412.87660479740896,415.7606159370092,412.1023882871172,415.3057556152344,61952800.0
1686268800,416.1089680767776,418.0735710957508,415.0540856217096,416.0509033203125,85742800.0
1686528000,417.0380594592685,419.902695711882,416.3122204755869,419.82525634765625,76104300.0
1686614400,421.2963108690726,423.241539270888,420.6285366382443,422.5931396484375,95899700.0
1686700800,422.9318980541187,424.9158462678748,419.6220590617853,423.0964050292969,100612100.0
1686787200,422.2737037279391,429.5998447872725,422.1769488354141,428.34173583984375,110303100.0
1686873600,430.3408627436176,430.9139735272386,426.4067846339422,426.88275146484375,114165800.0
1687219200,424.9303214367884,425.8239747064654,422.5795680820443,424.66802978515625,76160400.0
1687305600,423.6772115504447,424.4834441109943,421.899569099957,422.49212646484375,76982300.0
1687392000,421.5304807898792,424.12404951475344,421.190491765927,424.0172119140625,70637200.0
1687478400,420.5395992177212,422.6086436704131,420.0927726512213,420.81158447265625,92074500.0
1687737600,420.2385373041195,422.1715745996257,418.8494706007576,419.0923156738281,72823600.0
1687824000,419.9762406410968,424.3085880868065,419.51969075563113,423.6869201660156,72813700.0
1687910400,422.5989591645144,424.9205721541883,421.9772912293996,423.900634765625,75636000.0
1687996800,423.4829797740146,425.73658935749614,423.0750166174564,425.5714416503906,67882300.0
1688083200,428.8060782941297,431.5842114397432,428.4855062270689,430.5934143066406,104964000.0
1688342400,430.2437710782913,431.37054612778695,429.9620624938304,431.0888671875,32793400.0
1688515200,429.2626383296677,431.18598184502025,429.252915041293,430.4477233886719,58418400.0
1688601600,426.8439656049363,427.5044971270412,424.5514925684522,427.07708740234375,80658300.0
1688688000,426.0765673607144,429.9718120475819,425.7559952447039,425.9988403320313,86134200.0
1688947200,425.63943381525456,427.2519287503993,425.0663229671774,427.07708740234375,62443500.0
1689033600,427.84445133494313,430.2923189408992,426.8633477771264,429.7969055175781,64463800.0
1689120000,433.61444047347214,434.6732413799952,432.1767870433508,433.2550048828125,91924500.0
1689206400,435.081200324676,437.4902339738245,434.64409700643694,436.6936950683594,72425200.0
1689292800,437.58735998371753,438.4421496523937,435.6542932417474,436.4216918945313,69815800.0
1689552000,436.27602081008126,438.9958736797464,436.2274340105894,437.9370727539063,52680200.0
1689638400,437.6068577168237,441.8420619108052,437.1697246916224,441.1912536621094,80668200.0
1689724800,441.9877376268143,443.3670809829132,441.11347168531273,442.17230224609375,65891700.0
1689811200,441.1718059778391,442.0751825465034,438.5199270744131,439.2387390136719,70591600.0
1689897600,440.9677947700702,441.1718059778391,439.2290453686645,439.2387390136719,71275600.0
1690156800,440.39466551457673,442.0168835987749,439.3552815175708,441.200927734375,54023400.0
1690243200,440.9289082929075,443.6681778954392,440.8803214969706,442.4053955078125,55191200.0
1690329600,441.4631754472912,443.911042961274,440.4043745511735,442.4734191894531,71052900.0
1690416000,445.8829680364058,446.2909607998054,438.6267561170084,439.5398559570313,92194400.0
1690502400,442.83286529706896,444.6784819773693,439.5398717810394,443.8431091308594,80011800.0
1690761600,444.319042149947,445.04757733488935,442.9979495996151,444.6881713867188,62040400.0
1690848000,443.21166872947487,444.1636320737279,442.4539932984731,443.4156799316406,55291500.0
1690934400,440.278107707463,440.5403697086572,436.48973058045846,437.2474060058594,93933400.0
1691020800,435.2172008966529,437.88849649445615,434.56636310757074,435.9942932128906,64276100.0
1691107200,437.8204693892519,439.9380710354862,433.4978157950168,434.0223693847656,100128900.0
1691366400,435.8680304852796,437.9662154153534,435.1686355085883,437.810791015625,58357500.0
1691452800,435.2560835247211,437.80112488049815,432.52650717960506,435.9069213867188,71361300.0
1691539200,436.17889352198176,436.3440412158879,432.2253685990809,432.9927673339844,78789600.0
1691625600,435.362877911542,438.77243177203866,431.9727706265869,433.1481323242188,93005500.0
1691712000,431.26374847666006,433.91562758585474,430.66149738415305,432.8956604003906,68690900.0
1691971200,431.972806223491,435.2851867675781,431.661957430911,435.2851867675781,47867400.0
1692057600,433.4978398499199,433.8572754322106,429.6414591930444,430.214599609375,75707500.0
1692144000,429.79691761113946,431.4676929065837,426.950780457512,427.0576477050781,80107200.0
1692230400,428.5341452442252,428.7964072585482,423.2789741592103,423.8035278320313,95711300.0
1692316800,420.96708219644336,425.0468913754459,420.6173995123901,424.0075073242188,98852000.0
1692576000,425.0274258479956,427.5141569709801,422.861266815276,426.7662048339844,68719000.0
1692662400,428.5535410465114,428.5535410465114,425.0468724957572,425.6102600097656,64994200.0
1692748800,426.6788000784173,430.972314081095,426.5330989611241,430.3506164550781,68441000.0
1692835200,431.96310700430456,432.4779373763765,424.357182671721,424.3863525390625,88517300.0
1692921600,426.1251154214818,428.6701271392612,422.5504429269546,427.3782043457031,102325100.0
1693180800,429.58318118186605,430.7099858000723,427.37815874320273,430.08831787109375,61595400.0
1693267200,429.9815106655564,436.5869149037549,429.7969460255191,436.3052062988281,83081900.0
1693353600,436.645102620197,438.7432873106637,435.93598443569806,438.1021728515625,69053900.0
1693440000,438.72384191656135,439.87006338705424,437.27649496897567,437.4610595703125,66084600.0
1693526400,440.2004433616455,440.6861335334554,436.8103058043728,438.277099609375,58944100.0
1693872000,437.8301890928128,438.1507315013757,436.3148384185393,436.3828125,55166200.0
1693958400,435.56685086800223,435.6737180988661,431.1082195620165,433.4492492675781,70758500.0
1694044800,430.42830840165385,432.79847869361225,430.07862572456526,432.1185302734375,70355400.0
1694131200,432.1670666159687,434.3138086647215,431.807660667102,432.7693176269531,61659700.0
1694390400,435.4114063157718,435.9262365827425,433.6920742115493,435.6154174804688,60180100.0
1694476800,434.1584375463834,435.6932053790809,432.6430866478102,433.2258911132813,67565400.0
1694563200,433.4493399827521,434.8966872148435,432.34195215705154,433.7310485839844,60199300.0
1694649600,436.2177355004224,438.170189642729,434.9063662355359,437.4707946777344,83430800.0
1694736000,435.8750522534294,436.2064829388726,431.7613670713288,432.2000122070313,111848900.0
1694995200,431.8880562008691,433.7596979795193,431.41041048207376,432.4534606933594,55752200.0
1695081600,431.5273671001471,432.1220145797145,428.85640660660175,431.5566101074219,66514600.0
1695168000,432.823909827221,433.2430695466763,427.3844720654377,427.5892028808594,82562600.0
1695254400,424.723264823209,424.9864519063864,420.3658779537346,420.5218505859375,104095800.0
1695340800,421.5551502669503,423.1635752995273,419.1571044742111,419.5762939453125,100829700.0
1695600000,418.3577922079324,421.3796690899473,417.91911730635536,421.3406982421875,70874500.0
1695686400,418.2798170809807,418.99143670491617,414.31234654188216,415.1506958007813,96168400.0
1695772800,416.3301830132182,416.8955875491146,411.6511228304859,415.3163757324219,104705800.0
1695859200,414.7607606962109,419.4105778926448,414.1661131466468,417.7241516113281,92258300.0
1695945600,420.7947690948166,420.9702271393602,415.1798736795347,416.7103271484375,115111300.0
1696204800,415.8720282161266,417.80215618527694,413.7664421812551,416.5446472167969,83798600.0
1696291200,414.3513611823336,416.60316242975455,409.5942994089752,410.9687805175781,103760600.0
1696377600,411.4366496118208,414.71198567409095,409.96468205177416,413.9613952636719,87453000.0
1696464000,413.6689327124713,414.6534969414221,410.55932689037775,413.805419921875,70142700.0
1696550400,411.3391815343107,420.2684144141917,410.0037011243771,418.7184753417969,113273300.0
1696809600,416.8077488670991,421.97424115005833,416.2521317728874,421.3991088867188,80374400.0
1696896000,422.0328021572993,426.20497351561806,421.6331278526866,423.5924987792969,78607300.0
1696982400,424.66477534883535,425.5810662138717,422.26672961556096,425.32763671875,62451700.0
1697068800,425.9417718227219,426.3219309417066,420.3658766706237,422.7346496582031,81154200.0
1697155200,424.24555230832215,425.454332665196,419.04984646161904,420.6290283203125,95143100.0
1697414400,422.8906156106693,426.1269807332246,422.6469139553336,425.0546875,75433200.0
1697500800,421.9060051505984,427.1017405320482,421.5550890847792,425.0351257324219,75324700.0
1697587200,423.2512618065576,424.216310779402,418.2797424109091,419.37152099609375,93559800.0
1697673600,420.0929740919928,421.9158579255345,415.004481748441,415.6868286132813,121323000.0
1697760000,415.24815921948914,415.7940485790275,410.4715827004202,410.5788269042969,123919900.0
1698019200,409.03859591438896,413.7566861845482,407.2741982932137,409.8671875,92035100.0
1698105600,412.0020456681311,414.1173892958725,410.140161301902,412.9573669433594,78564200.0
1698192000,411.2611739159688,411.2904169242442,406.51384074852336,407.0304870605469,94223200.0
1698278400,405.9582332820246,406.8160381281592,401.23041517306166,402.1564636230469,115156800.0
1698364800,403.75516850556505,404.1548428016782,398.9006206818789,400.3335876464844,107367700.0
1698624000,403.1410168304096,406.1824086755449,401.8347795507034,405.119873046875,86562700.0
1698710400,405.6950255751164,407.9858271586759,403.7746552793757,407.6641540527344,79665200.0
1698796800,408.6389268582989,412.8305832181625,408.1027653944884,412.0117492675781,98068100.0
1698883200,415.8330307293069,420.0637180038268,415.813545304772,419.9077453613281,94938900.0
1698969600,422.2277396671061,425.2983744685508,422.1010100509099,423.7386779785156,100167800.0
1699228800,424.499042329037,425.1619036945749,422.7541301400226,424.7135009765625,67831700.0
1699315200,424.713520975765,426.56564770138766,423.5632562433901,425.9222717285156,64256100.0
1699401600,426.5266525176992,427.0530564565,423.9141777452995,426.2342224121094,61746000.0
1699488000,427.3845156563015,427.4235162558937,422.4812389007093,422.91015625,83174400.0
1699574400,424.9962523118619,429.8215278153663,422.9003940263218,429.5095825195313,89462200.0
1699833600,428.1643525998736,430.2114228472126,427.37476156190246,429.1001586914063,52236100.0
1699920000,435.0757306092195,438.7214981235358,434.85151436015457,437.4250183105469,97176900.0
1700006400,438.7702034175982,440.00822689231774,437.4932090962841,438.3510437011719,77327600.0
1700092800,437.90261234986747,439.2088495951082,436.8303191638532,438.8871765136719,66665800.0
1700179200,438.8969439529958,440.0472384283699,437.9708954691745,439.43310546875,83133200.0
1700438400,439.1796343511977,443.6637508451693,439.16987676520114,442.815673828125,69936200.0
1700524800,441.7628874230674,442.6889656755236,440.57362207457913,441.8506164550781,49244600.0
1700611200,443.5175171922335,444.8822404813006,442.454981569005,443.5564880371094,59394900.0
1700784000,443.60525077494174,444.0244104771882,443.27382009767217,443.8294372558594,29737400.0
1701043200,443.19582131477495,444.0146553010735,442.64017440483553,443.0301208496094,50506000.0
1701129600,442.6401889183708,444.77501785393656,442.07481415289016,443.4687805175781,62115000.0
1701216000,445.6327856391061,446.7733223338402,442.7571243126116,443.1567687988281,63146000.0
1701302400,444.00492797140174,445.2526792493876,441.9188275346786,444.9017333984375,79752700.0
1701388800,444.2875992436387,448.0698536614184,443.6929814891745,447.5337219238281,89183400.0
1701648000,444.1219430157384,447.5532519253146,442.8936770415693,445.1844787597656,72430900.0
1701734400,443.7905337555734,446.0618204101632,443.4103448409097,445.0967712402344,69793500.0
1701820800,447.2510249980106,447.2802680067955,442.8643951878482,443.3030700683594,69124700.0
1701907200,445.3989170074327,447.3387727517631,444.7945416347511,446.6856689453125,66995400.0
1701993600,445.93502770059104,449.1421498074846,445.69132604578505,448.6060180664063,83194400.0
1702252800,448.1089085665673,450.5264399690656,447.89444989579135,450.3509521484375,65002200.0
1702339200,450.0000022439556,452.50526249444346,448.99595257627306,452.4077758789063,68327600.0
1702425600,452.7879477122068,458.9000046679178,452.42727399846257,458.64654541015625,93278000.0
1702512000,460.5961454982613,461.7951683960883,457.428023862559,460.1184997558594,119026000.0
1702598400,459.5175058870526,460.7018256606562,457.5012649448637,459.3609008789063,141553700.0
1702857600,460.9758624974249,462.9333802338233,459.9090189154098,461.94482421875,70375300.0
1702944000,462.4929754163209,464.8322236945254,462.41468784114886,464.75390625,55761800.0
1703030400,463.892567568819,465.7913622558364,457.8830033552832,458.3136596679688,102921000.0
1703116800,461.3184075260525,462.9333835656848,458.88130748488805,462.6593322753906,86667500.0
1703203200,463.7946728489947,465.2824054768028,461.6805799335795,463.5891418457031,67160400.0
1703548800,464.00026588508166,466.4569305558405,463.92194844168887,465.5466918945313,55387000.0
1703635200,465.34114850963823,466.53523560014366,464.80284304536906,466.388427734375,68000300.0
1703721600,466.7505417729767,467.40629349897097,466.1437160434832,466.5645751953125,77158100.0
1703808000,466.36882605664505,466.8973642343975,463.2465827268645,465.2138977050781,122283100.0
