ts,open,high,low,close,volume
1483401600,195.4014643550686,196.08742610025263,194.39425035130932,195.57513427734372,91366500.0
1483488000,195.90509207994424,196.8862715649593,195.8964138828679,196.73866271972656,78744400.0
1483574400,196.4694973821513,196.7386672384141,195.78353557184653,196.58236694335935,78379000.0
1483660800,196.69521126193743,197.75453408513587,196.14818021002984,197.28565979003903,71559900.0
1483920000,197.02526772801843,197.1641984223721,196.59979744499552,196.6345367431641,46939700.0
1484006400,196.65189314308807,197.49414226001167,196.24379250914944,196.6345367431641,63771900.0
1484092800,196.5475955930257,197.1901397705078,195.87900358056555,197.1901397705078,74650000.0
1484179200,196.66918836686563,196.886262526211,195.33201737492675,196.6952362060547,72113200.0
1484265600,196.8689282173547,197.4506854789142,196.8342021752552,197.14678955078125,62717900.0
1484611200,196.5042746506261,196.9123752646313,196.0614479893088,196.45217895507807,61240800.0
1484697600,196.70392810893293,196.9296937298426,196.14821875225363,196.8862762451172,54793300.0
1484784000,196.96440035900443,197.10333099677288,195.72274256298036,196.15689086914065,66608800.0
1484870400,196.8428547074131,197.3725162121827,196.20900184077277,196.87759399414065,129168600.0
1485129600,196.87755464195044,196.9383285078422,195.6011577175381,196.36524963378903,75061600.0
1485216000,196.58236200351573,198.041107307694,196.4694924451439,197.62432861328125,95555300.0
1485302400,198.57948788861603,199.3349151611328,198.4145093664669,199.3349151611328,84437700.0
1485388800,199.1872692442952,199.456452366214,198.8486340416017,199.12649536132807,59970700.0
1485475200,199.2046193994296,199.35222824265875,198.63154042043007,198.8138885498047,59711100.0
1485734400,198.11924177400348,198.1452896131416,196.5910444648964,197.58090209960935,79737300.0
1485820800,197.08601745148624,197.6243705137821,196.51295159360023,197.56358337402344,75880800.0
1485907200,197.56356484379907,198.48395730863905,197.05127292456288,197.64170837402344,79117700.0
1485993600,197.64168968479072,198.05848163822307,196.9470629273824,197.77194213867188,69657600.0
1486080000,198.68364238391007,199.31749521770817,198.3710550653382,199.13514709472656,80563200.0
1486339200,198.72703335356096,199.12645560863965,198.4404938932304,198.7791290283203,57790100.0
1486425600,199.16989445163065,199.41301645935596,198.5968154694972,198.787841796875,57931200.0
1486512000,198.78784818448665,199.1785790488036,198.24081702494928,199.04833984375,51566200.0
1486598400,199.04828802098424,200.53306756865337,199.04828802098424,200.2291717529297,65955200.0
1486684800,200.57655208305115,201.24514429975864,200.24659507366044,201.01937866210935,66015900.0
1486944000,201.51433740059224,202.37395606400096,201.4882895546549,202.11346435546875,55182100.0
1487030400,201.9310712820936,202.92962040123032,201.58375791405385,202.92092895507807,71109000.0
1487116800,202.70385794334547,204.1712814570955,202.6517622622441,203.98025512695312,86785800.0
1487203200,204.006268824906,204.1886169273989,203.0511505831992,203.8065643310547,84722400.0
1487289600,203.13805649564745,204.1279144287109,203.12068684793493,204.1279144287109,77204100.0
1487635200,204.50130252954924,205.5172083768917,204.4926110805377,205.3435516357422,88946100.0
1487721600,204.935380451644,205.38688517335603,204.7704019671449,205.1611328125,62115200.0
1487808000,205.68211673657723,205.69947313035783,204.53595878758776,205.3000640869141,74615900.0
1487894400,204.44914343607164,205.60396636874748,204.40572595195724,205.56056213378903,82381600.0
1488153600,205.4737354189131,206.05549263177696,205.221935199585,205.8818359375,56515400.0
1488240000,205.49981333590287,205.7429353933033,204.9354256846144,205.3261566162109,96961900.0
1488326400,206.993248180024,208.6690676876072,206.9758785363948,208.2001800537109,149158200.0
1488412800,208.00918091342723,208.0178723609561,206.83698817376288,206.8890838623047,70246000.0
1488499200,206.8022129454004,207.18426559386052,206.42016029694028,207.019287109375,81974300.0
1488758400,206.2204381431073,206.7587777840041,205.79496804840068,206.4027862548828,55391500.0
1488844800,206.0988879749573,206.45489277192863,205.5779046989429,205.7863006591797,65103700.0
1488931200,206.08150610899736,206.3419977315536,205.26530520792653,205.40423583984372,78168800.0
1489017600,205.52580325046176,205.9946908355404,204.69224593122928,205.66473388671875,90683900.0
1489104000,206.62863540249853,206.67205290175335,205.4303813186997,206.3855133056641,81991700.0
1489363200,206.3246607868248,206.5330567677254,205.9947170451776,206.48963928222656,57256800.0
1489449600,205.94263071347856,205.99473965128956,205.08302535238667,205.6995086669922,59880800.0
1489536000,206.27256031393455,207.90496233685843,206.0381164970101,207.4794921875,96081800.0
1489622400,207.61838114423992,207.6965246511366,206.74140642993024,207.07135009765625,78344000.0
1489708800,207.3356582123932,207.52751561681808,206.707763671875,206.707763671875,89002100.0
1489968000,206.7077525745553,206.9955386657425,206.0885873263497,206.48101806640625,52537000.0
1490054400,207.0914417506923,207.2135315948725,203.69907396583304,203.8298797607422,131809300.0
1490140800,203.86480197485488,204.5973411541933,203.23690744776567,204.3095550537109,97569200.0
1490227200,204.30952548984405,205.23392193574253,203.71652147051117,204.0915069580078,100410300.0
1490313600,204.39675012077944,204.9723089651592,203.1584063846958,203.9432678222656,112504900.0
1490572800,202.26014039024835,203.9955726462541,201.9810835967268,203.73394775390625,87454500.0
1490659200,203.4287521881579,205.64381479929745,203.3153782840788,205.2165069580078,93483900.0
1490745600,204.92869509150103,205.64378892539085,204.7019473118721,205.4083251953125,61950400.0
1490832000,205.34728410562823,206.2629645484164,205.1728719514768,206.0623779296875,56737900.0
1490918400,205.7222701527245,206.2542358738052,205.5304127905777,205.58274841308597,73733100.0
1491177600,205.6350497906113,205.83562308268944,203.98683047948063,205.2251739501953,85546500.0
1491264000,204.93739574299997,205.4432002739894,204.5536810431601,205.35598754882807,56466200.0
1491350400,206.0362256569149,207.0216736652185,204.53625711429856,204.7455596923828,108800600.0
1491436800,204.885099407107,205.84437297153505,204.4403330819056,205.32113647460935,69135800.0
1491523200,205.068179530768,205.80944769475832,204.62342661644905,205.11178588867188,74412300.0
1491782400,205.2514082246365,206.03626977361657,204.7019971562717,205.2339630126953,67615300.0
1491868800,204.85025678233143,205.0944365325573,203.48982294341627,204.9897918701172,88045300.0
1491955200,204.7106854434126,204.9025428159721,203.86477247534435,204.0915069580078,81864400.0
1492041600,203.7514240976364,204.4926925214312,202.76597595214844,202.76597595214844,92880400.0
1492387200,203.28920485575787,204.56243896484372,203.0886315279332,204.56243896484372,68405400.0
1492473600,203.8211595398625,204.49266032218296,203.2630326486181,203.95196533203125,83225800.0
1492560000,204.518822218216,204.89380769498183,203.3502328078505,203.5769805908203,68699900.0
1492646400,204.19619246436093,205.6787294230088,203.87352923083765,205.2339630126953,92572200.0
1492732800,205.15545191617844,205.2077742381643,204.1787330876534,204.5798797607422,110389800.0
1492992000,206.8385651952579,207.03915185459005,204.5537349077453,206.8298492431641,119209900.0
1493078400,207.4751525266736,208.3821037365671,207.38793979387077,208.0332794189453,76698300.0
1493164800,207.99839450621573,208.8879138385189,207.85887275955247,207.9024658203125,84702500.0
1493251200,208.22514004073247,208.3821069940776,207.53619403848663,208.07688903808597,57410300.0
1493337600,208.33846102799384,208.3646221819122,207.49254823318591,207.6233673095703,63532800.0
1493596800,208.14663696289065,208.5739580565107,207.72804512650015,208.14663696289065,66882500.0
1493683200,208.28616643882987,208.40825627562756,207.8152522988372,208.22512817382807,57375700.0
1493769600,208.2251226690225,208.32105134588423,207.29199705711375,207.9722137451172,73137700.0
1493856000,208.27749750843023,208.3559809983481,207.36181687233065,208.2164459228516,61462700.0
1493942400,208.59139509421863,209.05359327827043,208.14662881035417,209.03614807128903,62001300.0
1494201600,209.0797957425904,209.22804676423667,208.5739910945518,209.00131225585935,48385700.0
1494288000,209.26291525943572,209.46348858455417,208.46059534537156,208.80943298339844,51363200.0
1494374400,208.76584109552743,209.18443298339844,208.55653849819385,209.18443298339844,54293800.0
1494460800,208.73093417933228,208.9227915394616,207.66700274835853,208.7570953369141,62358300.0
1494547200,208.50423864062088,208.8007407053593,208.1379690359209,208.40830993652344,53912700.0
1494806400,208.83562500645343,209.6815381068416,208.81817979527509,209.5594482421875,61918900.0
1494892800,209.85597426047312,209.8821354268292,208.9751839439531,209.36761474609372,51241800.0
1494979200,209.3675578431353,209.3675578431353,205.5914752793649,205.65252685546875,172174100.0
1495065600,205.57405342021687,207.33564708136436,205.31242849124695,206.48101806640625,107047700.0
1495152000,206.96934572563583,208.4954753857102,206.9170234092348,207.823974609375,115011400.0
1495411200,208.33853160457576,209.04492292004625,208.2687773750251,208.8792266845703,61010600.0
1495497600,209.25417215725983,209.50708109144605,208.87045743421487,209.3413848876953,48341700.0
1495584000,209.57690776802465,209.93444812742013,209.23678600740283,209.82980346679688,46927700.0
1495670400,210.34434310068747,211.111772832622,210.1350537605594,210.83270263671875,64071700.0
1495756800,210.64078292672284,210.95473015089425,210.56229944737885,210.7890472412109,46629900.0
1496102400,210.4664066919409,210.8588374624555,210.30943970645413,210.6059417724609,35201900.0
1496188800,210.90244377916997,210.937334202689,209.8559572891593,210.5536193847656,91796000.0
1496275200,211.01579894038937,212.2454267775918,210.7280128525252,212.2279815673828,68962000.0
1496361600,212.28031624869357,213.09135223566844,211.9838141918628,212.9343719482422,88666100.0
1496620800,212.75992905887065,213.04771512196524,212.5767876344303,212.77737426757807,44698800.0
1496707200,212.21051329700967,212.76864020187932,212.01865592594868,212.0971527099609,50375400.0
1496793600,212.43728644025867,212.71634327260296,211.76578556139785,212.48960876464844,54144300.0
1496880000,212.58555284639792,213.0739123184404,212.06230295103956,212.59426879882807,65950700.0
1496966400,212.8645952747352,213.66690196826696,210.99835695772072,212.27159118652344,132256400.0
1497225600,212.0274082237671,212.2803038912133,211.37335256229304,212.2279815673828,86108100.0
1497312000,212.76865839184973,213.31806939293045,212.4198340365327,213.2657470703125,60067000.0
1497398400,213.5360735520482,213.5447895029651,212.1669107707611,212.99539184570312,78602300.0
1497484800,211.6349697386827,212.70763063256027,211.35591290199363,212.5855407714844,66464900.0
1497571200,212.74591531742809,212.7984927993872,211.74690304513817,212.63198852539065,84553100.0
1497830400,213.46448436404364,214.46349657942653,213.36808786204668,214.40216064453125,65123800.0
1497916800,214.0428575070437,214.0516159627348,212.9386903640085,212.95620727539065,56906400.0
1498003200,213.35059136319293,213.4645047879513,212.4304452782182,212.90365600585935,55977600.0
1498089600,212.9123887793721,213.4118881573864,212.63195775392128,212.8072204589844,44148100.0
1498176000,212.86860834516585,213.39439655566065,212.4830223011225,213.0614013671875,66986800.0
1498435200,213.73614385191743,214.15679042752944,212.9912739461872,213.2015838623047,56700500.0
1498521600,212.98244372334872,213.28040497563472,211.466402216351,211.4839324951172,82247700.0
1498608000,212.50929304663848,213.57841303396904,212.2726810175241,213.3768615722656,70042600.0
1498694400,213.52582369579952,213.57840117230745,210.2834167181614,211.5015106201172,106949700.0
1498780800,212.31647666666348,212.69330418055927,211.70305052138937,211.89584350585935,86820700.0
1499040000,212.8423255274387,213.2804890675583,212.25518798828125,212.25518798828125,39153800.0
1499212800,212.62319489877905,212.95619002000183,211.8082039481542,212.74588012695312,54427600.0
1499299200,211.9747357767048,212.0974210208427,210.6164262633785,210.8004608154297,65400800.0
1499385600,211.37883730962744,212.31650022752356,210.8092167480506,212.1675262451172,57972300.0
1499644800,212.16753027745065,212.77219804627276,211.86081047910383,212.39537048339844,36663300.0
1499731200,212.3953575538887,212.55310335739503,211.063350224018,212.2376251220703,50354600.0
1499817600,213.2103349277388,213.99902377975468,213.2103349277388,213.83251953125,59610400.0
1499904000,213.84129282770792,214.3057450126829,213.61343927695148,214.1918182373047,39471600.0
1499990400,214.1918446840368,215.5501542143904,214.0954481787423,215.19085693359372,60262700.0
1500249600,215.11197330474212,215.49755929471692,214.9892880689945,215.16455078125,33531900.0
1500336000,214.7527170678825,215.33109616330725,214.41095003362065,215.2785186767578,42742500.0
1500422400,215.59397722371867,216.4527739593224,215.58520539563685,216.4440155029297,51034300.0
1500508800,216.698107173926,216.8207924007623,215.9882845492525,216.54037475585935,47135200.0
1500595200,215.9620396921109,216.3739144741077,215.73418610191467,216.34762573242188,82340800.0
1500854400,216.2687113185934,216.4352155702576,215.8217894101954,216.2950134277344,46622300.0
1500940800,217.0486104126238,217.15377871895083,216.59293011472,216.82077026367188,54915600.0
1501027200,217.10997507519315,217.14502226532625,216.56665671216865,216.8295440673828,47575400.0
1501113600,217.2940382858781,217.32908548063855,215.2960005206352,216.6280212402344,70766600.0
1501200000,216.14600206263145,216.50529926347855,215.69032174962547,216.3738555908203,50088400.0
1501459200,216.7769630001501,216.8733594860249,216.0408516743892,216.2511749267578,65838700.0
1501545600,216.85588531838303,216.89093251484232,216.20739852453065,216.7332000732422,55050400.0
1501632000,216.86466764941085,216.9785944509014,215.90070249454556,216.83837890625,47211200.0
1501718400,216.7244310403381,216.75071978094385,216.1372935473286,216.417724609375,40856000.0
1501804800,216.9084539960793,217.14505264887757,216.4264714912689,216.8120574951172,60191800.0
1502064000,216.88216902502444,217.2151641845703,216.7770006947097,217.2151641845703,31995000.0
1502150400,216.8996847710964,218.12655055912447,216.3037888464996,216.68060302734372,61719400.0
1502236800,215.98828009062487,216.7243914364473,215.62898287241876,216.67181396484372,62632600.0
1502323200,215.83055517493256,215.96201223833984,213.56087161999196,213.6134490966797,120479500.0
1502409600,213.84126938601875,214.52480321998328,213.6046574060508,213.92889404296875,74869900.0
1502668800,215.21715932623908,216.26874912326616,215.1821121274037,216.04966735839844,73291900.0
1502755200,216.43520538478276,216.45273566615597,215.71662430872283,216.02333068847656,55242700.0
1502841600,216.54915097735636,216.95226725385575,215.9707719869524,216.40017700195312,56715500.0
1502928000,215.78680577840996,216.1022840924656,213.0263671875,213.0263671875,128490400.0
1503014400,212.8597586697684,213.9902276465236,212.2463326293548,212.6932678222656,136748000.0
1503273600,212.63197730452052,213.12271827249376,211.922154592153,212.8598175048828,65469700.0
1503360000,213.4469662066773,215.24342579534684,213.4294359232288,215.085693359375,63140100.0
1503446400,214.1129779526059,214.7439344636317,213.9640039669038,214.3145294189453,50203800.0
1503532800,214.7001031073608,214.85783554021305,213.60469441803752,213.8150177001953,50741700.0
1503619200,214.61247739034948,215.23467544516535,214.1655554332432,214.3145294189453,64445900.0
1503878400,214.84907610934303,214.87536484803243,213.90264140146087,214.3232879638672,40565600.0
1503964800,213.00004692920453,214.8315672226467,212.8861201357452,214.5686798095703,51135700.0
1504051200,214.55116079996637,215.85689296418565,214.36712622945203,215.5852203369141,62030800.0
1504137600,216.2073961042938,217.1275421183944,215.62025862542876,216.88217163085935,103803900.0
1504224000,217.2589810533007,217.61827832062843,217.03989931054303,217.1888732910156,62007000.0
1504569600,216.68060275588115,216.90845632697912,214.65628958561263,215.62901306152344,91398800.0
1504656000,216.3125653388512,216.69815137947668,215.7780053046548,216.3651428222656,57916900.0
1504742400,216.67184520033288,216.68937548395675,215.9269619207362,216.33883666992188,58034700.0
1504828800,216.0496257155296,216.5491384615596,215.83931581967457,216.08468627929688,63832800.0
1505088000,217.364090189823,218.46827049843728,217.34657328171065,218.389404296875,71364800.0
1505174400,218.75749361411147,219.16059650971104,218.57345907712028,219.12554931640625,56896000.0
1505260800,218.83635320357757,219.26575819576703,218.72242642833217,219.23069763183597,59228000.0
1505347200,218.9064698286786,219.3621635764352,218.73120711698388,219.1605987548828,95446300.0
1505433600,219.01522858319095,219.54362590803547,218.9095518058309,219.45556640625,95432400.0
1505692800,219.82550365716577,220.27464351155248,219.53487900854597,219.92237854003903,46235200.0
1505779200,220.16896680839508,220.2306205693641,219.81670183672057,220.14254760742188,47108100.0
1505865600,220.2306171166969,220.33629391893305,219.21783182242785,220.2218017578125,59574100.0
1505952000,220.06329566730068,220.15135519346168,219.45562715318508,219.6317596435547,48211400.0
1506038400,219.3323639185165,219.8431576190725,219.30594471314723,219.6758270263672,51214000.0
1506297600,219.42043437803048,219.77271286390413,218.47811798417507,219.2266845703125,57064400.0
1506384000,219.65816068353544,219.90474883727413,219.1209478975948,219.35873413085935,54082000.0
1506470400,220.06331465246905,220.60052752917335,219.17382332658627,220.2130279541016,81001400.0
1506556800,219.93119042787745,220.55647623440493,219.84313090003204,220.4772186279297,44778800.0
1506643200,220.46842668049177,221.3314988361442,220.2834922457444,221.25222778320312,85578000.0
1506902400,221.48116514786523,222.21212768554688,221.3050192347495,222.21212768554688,59023000.0
1506988800,222.21216976528885,222.71414808619693,222.1328987141568,222.68772888183597,66810200.0
1507075200,222.53803125835535,223.19853829001943,222.42353907269091,222.9519500732422,55953600.0
1507161600,223.2865677875205,224.2905378030407,222.98714119858687,224.2729339599609,63522800.0
1507248000,223.8237520775156,224.30812646136332,223.55956008455,224.0175018310547,80646000.0
1507507200,224.246480048614,224.3081203659488,223.38340810155813,223.64761352539065,35803100.0
1507593600,224.2200670575951,224.61636848529244,223.67403891641212,224.2376708984375,43057400.0
1507680000,224.14081252288187,224.5899658203125,223.9734953942824,224.5899658203125,47674300.0
1507766400,224.2729273392016,224.6251923230716,224.01752380355524,224.25531005859372,47065100.0
1507852800,224.69568142561957,224.8101736095268,224.2553434112683,224.52835083007807,54800400.0
1508112000,224.7573012840901,225.0214933023969,224.4138382222436,224.82774353027344,38221700.0
1508198400,224.7749152863859,225.0303188330236,224.55474630248017,224.9862823486328,31561000.0
1508284800,225.3649513646941,225.40898784611755,225.0126863894013,225.20643615722656,40888300.0
1508371200,224.4226403296606,225.30331622620767,223.99991966197132,225.26808166503903,61903800.0
1508457600,226.0695342685959,226.45703384894472,225.2504986213952,226.4305877685547,89176400.0
1508716800,226.7564448226478,226.7828640251184,225.4706386328226,225.5498962402344,63915300.0
1508803200,225.9814320696308,226.1839703176432,225.58511718040705,225.9461975097656,66935900.0
1508889600,225.61154454002823,225.7260367066597,223.69167753741104,224.82774353027344,103715300.0
1508976000,225.44420635686612,225.71720027094304,224.99505309158897,225.11834716796875,69798000.0
1509062400,225.86693964649996,227.1175111973742,225.12717514675103,226.9589691162109,85562500.0
1509321600,225.86693722668383,226.8621052413337,225.81409882556036,226.113525390625,54285700.0
1509408000,226.49223951655637,226.72122386910985,226.1663937078288,226.4658203125,60304800.0
1509494400,227.24957026667013,227.5930198218316,226.39531374340484,226.7651824951172,54202700.0
1509580800,226.69480203824088,226.9942286394425,225.62037629223627,226.8533172607422,56449500.0
1509667200,227.0117920253018,227.65469503677576,226.5978733229185,227.6106719970703,59589700.0
1509926400,227.4786094907604,228.09509346678615,227.40816723332017,227.96299743652344,49652600.0
1510012800,228.0686506513407,228.40331181076243,227.2936515192266,227.8044586181641,57502200.0
1510099200,227.62833687701408,228.28884390626885,227.3465140942681,228.19195556640625,50469600.0
1510185600,226.97660568483428,227.5578549944969,225.77005714556927,227.36410522460935,95085500.0
1510272000,226.9766097127832,227.4697860674134,226.659552412752,227.29364013671875,59984700.0
1510531200,226.60669469787052,227.7339586804048,226.5714601395151,227.5049743652344,50228600.0
1510617600,226.69481601916388,227.0823156154636,225.9110014660716,226.9766387939453,61315200.0
1510704000,225.99901506856224,226.52742591342928,225.12715464399133,225.8404998779297,80811500.0
1510790400,226.79165758836004,228.1303022131102,226.74763454195505,227.76040649414065,67777000.0
1510876800,227.40810645833247,227.73395220459795,227.01179159735992,227.09104919433597,75756800.0
1511136000,227.3376921656088,227.6723264352788,227.0910771099112,227.47857666015625,48075500.0
1511222400,228.25358882670136,229.1518955064627,227.4433819942431,228.9669342041016,69176800.0
1511308800,228.9757426617305,229.10783867650832,228.5970584606685,228.76438903808597,45033400.0
1511481600,229.25753218672327,229.3984435407644,229.11662083268223,229.2927398681641,27856500.0
1511740800,229.3368447004925,229.6362713209949,228.9757643085663,229.17832946777344,52274900.0
1511827200,229.64502189309005,231.5296540612809,229.54813358303016,231.50323486328125,98971700.0
1511913600,231.63535783369375,232.1725840903844,230.91322404555928,231.3623504638672,77512100.0
1512000000,232.28707934133988,234.30380776124025,232.2078217370556,233.38792419433597,127894400.0
1512086400,233.1678292037002,233.65219034225956,229.645124556422,232.9036102294922,164390900.0
1512345600,234.5327246486292,234.96424710656436,232.5688083202351,232.6216735839844,94040600.0
1512432000,231.78517150878903,233.51128933757013,231.65307545385,231.78517150878903,77994500.0
1512518400,231.8819704878114,232.26068157803005,231.36237489436897,231.82913208007807,75898600.0
1512604800,232.5601043701172,232.8771348113225,231.56493624728316,232.5601043701172,77218600.0
1512691200,233.5200661108114,233.83709659027588,232.52489786788072,233.82830810546875,76563900.0
1512950400,234.5328063964844,234.5944601622756,233.80185719499207,234.5328063964844,83077500.0
1513036800,235.32540049659065,235.42228882148268,234.56803212059685,234.94671630859372,85195800.0
1513123200,235.1932649022316,235.6336027795856,234.83218461767035,234.92025756835935,102905400.0
1513209600,235.21974840686244,235.33424058645025,233.90754977395295,233.96038818359372,100666700.0
1513296000,234.9703445165982,236.3777732983415,234.91723603528484,235.90863037109372,144610300.0
1513555200,237.3160331441036,237.75862178218907,237.2098161931178,237.4045562744141,83653600.0
1513641600,237.6524084575412,237.69665651663823,236.42199905842483,236.49282836914065,82382900.0
1513728000,237.46652303631924,237.51963151737712,236.06795467934637,236.3689117431641,76751500.0
1513814400,236.9974055616347,237.5727925239995,236.6079253164058,236.85577392578125,67032300.0
1513900800,236.8734859693714,236.908900630388,236.25385096220157,236.7938232421875,78720900.0
1514246400,236.38666702805895,236.73189925816763,236.24506238406605,236.51060485839844,45244400.0
1514332800,236.67870356807413,236.98852101630592,236.351192299231,236.62559509277344,57751000.0
1514419200,237.1302086312323,237.15676287515475,236.74072837805517,237.11248779296875,45116100.0
1514505600,237.6967491362837,237.7144429641236,236.02377745391436,236.21849060058597,96007400.0
1514851200,237.0860166004292,237.9446401393272,236.6965362108168,237.9092254638672,86655700.0
1514937600,238.07729869327412,239.56441721024453,238.07729869327412,239.41392517089844,90070400.0
1515024000,240.06008997738857,240.90985260537715,239.475869728938,240.4229888916016,80636400.0
1515110400,241.21973849812952,242.14916410368429,240.72404124003705,242.02525329589844,83524000.0
1515369600,241.927862146671,242.62715994059667,241.6357654554469,242.46783447265625,57319200.0
1515456000,242.8927400198624,243.64514641967597,242.60947669065388,243.0166778564453,57254000.0
1515542400,242.2553714239632,242.91042114233343,241.58265489393824,242.6448516845703,69574300.0
1515628800,243.20251805667613,244.4152069091797,243.0343321706455,244.4152069091797,62361500.0
1515715200,244.68077865980703,246.17670379600776,244.3797945352148,246.008544921875,90816100.0
1516060800,247.27442155857904,247.92944448024053,244.46839607245295,245.16769409179688,106555100.0
1516147200,246.10584155381133,247.89388995981733,245.1675557848365,247.50440979003903,113258800.0
1516233600,247.3893970249723,247.8142649013144,246.59271572988837,247.08843994140625,100728000.0
1516320000,247.6726588922479,248.21263122558597,247.08846550184475,248.21263122558597,140920100.0
1516579200,248.00021246108776,250.23085021972656,247.9470769543213,250.23085021972656,91322400.0
1516665600,250.2751447035761,251.05410543425725,249.9476332630581,250.7620086669922,97084700.0
1516752000,251.40811192237,252.01005317199684,249.47843139345343,250.66456604003903,134816100.0
1516838400,251.53214102121805,251.62949761821608,249.97421936137636,250.7708740234375,84587300.0
1516924800,251.61172720097315,253.71845416424915,251.35501813891216,253.67417907714844,107743100.0
1517184000,253.09879670679024,253.5413854578657,251.83299936194803,251.9923248291016,90118300.0
1517270400,250.1512609817725,252.04552749717865,248.92971125020563,249.40771484375,131796400.0
1517356800,250.2662830007305,250.7708137235107,248.45165263703416,249.5315704345703,108364800.0
1517443200,248.79679266335748,250.55828686352945,248.45156054646696,249.2482147216797,90102500.0
1517529600,247.9205390723849,248.05333732785328,243.7867746620313,243.8221893310547,173174800.0
1517788800,242.05178454355112,244.1762050211697,233.07607223276216,233.6248779296875,294681800.0
1517875200,230.09310440499863,238.7324478107985,228.99549264928768,238.22789001464844,355026800.0
1517961600,237.67014070555837,241.0869126296822,236.85576558145917,236.9354553222656,167376100.0
1518048000,237.236409512231,237.37804114136617,228.0128488891531,228.0482635498047,246449500.0
1518134400,230.85428765675772,233.34163434030648,223.879097946087,231.4739227294922,283565300.0
1518393600,233.53640473629343,236.35129016006147,231.61558438618408,234.8730316162109,143736000.0
1518480000,233.66035054294792,236.00606596487384,233.07613003934924,235.45726013183597,81223600.0
1518566400,233.9612883949318,238.9979510806352,233.9524279746534,238.6350250244141,120735700.0
1518652800,240.38762601432632,241.6888378350452,237.90911315828245,241.6799774169922,111200300.0
1518739200,241.05155317062776,243.70708577955176,241.0072780857276,241.75082397460935,160420100.0
1519084800,240.794864092258,242.2465683386717,239.4405434299217,240.23719787597656,86369700.0
1519171200,240.6797590858948,243.17596614234597,238.94481873353047,239.04217529296875,98883700.0
1519257600,239.9715789044064,241.69765848506884,238.67922756993883,239.35194396972656,110511300.0
1519344000,240.5823656808021,243.1670684814453,240.10436233579068,243.1670684814453,92766400.0
1519603200,244.24696805572884,246.08815198347745,243.6539143870503,245.9907684326172,86491400.0
1519689600,246.17671261007223,246.8937312696568,242.8572968360547,242.9192657470703,99099200.0
1519776000,244.02572986667963,244.4771790418185,240.139814638526,240.45846557617188,121907800.0
1519862400,240.2460372129124,241.8039583136167,235.4572235229527,236.9620361328125,176855100.0
1519948800,235.28018194939543,238.7500898308051,234.4127252391493,238.18356323242188,139083200.0
1520208000,236.98862339949412,241.5561433428676,236.88237938952693,240.9365081787109,97307400.0
1520294400,241.9190311989994,241.9987209561515,240.04245897871405,241.5472717285156,79213200.0
1520380800,239.3697946101281,241.81286698986435,239.17505441192247,241.45880126953125,87063500.0
1520467200,242.1402876695448,242.75106228884852,241.14005981333247,242.6271514892578,66901200.0
1520553600,244.04347419217532,246.84947204589844,243.72479621038616,246.84947204589844,113625300.0
1520812800,247.141491823993,247.76996008946065,246.15007064149015,246.53955078125,71924800.0
1520899200,247.7079764808257,248.2125339519136,244.33545361780867,244.94622802734372,91968900.0
1520985600,245.9111658020039,246.0970455182867,243.1317224234172,243.6893615722656,105895100.0
1521072000,244.202788697156,244.84895102500917,242.9192704343796,243.423828125,83433000.0
1521158400,243.9543500679912,244.74532618861252,243.63442295515176,243.687744140625,100343700.0
1521417600,242.93232466783832,243.86547253585832,238.72865706602397,240.39056396484372,109208400.0
1521504000,240.79049679550815,241.4392740394744,240.1150589591412,240.7993927001953,59757300.0
1521590400,240.7549351835821,242.8612033034769,240.12394976239543,240.3372344970703,78709600.0
1521676800,238.0977199230857,238.95088618591788,234.0540150574928,234.3295440673828,148785900.0
1521763200,234.77390603581736,235.10272912118265,229.13937980811755,229.33489990234372,183534800.0
1522022400,232.96083148145155,235.8936048603416,230.54350521508675,235.6092071533203,141956100.0
1522108800,236.5513114934153,237.0845233676225,230.0369595063443,231.6011199951172,129941400.0
1522195200,231.73447653183675,233.4141756888575,229.805936068776,230.91683959960935,146452300.0
1522281600,232.06327976950888,235.742604967026,230.92571573619423,233.8673858642578,111601600.0
1522627200,233.3341267313607,233.8496010693549,226.33100129597287,228.8194274902344,186286300.0
1522713600,230.06367508621696,232.23216096514292,228.25956882286204,231.7522430419922,119956900.0
1522800000,228.1795808557196,234.9427484032861,228.0462778589105,234.23178100585935,123715300.0
1522886400,236.00029809814023,236.96902969162903,234.9071865537097,236.08030700683597,82652600.0
1522972800,234.10731517346775,235.6092313895433,229.29042683131024,230.81903076171875,179521200.0
1523232000,232.28544231452105,235.36931109609853,231.01457539251092,231.9566192626953,105442900.0
1523318400,234.86272563446352,236.43578208740075,233.71629294022804,235.64480590820312,103529000.0
1523404800,234.15173246967663,236.080272346066,234.080646598862,234.4094696044922,91140200.0
1523491200,235.74259891597,237.28896777987225,235.56484352215045,236.3380279541016,68890500.0
1523577600,237.65332778197416,237.7688660662761,234.6316761875226,235.64480590820312,85079200.0
1523836800,237.28893257422,238.3554105355776,236.46242707108152,237.5821990966797,63405300.0
1523923200,239.3596772805328,240.7283178578896,238.8442300385403,240.12399291992188,64682000.0
1524009600,240.56834851358323,241.11045633921168,239.83958939437989,240.3017425537109,57303900.0
1524096000,239.6441151583976,239.84853118117883,237.92888653789427,238.9687042236328,77655900.0
1524182400,238.89753775059447,239.11971841716232,236.05361436986172,236.9423370361328,99953100.0
1524441600,237.52005070084823,238.07995037247755,235.8225869947709,236.9068298339844,65558000.0
1524528000,237.9377570106557,238.15993770318812,232.20548429465177,233.71632385253903,112885500.0
1524614400,233.65410960169584,234.7383524793565,231.8233428426132,234.2939910888672,103840900.0
1524700800,235.3248564162544,237.51110633985476,234.8804951321761,236.6757049560547,67731900.0
1524787200,237.2889894234884,237.59115192321036,235.9559052132441,236.89794921875,57053600.0
1525046400,237.52006806193205,238.0799677744861,235.00496730897763,235.0760803222656,82182300.0
1525132800,234.50724762517916,235.6003862778874,232.94308704016507,235.4937438964844,74203400.0
1525219200,235.2982246645307,236.1158343393192,233.5207793103564,233.9118194580078,86368900.0
1525305600,233.0764503736481,234.05402375701337,230.22363065600695,233.39637756347656,136311500.0
1525392000,232.41879218087163,237.10237900282848,232.0899690627082,236.4180450439453,91222100.0
1525651200,237.19118913815376,238.19542289991,236.4979594692503,237.2178497314453,55304900.0
1525737600,236.84457430370205,237.5822021325427,235.64479336225904,237.2178497314453,67499200.0
1525824000,237.89323022477123,239.83953465260083,237.368887208924,239.51071166992188,59666100.0
1525910400,240.2573335811905,242.07923170857305,240.1506911779621,241.75038146972656,72063900.0
1525996800,241.87477050732093,242.7545972912786,241.35929615911192,242.4879913330078,59871500.0
1526256000,242.92341219864417,243.58105818948496,242.05245435866271,242.60348510742188,54790600.0
1526342400,241.3682200060753,241.38598469812845,239.9818146192468,240.9327545166016,87036100.0
1526428800,240.96834932158728,242.40807613507093,240.941661596765,241.9459228515625,53942600.0
1526515200,241.67926849356851,242.8257284431464,240.95940523077147,241.74148559570312,56536400.0
1526601600,241.3948068273166,241.75918631554487,240.78158611806143,241.13706970214844,64368000.0
1526860800,242.63020710515173,243.49226925911267,242.23916692469527,242.95013427734372,58025900.0
1526947200,243.4744391534801,243.7321763049873,241.94583517619947,242.274658203125,52966400.0
1527033600,240.99491511925527,242.9678803412767,240.8349244416183,242.94119262695312,64694200.0
1527120000,242.54133134598712,242.81683323146737,240.64834753037584,242.4435577392578,76043800.0
1527206400,241.86587524414065,242.4968607615008,241.359296800416,241.86587524414065,56374800.0
1527552000,240.23052001699727,240.9948352895825,237.96428902637663,239.0840606689453,115908600.0
1527638400,240.3994665104797,242.7190195090593,240.32838063506136,242.274658203125,69678400.0
1527724800,241.865828221754,242.1679906237401,240.1861567634105,240.7904815673828,93519900.0
1527811200,242.09692842686027,243.45667292957708,242.02581543022876,243.15451049804688,71258400.0
1528070400,243.98106765262145,244.5676279515035,243.74112226194265,244.3098907470703,45385200.0
1528156800,244.44318796919043,244.8697846642123,243.6700034958175,244.48764038085935,51135000.0
1528243200,245.10092253561376,246.6383959600368,244.4788055900624,246.53175354003903,62732200.0
1528329600,247.02046393354016,247.313730465625,245.5896064071183,246.50498962402344,72969400.0
1528416000,246.0428643259234,247.2870705774524,245.87400485732357,247.23374938964844,72139700.0
1528675200,247.4559491688854,248.2824547653792,247.3404108791609,247.5625915527344,58892500.0
1528761600,247.98025378701,248.24685970522253,247.23373009435488,247.88250732421875,72329000.0
1528848000,248.1224895664003,248.38022674012535,246.88715201101465,247.0915679931641,79070600.0
1528934400,247.96251007517705,248.2468807047724,247.1182127266504,247.7136688232422,77097600.0
1529020800,246.9245679966758,247.73694057868383,245.808676083498,247.397705078125,120041600.0
1529280000,245.9336449521597,247.0138479531994,245.45159925479797,246.88885498046875,52917600.0
1529366400,244.6034653346898,246.1657137446741,244.18388895769883,245.94253540039065,97531500.0
1529452800,246.6299247084493,247.03165664152763,246.02288612626757,246.36212158203125,53785500.0
1529539200,246.3531406077712,246.37101230855984,244.31775548944287,244.8176727294922,71061400.0
1529625600,246.08537691128512,246.2014340111988,245.04089025551255,245.2640686035156,54898500.0
1529884800,244.10351549820265,244.2641973462492,240.2291432268835,241.92529296875,137854200.0
1529971200,242.49668418220529,243.3179652644712,241.7378723337229,242.46096801757807,68547400.0
1530057600,243.050099654278,244.4873548004746,240.300527797332,240.45230102539065,105110700.0
1530144000,240.3987560284396,242.59482297068087,239.68456909037,241.8271026611328,76650500.0
1530230400,242.92510774038897,244.29989367456903,242.05917486049844,242.17523193359372,97592500.0
1530489600,240.59522973743017,242.8537938555856,240.3541796509745,242.69308471679688,63554800.0
1530576000,243.5946446151051,243.69285723292637,241.40751363832047,241.83599853515625,42187100.0
1530748800,242.96981916632012,243.8714411788599,241.88961633213967,243.80894470214844,56925900.0
1530835200,243.835769172478,246.24607918453088,243.4518816770857,245.87115478515625,66493700.0
1531094400,246.87988393172924,248.1386131156389,246.8352591583759,248.0850524902344,50550400.0
1531180800,248.54028615753973,249.07591952811728,248.24567554417183,248.9777069091797,51966800.0
1531267200,247.41544962325227,248.20997742142603,246.85303596718663,247.15655517578125,77054700.0
1531353600,248.42423893002973,249.4508537056568,247.8172004662524,249.3972930908203,60124700.0
1531440000,249.2187799000535,249.89722347148896,248.76348740654552,249.5937042236328,48216000.0
1531699200,249.63839006039265,249.78120023118984,248.9242029891509,249.3705596923828,48201000.0
1531785600,248.593921809647,250.7721448623109,248.54036118076615,250.3793487548828,52315500.0
1531872000,250.45971012182437,251.01318816102804,250.01335334911744,250.90606689453125,44593500.0
1531958400,250.23654738651987,250.62040769662707,249.47773537676716,249.95980834960935,61412100.0
1532044800,249.7543826734334,250.3882287127835,249.51335989727377,249.67404174804688,82337700.0
1532304000,249.4686793061516,250.3435206824467,249.12050813060813,250.13821411132807,47047600.0
1532390400,251.5576817510002,252.24506116609453,250.52213108130212,251.39697265625,68026900.0
1532476800,251.1470883057952,253.860945096478,251.10246352616215,253.53958129882807,78882900.0
1532563200,252.81639478943035,253.62873984536,252.71818216864335,252.9413604736328,57919500.0
1532649600,253.27171106271624,253.36992370330177,250.298987428106,251.2274169921875,76768700.0
1532908800,251.30771532718475,251.468397173503,249.38836004796903,249.9150848388672,63742500.0
1532995200,250.68290871196805,251.763084560808,250.29904839493213,251.1471099853516,68570500.0
1533081600,251.35235772499237,251.86121085081,250.0757842283887,250.7274475097656,53853300.0
1533168000,249.4151979411364,252.26292848658707,249.2098640613417,252.0933380126953,63426400.0
1533254400,252.218237077034,253.22700726307727,252.03968355539283,253.17344665527344,53935400.0
1533513600,253.2092154041848,254.41435657354248,252.81641936973784,254.1019287109375,39400900.0
1533600000,254.77151057869685,255.3249885717929,254.63758176327744,254.94110107421875,43196600.0
1533686400,254.77145411573943,255.23565521016312,254.3697222454201,254.83392333984372,42114600.0
1533772800,254.89646513549224,255.28926122502727,254.3519230188585,254.4858245849609,35717000.0
1533859200,253.0395798937138,253.5841218956664,252.06649848358063,252.7806854248047,77076000.0
1534118400,253.05750107107716,253.6734755756218,251.5398771988893,251.83448791503903,65732900.0
1534204800,252.56647304979376,253.68236473765023,252.1736769961924,253.4413146972656,43842000.0
1534291200,252.08446171454167,252.22729915464987,250.10263650365675,251.548828125,102925400.0
1534377600,252.99494291766493,254.4590058015799,252.95922675762003,253.58413696289065,69967900.0
1534464000,253.37886601654264,254.92327021148265,252.9682254261224,254.47691345214844,65618500.0
1534723200,254.9321160532297,255.2891958859285,254.47682360155784,255.0213928222656,39807500.0
1534809600,255.53918116724145,256.48545508221895,255.0571083588828,255.61952209472656,67272000.0
1534896000,255.20889419931925,255.99448629809032,254.94106385103868,255.46778869628903,44993300.0
1534982400,255.28909974643648,256.15503231743764,254.8070271699424,255.12841796875,49204900.0
1535068800,255.7088829377042,256.8069304612145,255.65532230177263,256.6640930175781,57487400.0
1535328000,257.86918239877394,258.7976119728472,257.7085005234876,258.69049072265625,57072400.0
1535414400,259.1546989430114,259.26184743957043,258.3512623012562,258.81549072265625,46943500.0
1535500800,259.02965043564234,260.4401252231446,258.7886276931891,260.2080383300781,61485500.0
1535587200,259.72598209653256,260.10090638638184,258.5565299772134,259.1546325683594,61229500.0
1535673600,258.74405884952625,259.6099919716104,258.2530773574325,259.16363525390625,66140800.0
1536019200,258.7440654702594,259.0743650908598,257.7085145894739,258.71728515625,57594400.0
1536105600,258.3602316014754,258.5655655254817,257.00331681402923,258.02099609375,72452400.0
1536192000,258.1279176371892,258.4314367399266,256.20859043972484,257.244140625,65909900.0
1536278400,256.1907849976114,257.7262524380589,255.94973505326905,256.7442626953125,73524800.0
1536537600,257.7619960994473,258.0298264007858,256.9942758378545,257.190673828125,50210900.0
1536624000,256.53903592361934,258.48514452531043,256.1908918770728,258.0387878417969,50530500.0
1536710400,258.0478187522551,258.70841816930084,257.3068783717952,258.10137939453125,59810800.0
1536796800,259.1725423412055,259.8152970330997,258.8868675351527,259.6278076171875,51034200.0
1536883200,259.833106156666,260.0205683036356,258.8868323283208,259.67242431640625,55079900.0
1537142400,259.6189553241863,259.65464425009753,258.02099047737335,258.2977294921875,68244000.0
1537228800,258.51201636544994,260.29744373165323,258.4852360446953,259.6993408203125,61930400.0
1537315200,259.7528043286965,260.3955590299135,259.6278113829421,259.9759826660156,49080600.0
1537401600,261.2436990574307,262.4042157426579,259.99387832754934,262.08282470703125,100360600.0
1537488000,262.829880651149,262.9464631625298,261.6820355162084,261.84344482421875,105479700.0
1537747200,261.2605093299435,261.4039933650324,260.39065618187914,260.9735412597656,53409600.0
1537833600,261.4308517286274,261.5384578954745,260.4892704019376,260.7313842773437,44370000.0
1537920000,260.87491969756053,262.06759143751765,259.52978761334094,259.9512634277344,79739700.0
1538006400,260.4265830728511,261.7717153674803,260.1485912546373,260.6776733398437,59249500.0
1538092800,260.04982714031865,261.2066481010881,260.01397666461173,260.7044677734375,70091400.0
1538352000,261.9510038096576,262.6863492359766,260.9376939808406,261.6102600097656,62078900.0
1538438400,261.45782470703125,262.1752175932064,261.0812030201638,261.45782470703125,47258200.0
1538524800,262.51587593071105,262.93735159600226,261.24250000018696,261.6011962890625,64694600.0
1538611200,261.11707689666093,261.1708799996041,257.96050960125,259.5567321777344,111545900.0
1538697600,259.78077762442024,260.3008831216245,256.6690388420152,258.1038513183594,105951700.0
1538956800,257.4133329334366,258.4625475957525,256.02337459599886,258.1038513183594,87742200.0
1539043200,257.7182849512629,259.0364877740068,257.1622741816713,257.72723388671875,74339000.0
1539129600,257.21611888988895,257.2878745857994,249.19018135871417,249.5668029785156,214731000.0
1539216000,248.47274298254743,250.10484285988383,242.446551207348,244.0697021484375,274840500.0
1539302400,248.19472950164527,248.4816975054959,244.2490152324118,247.45941162109372,183186500.0
1539561600,247.10067436144524,248.43685708302385,245.97973131432065,246.0694122314453,102263700.0
1539648000,248.04226498443964,251.8265695322442,247.56698626153684,251.44992065429688,118255800.0
1539734400,251.4858967422734,252.12258493299248,248.90323876099075,251.494873046875,110626000.0
1539820800,250.5532091351138,251.15404670902103,246.5805931522614,247.86294555664065,134557500.0
1539907200,248.51761831226528,250.46356055997816,247.0290023225549,247.7284698486328,139901600.0
1540166400,248.40104918943825,248.72386774186043,246.07845782579625,246.61651611328125,82415800.0
1540252800,242.97569480941436,246.49095787760152,240.87726474680275,245.3610382080078,146352700.0
1540339200,245.10997392998416,245.49559928721416,237.3710031049892,237.92698669433597,177806700.0
1540425600,239.7742441403292,243.746860364374,238.74298184599124,242.19546508789065,138061500.0
1540512000,238.4650224429869,243.0205242886372,235.20979849541715,237.9359130859375,201574600.0
1540771200,241.0475838941933,242.3478887862872,233.02164803067845,236.61761474609372,160749100.0
1540857600,236.4472454672982,240.4377861403637,235.954014125612,240.12391662597656,157116000.0
1540944000,242.7066154246505,245.02025750754385,242.2313366040216,242.68869018554688,128296300.0
1541030400,243.5584971054841,245.46858832944173,242.46445565812104,245.27130126953125,99495000.0
1541116800,246.38326209029853,246.8137140380718,241.7560062771288,243.8185577392578,122634100.0
1541376000,244.3117990817488,245.7197102200329,243.33433995711144,245.16372680664065,65622500.0
1541462400,245.10095593404785,246.87651239759532,245.03817654860737,246.7151031494141,60085900.0
1541548800,248.9032553646291,252.07777495895087,248.47280321677363,251.9970703125,102752100.0
1541635200,251.18998636130024,252.18539846944165,250.3918887804098,251.53973388671875,65584900.0
1541721600,250.2213418210016,250.4096525542219,247.66558668879523,249.0824737548828,98812600.0
1541980800,248.57146966864715,248.8135836169559,243.9083336781278,244.428466796875,99673600.0
1542067200,244.89469490312644,246.90341632239995,243.24466982775505,243.97103881835935,98176600.0
1542153600,245.85428753841268,246.2578107591162,240.73382553707413,242.3031463623047,125335900.0
1542240000,241.02975388164904,245.2983154840506,239.4425077387957,244.8319854736328,135101400.0
1542326400,243.72892194802944,246.383307700412,243.2087889940041,245.4686279296875,126668000.0
1542585600,244.85881437718567,245.15475869857715,240.3929943159732,241.316650390625,103061700.0
1542672000,237.96278173895303,239.43347238327823,235.98096178379672,236.85081481933597,136021300.0
1542758400,238.41109200519855,239.5679127485841,237.648872721416,237.65782165527344,75563700.0
1542931200,236.00785354866957,237.4785441320641,235.9092236852056,236.0706329345703,42807900.0
1543190400,238.3394473779668,240.1060551153165,237.94487314660483,239.88186645507807,79981400.0
1543276800,238.84159171656168,240.68890380859372,238.23180522083328,240.68890380859372,75502400.0
1543363200,241.7650450951947,246.2308654785156,240.62614924099157,246.2308654785156,127629600.0
1543449600,245.45072980159745,247.1007552229078,244.302884840391,245.69287109375,82346400.0
1543536000,245.54029821091308,247.75528247635424,245.2174797917087,247.19032287597656,98204200.0
1543795200,251.3424220426582,251.45002823474667,248.8584212193384,250.46359252929688,103176300.0
1543881600,249.6295581720184,250.060010205415,242.03404608548595,242.3479156494141,177986000.0
1544054400,238.464962387548,242.0968070699821,235.34424695787425,241.980224609375,204185400.0
1544140800,241.639412687435,243.217709056381,235.51459269069545,236.3575439453125,161018900.0
1544400000,236.17819969997268,237.7833977233812,231.91861634054064,236.80593872070312,151445900.0
1544486400,240.0252831103145,240.2135938693605,235.3801019420316,236.8597412109375,121504400.0
1544572800,239.85494515401493,241.2269785469903,237.97175508977213,238.05245971679688,97976700.0
1544659200,239.003048913934,239.8729020534912,236.8508431422117,237.97178649902344,96662700.0
1544745600,235.81056198508924,236.7700958938637,233.02166855130375,233.57765197753903,116961100.0
1545004800,232.61807506826585,233.7390180161341,227.3541313637599,228.9951934814453,165492300.0
1545091200,230.64526947903704,231.3178353573389,227.1299797803979,228.744140625,134515100.0
1545177600,228.8248560421202,232.61812394335692,223.60575169562688,225.31854248046875,214992800.0
1545264000,224.06307434667275,225.64135730141385,219.39097749713997,221.6508026123047,252053400.0
1545350400,222.5573337538015,225.23624896094057,216.4598638823061,217.1092987060547,255345600.0
1545609600,215.61194448936976,217.23553120697704,211.3094568918252,211.37258911132807,147311600.0
1545782400,212.8428626949543,222.05218505859372,210.84945610461992,222.05218505859372,218485400.0
1545868800,218.7960065315845,223.955383404632,215.53981783029224,223.7569580078125,186267300.0
1545955200,225.11895295182256,226.76056968851728,222.29571624702515,223.4683074951172,153100200.0
1546214400,225.10098747859115,225.6692465049767,223.21582862265169,225.4257049560547,144299400.0
1546387200,221.871780885488,226.58920454490053,221.8447222518487,225.6601409912109,126925200.0
1546473600,223.90127863993405,224.20796611751248,219.7882008429833,220.27528381347656,144140700.0
1546560000,223.324003825679,228.3029992354066,222.9451691632304,227.653564453125,142628800.0
1546819200,227.92414957546535,230.8646358171542,227.0221584109027,229.44851684570312,103139100.0
1546905600,231.6494099037349,232.0913768277069,229.10578785736212,231.6042938232422,102512600.0
1546992000,232.31684108762,233.5345346595669,231.08111760203465,232.6866607666016,95006600.0
1547078400,231.14427946693232,233.76004850664492,230.45875732938188,233.5074920654297,96823900.0
1547164800,232.42508171229733,233.6247454020377,231.8387929479501,233.59768676757807,73858100.0
1547424000,231.68546339558424,232.9843330208836,231.2795838417963,232.17254638671875,70908200.0
1547510400,232.55138311264065,235.14912223234737,232.54235439192612,234.8334197998047,85208300.0
1547596800,235.26641266261203,236.2946961059592,235.0589722506551,235.4017333984375,77636700.0
1547683200,234.5267491913682,238.05353821394252,234.4816331137865,237.18760681152344,96118400.0
1547769600,239.00962940531736,240.81361173980105,237.22367698460755,240.3445587158203,127900300.0
1548115200,238.86531944582316,239.08178852826552,235.47382367909336,237.09739685058597,115531200.0
1548201600,238.13473667306985,238.8382888000444,235.1130602524596,237.59353637695312,86030300.0
1548288000,237.41309863071697,238.3060886465235,236.39384415936024,237.7197723388672,59204100.0
1548374400,239.57789631532813,240.5610910571025,237.81902979382204,239.7312469482422,96883400.0
1548633600,237.5754626244623,237.972313406694,236.13227127663515,237.90919494628903,85613700.0
1548720000,238.0535607576409,238.6217921656434,236.75469105759703,237.59353637695312,66136300.0
1548806400,239.1178767655653,242.20267130808887,238.3511787269728,241.35479736328125,92473700.0
1548892800,241.2916536882626,243.961539700097,241.0751571010545,243.47445678710935,104012100.0
1548979200,243.67285068734785,244.6199577048772,242.797918361014,243.5916748046875,85782500.0
1549238400,243.6368223007865,245.3686574630416,242.96032892166255,245.30551147460935,60744800.0
1549324800,245.73854466430265,246.640536084293,245.2334316712355,246.3338623046875,79552800.0
1549411200,246.05421031848053,246.55029451454607,245.26948230486173,246.00909423828125,58347800.0
1549497600,244.3855530594077,244.93575460276224,241.99528134551989,243.6639709472656,95482000.0
1549584000,242.410106808138,244.06073840047424,241.58026288894916,243.96153259277344,75788900.0
1549843200,244.62004841389685,244.8816060683768,243.5647064948161,244.0968780517578,68021400.0
1549929600,245.72047061909444,247.61463023964689,245.64829590356388,247.23580932617188,72270200.0
1550016000,248.0746463165227,248.88643291634213,247.6507093383321,248.0385589599609,65277200.0
1550102400,246.94717252724703,248.6248906285988,246.126357155966,247.4883728027344,83234400.0
1550188800,249.2743435976597,250.2214511349326,249.0669031814395,250.18536376953125,97088700.0
1550534400,249.3825472827579,251.27670686045917,249.37351856187368,250.61827087402344,59120800.0
1550620800,250.5821975489618,251.5834221925955,250.0770846297449,251.12339782714844,76610800.0
1550707200,250.48299469503,250.84378570924295,249.2653009362949,250.23043823242188,64214700.0
1550793600,250.85281330803056,251.98030255024048,250.2124071259013,251.78189086914065,78114600.0
1551052800,253.21595596107932,253.73909865545977,252.04335108668252,252.12452697753903,69030700.0
1551139200,251.77286381668557,252.82817833950187,251.56539588516935,251.9442443847656,56844100.0
1551225600,251.22265393385223,252.18779141167147,250.28460262562328,251.8360290527344,56921600.0
1551312000,251.61954565922187,252.06154022025876,251.04228540266683,251.3669891357422,69268300.0
1551398400,252.9544160229478,253.35129435573077,251.49319467342292,252.93638610839844,78880500.0
1551657600,254.00082613764943,254.24435394672037,249.7073375485633,252.0164337158203,106494600.0
1551744000,252.1426064682125,252.3410456165227,251.12335209400956,251.67355346679688,59114600.0
1551830400,251.79086170211065,251.7998904234693,249.8245273071946,250.14923095703125,75039800.0
1551916800,249.6982438999333,249.8425658136861,247.20876658582137,248.056640625,94885100.0
1552003200,246.18951471032068,247.73191217027107,245.72048913039288,247.5605316162109,85795800.0
1552262400,248.28208077163853,251.312757676571,248.2550221395082,251.15040588378903,65098900.0
1552348800,251.70963882951136,252.62065866590467,251.520228402444,252.0974884033203,79667500.0
1552435200,252.990551239176,254.70432934953868,252.82817187116447,253.7662506103516,80639200.0
1552521600,253.79332284531736,254.21725991612664,253.1619453637803,253.6039123535156,67518400.0
1552608000,254.1592441922558,255.6721891602864,253.96897177403304,254.85682678222656,81309000.0
1552867200,255.07423275441627,256.07986748516424,254.84774168372408,255.7808837890625,62199800.0
1552953600,256.8499646508515,257.62001223888063,254.9474339645436,255.8443298339844,90268100.0
1553040000,255.6268866008704,256.8408754280103,253.9599156301185,255.07423400878903,84609200.0
1553126400,254.2498098836838,258.3628675022641,254.20449508435564,257.9552001953125,79550400.0
1553212800,256.587234528175,257.11268170704545,252.9271306670642,252.9905548095703,122659300.0
1553472000,252.64623636947988,253.8421157694988,251.53191807895504,252.80026245117188,85575200.0
1553558400,254.56692784597627,255.64502769353783,253.2714053897769,254.6847076416016,68125900.0
1553644800,254.6756053803267,255.26450428036517,251.79464560653292,253.3529052734375,72224700.0
1553731200,253.9870375860155,254.76615343069315,252.82740465935424,254.31317138671875,56238500.0
1553817600,255.8352451037486,256.2429124072712,254.70278984757456,255.91677856445312,82186800.0
1554076800,257.9280961154521,259.2507965025504,257.6562901852758,258.9518127441406,77617900.0
1554163200,259.142006893001,259.3141423024182,258.28132984591485,259.0785827636719,40070400.0
1554249600,260.30169053190303,260.7003170682269,258.87931982946725,259.486328125,68243200.0
1554336000,259.8125159450582,260.42856521164214,259.1149331856479,260.1748962402344,48997500.0
1554422400,260.84527175957334,261.4884987164008,260.5553565277104,261.43414306640625,58621700.0
1554681600,261.00836619810804,261.74219519815694,260.3470021897376,261.63348388671875,53566300.0
1554768000,260.6640817833824,260.99021570081044,259.7400080361632,260.2926330566406,66142300.0
1554854400,260.709392243547,261.27111345349385,260.292656318089,261.1805114746094,52601500.0
1554940800,261.66957290134417,261.678641388751,260.5371178885928,261.1078796386719,55093100.0
1555027200,262.7295846649803,263.1553888908677,261.1532160042959,262.8745422363281,69727800.0
1555286400,262.947054006569,263.04672445053893,261.8961321630898,262.70245361328125,49596700.0
1555372800,263.59026160491123,263.64461723818795,262.27660262245445,262.8745422363281,52153200.0
1555459200,263.9980902875036,264.025268120761,261.81471218966885,262.2314758300781,58268300.0
1555545600,262.8202953739656,263.01960866107805,261.51570433974626,262.747802734375,68708500.0
1555891200,261.97773497034507,263.1282997930774,261.8871330017258,262.9742736816406,40160100.0
1555977600,263.34561322520415,265.57430460837486,263.1100813818444,265.3387451171875,52246600.0
1556064000,265.2572461497418,265.5924484551816,264.60495086829656,264.7499084472656,50392900.0
1556150400,264.650307686386,265.2482474891075,263.3910315873173,264.5868835449219,57770900.0
1556236800,264.6321891708936,265.8914652262722,263.85304546183204,265.8190002441406,50916400.0
1556496000,265.90961438473227,266.7612231149239,265.8190124170406,266.2357482910156,57197700.0
1556582400,265.89142211494794,266.66149720844487,264.46907934451207,266.37158203125,81111700.0
1556668800,267.00571282193994,267.21409449643454,264.3602857606866,264.3693542480469,71671900.0
1556755200,264.25162711248925,265.1757282767365,262.29474115317083,263.79864501953125,65030200.0
1556841600,265.2844368396102,266.66149243488536,263.90735359650245,266.3806457519531,56543700.0
1557100800,262.050185531696,265.7283985428895,261.7330924829026,265.28448486328125,107198100.0
1557187200,262.8655818010737,263.46352166073507,258.9336993734588,260.8543395996094,144729900.0
1557273600,260.4919128417969,262.21323947409326,259.89397308888283,260.4919128417969,91568300.0
1557360000,258.4081826437886,260.31068537441627,256.65965069887955,259.7037048339844,103471100.0
1557446400,258.7614390228064,261.7692462053134,255.7536318402993,261.0082397460937,112429300.0
1557705600,255.8624262940148,256.83178699371405,253.60655659347677,254.4490966796875,127290500.0
1557792000,255.47280095807665,258.290363611464,255.3459803643009,256.7502136230469,77003200.0
1557878400,255.11048368418645,258.89740781921626,254.9021019421574,258.2541809082031,73956400.0
1557964800,258.96085743703736,262.0139530019908,258.8883924510217,260.6459655761719,76749600.0
1558051200,258.3266874922882,261.4613163953693,258.3085505107098,258.9608459472656,100353000.0
1558310400,257.34826953142215,259.06959652425104,256.4966607032509,257.2486267089844,62877600.0
1558396800,258.95179428463933,259.94836066189526,258.698125356596,259.56787109375,46847100.0
1558483200,258.60753241919565,259.73091935569033,258.2904393700064,258.7705993652344,49482500.0
1558569600,256.53277696675195,256.578064108929,254.1863334567228,255.60870361328125,98733800.0
1558656000,257.0582554279285,257.4750188374565,255.56342013119556,256.18853759765625,55268100.0
1559001600,256.4694301963673,257.429750141893,253.7877836115692,253.80589294433597,70029400.0
1559088000,252.68250681590573,253.09017416314805,250.68937429215552,252.1026763916016,104972900.0
1559174400,252.86366370403368,253.7062314527524,251.68592126072213,252.79119873046875,62523800.0
1559260800,250.22728744693768,251.0607589093987,249.3575420324184,249.3847198486328,86862800.0
1559520000,249.4210456479857,250.5444326066641,247.40980366361237,248.75064086914065,96428000.0
1559606400,251.06072974967157,254.2859592557187,250.60774776682416,254.1500701904297,77231900.0
1559692800,255.78083121310064,256.3787708345613,253.9598621795654,256.3515930175781,71169700.0
1559779200,256.6505677496902,258.6980277363412,255.99827251688947,258.0185546875,69430400.0
1559865600,259.0422961362471,261.6877233472592,258.8701607536216,260.6005554199219,74272200.0
1560124800,262.158827865269,263.47248687276806,261.705845814108,261.79644775390625,60799100.0
1560211200,263.6265554215615,263.99800412007187,261.08079782859954,261.73309326171875,58641300.0
1560297600,261.4976092914361,262.0593028636678,260.75471175816847,261.2711181640625,47096300.0
1560384000,262.1859626648318,262.7114372407474,261.479311886876,262.3490295410156,48945200.0
1560470400,262.05926513671875,262.6662457879051,261.28918988494263,262.05926513671875,52324700.0
1560729600,262.29476362168003,262.9289496652795,261.9867390898228,262.15887451171875,39205700.0
1560816000,263.98898643271485,265.9639822389526,263.62657854531994,264.90399169921875,85434800.0
1560902400,265.03990238448847,266.0364688601789,264.0614728933466,265.501953125,78674400.0
1560988800,268.2016687988333,268.4462691972053,265.5653094694826,268.03857421875,116570000.0
1561075200,267.7672478598068,269.03264825796504,267.4304152599149,267.6488952636719,83309500.0
1561334400,267.85831275191043,268.17692018981023,267.16642230602133,267.3211975097656,47582700.0
1561420800,267.37580154083787,267.4031115419492,264.5900702982894,264.6993103027344,82028700.0
1561507200,265.6006064379724,266.1104117204618,264.32609323174887,264.4353332519531,51584900.0
1561593600,265.20004372966457,265.8828216448209,264.8177036552676,265.3730163574219,40355200.0
1561680000,266.3561880748382,267.23924856917114,265.8372980055396,266.7385559082031,59350900.0
1561939200,270.08872419592666,270.3072320167301,267.9493478779395,269.16015625,78705600.0
1562025600,269.11463447435807,269.91576503188,268.26799650064737,269.86114501953125,61504500.0
1562112000,270.54391144014073,272.0369324669347,270.3982488193093,272.0187072753906,40898900.0
1562284800,270.7806604129186,271.87311635447446,269.4788369932192,271.709228515625,51677300.0
1562544000,270.38915914617195,271.52712230505483,269.669958650713,270.2161865234375,45841800.0
1562630400,269.05093362438123,270.85344962313894,268.9963136112253,270.55303955078125,41101300.0
1562716800,271.6271621241381,272.8015475043953,271.0900470202487,271.8456420898437,58448500.0
1562803200,272.49205326744413,272.7287306607815,271.4724429451667,272.4829406738281,50826100.0
1562889600,272.97462602040343,273.7757565819914,272.66510335475454,273.7029113769531,40326000.0
1563148800,274.1399516819768,274.1399516819768,273.2842009441241,273.79400634765625,33900000.0
1563235200,273.7029066235017,273.9123018564683,272.60136601160167,272.910888671875,36650100.0
1563321600,272.88365675195547,273.0475168338763,271.0538024902344,271.0538024902344,36036300.0
1563408000,270.5529968955136,272.42835780434785,270.106924264299,272.0459899902344,51392600.0
1563494400,273.1476103249124,273.17492033239216,270.3618784327444,270.53485107421875,58678600.0
1563753600,270.93535610903245,271.7455992043097,270.4164660291225,271.1993713378906,43638100.0
1563840000,272.3283038130535,273.1385192871094,271.4907505470533,273.1385192871094,44564500.0
1563926400,272.37375497654665,274.4220886230469,272.2827123691304,274.4220886230469,47213200.0
1564012800,273.96689549650995,274.0215155029297,272.30090195380154,273.11114501953125,55394100.0
1564099200,273.8030767632242,275.1413226869023,273.67561154082324,274.9410400390625,45084100.0
1564358400,274.8226449253915,274.9409975329503,273.88496444235926,274.4402770996094,38126500.0
1564444800,273.0292341593906,274.176309939262,272.646866305332,273.7666320800781,45849000.0
1564531200,274.0124319342064,274.20362975923155,268.7414062802214,270.7715148925781,104245200.0
1564617600,270.926205121177,273.90310598170294,267.6124439146546,268.41357421875,142646600.0
1564704000,267.5124356398986,267.75822572716487,264.826830963095,266.3926696777344,116749700.0
1564963200,262.268588497452,262.3778284933262,256.4695338639791,258.3813171386719,178745400.0
1565049600,260.2840527430889,262.22314650042455,258.8001442702995,262.004638671875,120711700.0
1565136000,258.90942424478976,262.9332750052981,256.76096270571674,262.1594543457031,140572300.0
1565222400,263.66143635621785,267.30291748046875,263.10612382027176,267.30291748046875,87713900.0
1565308800,266.3562478999975,266.95709589749475,263.6888684095593,265.4822998046875,93730000.0
1565568000,263.9711051363068,265.473211375645,261.2946128048408,262.2505187988281,65527600.0
1565654400,261.95003792032173,267.78551703113726,261.604092633462,266.32891845703125,94299800.0
1565740800,262.25045052599626,262.86038323528885,258.32675568526605,258.4541931152344,135622100.0
1565827200,259.3463581117969,260.0382485971448,257.0795444079544,259.136962890625,99556600.0
1565913600,260.80296699799425,263.3975008578796,259.1915933324982,262.9605407714844,83018300.0
1566172800,266.00119415157053,266.81140955800635,265.31841618536106,266.1286315917969,53571800.0
1566259200,265.618771127822,266.15588634919953,263.96191805497773,264.08935546875,51596400.0
1566345600,266.2651640066054,266.61108144669385,265.5732735618248,266.23785400390625,49524700.0
1566432000,266.9479906117566,267.5852333852231,264.37162616328294,266.15594482421875,51666400.0
1566518400,264.84501728262177,266.52009579017056,258.06274545305905,259.3190612792969,149161500.0
1566777600,261.5220956296705,262.1866760253906,259.9835674262431,262.1866760253906,72423800.0
1566864000,263.5886910413228,263.9619462925079,260.39328159061193,261.1579895019531,66668900.0
1566950400,260.4935200373554,263.16089987493484,259.6832766712147,262.9970397949219,59696700.0
1567036800,265.5733262684983,266.8842622228338,264.56280040347383,266.3562316894531,57899400.0
1567123200,267.849199727759,267.86739713545785,265.30017353483345,266.23785400390625,62901200.0
1567468800,264.5263438927749,265.4457991399068,263.34284565822065,264.6810913085937,69101400.0
1567555200,266.866035832619,267.7035611788655,266.1104127195289,267.68536376953125,46887300.0
1567641600,270.1888150430505,272.045950492536,267.6488740712899,271.1264953613281,83258100.0
1567728000,271.4451442458913,271.9822594279385,270.76236647141275,271.3358764648437,49584300.0
1567987200,272.3282541844799,272.4192690118055,270.5257105301094,271.4725036621094,51260300.0
1568073600,270.7077798381701,271.47251556675025,269.4423791904322,271.4087829589844,57947100.0
1568160000,271.7183473970211,273.42073618250896,271.06287937339005,273.3388061523437,68821100.0
1568246400,274.24906935012825,275.35060970025864,273.4843615860651,274.2854919433594,72908700.0
1568332800,274.7316124667751,275.0866703025638,273.73019934541327,274.1034545898437,62104800.0
1568592000,272.96548019983885,274.14897848806294,272.6104501609831,273.2568054199219,58191200.0
1568678400,273.0565268697463,274.03971477428865,272.8835542541403,273.9486999511719,41475500.0
1568764800,273.5572388610056,274.2218193670064,271.5089051146563,274.1125793457031,73375800.0
1568851200,274.504068786209,275.5054820861365,273.75755816423504,274.0943908691406,76560500.0
1568937600,274.7016807950428,274.9852246683,272.0037018100629,272.79937744140625,89565000.0
1569196800,272.1317288269249,273.4578734913774,271.8756489915848,272.7353515625,43476800.0
1569283200,273.8328171304653,274.2260775570191,269.6257678844937,270.59521484375,94869400.0
1569369600,270.67751192476294,272.6438418860954,269.18675074472736,272.1957092285156,71854000.0
1569456000,272.20484858560644,272.41518288539714,270.2110826127758,271.628662109375,56179700.0
1569542400,272.3878154617531,272.4975878887323,268.60149009394974,270.1654052734375,84746600.0
1569801600,270.68671677005966,272.1317327379734,270.6409991922596,271.4183654785156,51662400.0
1569888000,272.3054975725837,272.9639925584339,267.9704218635913,268.1899108886719,88242400.0
1569974400,266.5984700952946,266.60762477180106,262.15365136660813,263.45233154296875,122539500.0
1570060800,263.22375473177806,265.6382454520566,260.4891851797134,265.6108093261719,85278800.0
1570147200,266.2692104939818,269.4610662938824,266.2143103509388,269.2049865722656,65091200.0
1570406400,268.400185008061,270.0372812108232,267.7599716809966,268.0434875488281,59610500.0
1570492800,266.17779327299803,266.9185964491006,263.8456113503111,263.8822021484375,95708100.0
1570579200,265.9126452235803,267.33022511727785,265.2815863262284,266.3882141113281,62359400.0
1570665600,266.3058889951076,269.0770495791839,266.14127222629713,268.1899108886719,55296300.0
1570752000,270.9610296480038,273.2200302177937,270.8421583848394,270.9701843261719,98720400.0
1571011200,270.650025608119,271.3268297186307,270.32079218457187,270.6683349609375,40394800.0
1571097600,271.7202326975132,274.09813323251376,271.6013334841712,273.3481750488281,46754500.0
1571184000,272.8816214953543,273.6041432510985,272.470079667856,272.9090576171875,48928200.0
1571270400,274.07975253807456,274.5919121617814,273.0188424859372,273.71392822265625,45736600.0
1571356800,273.1743335576567,273.82367381339776,271.65613612756715,272.5158386230469,64304000.0
1571616000,273.841964374201,274.56445827948056,273.4029584777263,274.3632507324219,39048600.0
1571702400,274.90281031710094,275.1954808762855,273.37548642432034,273.4669494628906,48594700.0
1571788800,273.2109398753011,274.3175675676159,273.0005776236182,274.2626953125,34352200.0
1571875200,275.20475475856654,275.3510901015441,273.8786099013784,274.7108764648437,35453100.0
1571961600,274.134600490666,276.38447425674264,274.0797282437474,275.8357238769531,45205400.0
1572220800,277.0612084630626,277.89347462896325,277.03377234377353,277.39044189453125,42147000.0
1572307200,277.11614414249385,278.2410811120785,276.9880902827629,277.3081970214844,44284900.0
1572393600,277.5094147789489,278.53373405202126,276.19242488196835,278.1587829589844,49643900.0
1572480000,278.1495535604859,278.1495535604859,275.9545802920238,277.4178771972656,69053800.0
1572566400,278.87213277674687,280.0336326103078,278.70748811693244,279.9879150390625,71141500.0
1572825600,281.5518293939142,281.6890100179708,280.7378445068368,281.1128234863281,60606900.0
1572912000,281.3139477820496,281.6157729762523,280.5091178116382,280.8017883300781,42933200.0
1572998400,280.80190934255864,281.1402975644482,279.91477063975765,280.8659362792969,46487100.0
1573084800,282.2103352422951,283.1980636844052,281.3780688766085,281.8536376953125,54272300.0
1573171200,281.50601670441193,282.60351725605346,280.801804395311,282.54864501953125,49032100.0
1573430400,281.1585465264149,282.18286565175106,281.0213380027051,282.00909423828125,35797300.0
1573516800,282.37496348260674,283.5090272790454,281.826213032179,282.6036071777344,46484600.0
1573603200,281.6066309446851,283.0973918099148,281.37798732512465,282.6949768066406,53917700.0
1573689600,282.41154008138227,283.18893418782886,281.7713266029895,283.1065979003906,51219900.0
1573776000,284.4509721221235,285.20092996650834,283.75591442957733,285.1552124023437,62023600.0
1574035200,284.9174374246709,285.6033684069385,284.46015010315915,285.3655700683594,49228000.0
1574121600,285.96916455738545,285.9783192343083,284.633893524862,285.2832336425781,67804700.0
1574208000,284.6887930724208,285.2101073162226,282.6584362534162,284.22235107421875,79406200.0
1574294400,284.33213542963733,284.44187992545085,282.96027341075984,283.7650756835937,54664700.0
1574380800,284.51507839192874,284.65225903328314,283.38101454258776,284.39617919921875,44850200.0
1574640000,285.3289452446322,286.6001892089844,285.3289452446322,286.6001892089844,48647200.0
1574726400,286.63688431817883,287.43255990877515,286.3167775639853,287.2496337890625,37569000.0
1574812800,287.73426501573186,288.52996826171875,287.51477607096206,288.52996826171875,44444600.0
1574985600,287.9629964103619,288.2099494590996,287.2313477643843,287.4599914550781,36592700.0
1575244800,287.7160757698264,287.7801027027671,284.58824566218,285.0180969238281,75767800.0
1575331200,282.2834862214614,283.18893418782886,280.8933426728387,283.1065979003906,73941700.0
1575417600,284.15830540343643,285.45698555019794,283.8107626313007,284.8533630371094,49080000.0
1575504000,285.5576508390285,285.5759322840719,284.04858034955737,285.3655700683594,40709000.0
1575590400,287.2860846320268,288.37443031968866,287.27692995731906,287.9720153808594,48927000.0
1575849600,287.5788710251542,288.2556473720532,286.9935298198109,287.06671142578125,34838500.0
1575936000,287.0117248509485,287.67934625351575,286.08799584010563,286.7464904785156,52649800.0
1576022400,287.2039408368966,287.8167182709219,286.6643450212732,287.5606384277344,53429100.0
1576108800,287.5697300446449,290.82561390029235,287.3319595904277,290.0390930175781,96389600.0
1576195200,289.8012293659603,291.44748028058166,289.0238354266058,290.2127990722656,81503900.0
1576454400,291.9504937245795,292.8010413713946,290.1487807152977,292.2065734863281,82749700.0
1576540800,292.59070604393224,292.89250336861267,292.1882910039579,292.2705993652344,61097700.0
1576627200,292.6638888689952,292.89253253217413,292.23403766579474,292.2889099121094,48133000.0
1576713600,292.4809618149106,293.5601811136339,292.22488202941423,293.48699951171875,85310500.0
1576800000,294.5255754787754,295.91338209132607,293.54219052237613,294.77374267578125,147142100.0
1577059200,295.5641119242399,295.61925395392154,295.0770052968334,295.2240600585937,52990000.0
1577145600,295.4538444983316,295.49978684304347,294.92996713903483,295.2332763671875,20270000.0
1577318400,295.61932163537074,296.81413133028747,295.6101499935426,296.804931640625,30911200.0
1577404800,297.5401410113286,297.59528304685966,296.1983047336887,296.7313537597656,42528800.0
1577664000,296.81408482459085,296.9519399087571,294.60829128661146,295.09539794921875,49729100.0
1577750400,294.58987305968,296.06039250161814,294.2406215368393,295.8122253417969,57077300.0
1577923200,297.35635228015616,298.59710421158724,296.4280812418252,298.5787048339844,59151200.0
1578009600,295.1689100231828,297.4482166969059,295.1137679949967,296.3177490234375,77709700.0
1578268800,294.5531754410407,297.5309857629317,294.4336916748636,297.4482727050781,55653900.0
1578355200,296.8784795470099,297.35641469970324,296.1616048658075,296.6119689941406,40496400.0
1578441600,296.8049421313957,299.4151017348779,296.55680293224674,298.1927490234375,68296000.0
1578528000,299.7642637000713,300.2881410116043,299.1760446735445,300.214599609375,48473300.0
1578614400,300.8028563818804,300.95908279752456,298.8820007130497,299.3507080078125,53029300.0
1578873600,299.97564456775115,301.41856494947825,299.5436800075611,301.4093933105469,47086800.0
1578960000,300.96820042550263,302.02512653242854,300.3891811714258,300.9498291015625,62832800.0
1579046400,300.85798837525687,302.39282170228535,300.7752753260005,301.6300048828125,72056600.0
1579132800,303.0177701581234,304.1390380859375,302.7880023700289,304.1390380859375,54050300.0
1579219200,304.8558645722191,305.2970007054528,304.07464860585617,305.08563232421875,95846000.0
1579564800,304.1205974133801,305.2970072067569,304.0470840722161,304.4882202148437,77742400.0
1579651200,305.35215221984686,306.00471285025446,304.36876752704524,304.5249938964844,48914900.0
1579737600,303.8725746929403,305.2879524707691,302.7513064880326,304.8743591308594,51963000.0
1579824000,305.5360902256444,305.6188032836752,300.8671919326843,302.1630859375,87578400.0
1580083200,296.8875544776239,298.80840982842204,296.547502637468,297.31951904296875,84062500.0
1580169600,298.7532647585038,301.3174811116688,297.4114287374613,300.4351806640625,63834000.0
1580256000,301.804677949002,302.03444580442965,299.9849064367947,300.1871032714844,53888900.0
1580342400,298.1098410327922,301.37255974661133,297.3562241672184,301.1611633300781,75491800.0
1580428800,300.536336576065,300.6925910492761,294.7737692104958,295.6928405761719,113845600.0
1580688000,297.18163811265015,299.7642255930663,297.06215438508684,297.8893127441406,69083000.0
1580774400,301.5196939211996,303.30269428478084,301.19801339312164,302.4295654296875,62573200.0
1580860800,305.3797484796294,306.1333935234226,303.9092571377616,305.9219970703125,65951100.0
1580947200,306.88704378759394,307.1443825815808,305.8668602504077,306.9513854980469,50359700.0
1581033600,305.8852492800721,306.96054675693904,304.763981419654,305.3154296875,64139400.0
1581292800,304.42397811831904,307.6590987986097,304.3872074151827,307.5947570800781,42070000.0
1581379200,308.95496605575715,309.74535379435173,307.5947306349402,308.1278076171875,54864500.0
1581465600,309.5707299192885,310.32437501033536,309.2031070607716,310.1130065917969,43992700.0
1581552000,308.6792079467562,310.7563176199279,308.4034978343105,309.7821044921875,54501900.0
1581638400,310.19569883120136,310.3978955970013,308.9917179227911,310.2784118652344,64582200.0
1581984000,309.2766240373906,310.3427498763755,308.0818147817825,309.47882080078125,57226200.0
1582070400,310.45314010660616,311.638722033622,310.1682302127186,310.9586181640625,48814700.0
1582156800,310.4070762759255,311.2342627359956,306.6756497102531,309.6810302734375,74163400.0
1582243200,308.32082508734413,308.633305938221,305.6646957831488,306.49188232421875,113788200.0
1582502400,296.9887283409357,306.5654360637116,295.242470344497,296.3269958496094,161088400.0
1582588800,297.72388494075403,298.33964685145446,286.465264322623,287.3475646972656,218913200.0
1582675200,288.75381480603454,292.3657582898536,285.5554646270687,286.29071044921875,194773800.0
1582761600,280.7394913284568,286.3458314663053,273.4328918457031,273.4328918457031,284353500.0
1582848000,265.3358514692042,273.7821175574992,262.43158327772824,272.2840270996094,384975800.0
1583107200,274.0761560714932,284.1399947778872,270.62963980873093,284.0756530761719,238703600.0
1583193600,284.4525961592411,288.4413626394821,273.48808117123883,275.9419860839844,300139100.0
1583280000,281.34608762342725,287.7612150698398,278.7818709728644,287.5406188964844,176613400.0
1583366400,280.29831590644363,283.50586508995093,275.7305313893183,277.98223876953125,186366800.0
1583452800,269.42567728872103,274.60005187603963,266.74200548377416,273.3868713378906,228667200.0
1583712000,253.02034185575505,261.19089995669435,251.32008222650032,252.03695678710935,309417300.0
1583798400,261.60446391220955,265.17043693629023,251.3659963387796,265.0785522460937,276444100.0
1583884800,257.983277194142,259.1229164190839,248.9579919736201,252.1563415527344,255316300.0
1583971200,235.2822488519008,245.07955211123908,227.6355690327349,228.03077697753903,392220700.0
1584057600,241.79843782084288,249.50945862560468,228.40757777476827,247.52426147460935,329566100.0
1584316800,221.6615918933536,236.1093927100273,218.1507470971129,220.43923950195312,297240000.0
1584403200,225.2092150970665,235.438496719588,217.88423006606632,232.3412170410156,262070500.0
1584489600,217.1305854320526,228.2697246287872,209.566632879994,220.5771026611328,327597100.0
1584576000,219.88778223383576,227.35983549708297,213.426712889275,221.0458068847656,289322000.0
1584662400,224.2130655352576,226.00655045144487,211.2426740307218,211.52001953125,347158800.0
1584921600,210.95612010962637,212.33357992592877,201.776068730852,206.1118621826172,326025200.0
1585008000,216.71558618449492,225.66451805974856,216.1424157796561,224.7862548828125,235494500.0
1585094400,226.37629971613583,236.98928807570127,221.6429899096857,228.1512908935547,299430300.0
1585180800,230.67516996563705,242.9521914600299,230.2406652781837,241.4730529785156,257632800.0
1585267200,234.14189768160924,241.1124362639142,232.0895610846874,234.2805633544922,224341200.0
1585526400,236.3883811956545,242.6100973257828,234.3822710647328,241.88900756835935,171369500.0
1585612800,240.88137418461676,243.44216158998012,236.86915323119808,238.2835998535156,194881100.0
1585699200,229.2514077786604,238.20033706546903,225.47954642038988,227.5596160888672,189554600.0
1585785600,226.67216699098591,233.5964799738239,226.11747600710615,232.8106842041016,177660400.0
1585872000,231.8214819671959,234.18815120543644,226.6998936683709,229.44558715820312,135561200.0
1586131200,238.3668040926241,246.83500464112404,229.427126029286,244.8566131591797,188061200.0
1586217600,253.50048967518129,254.25856656772496,244.88439705321795,245.10626220703125,201427200.0
1586304000,247.7224419526746,255.15523271838975,245.21712129910463,253.33401489257807,153774500.0
1586390400,256.6159188737926,259.9625441693819,254.66528894370404,257.1891174316406,189999200.0
1586736000,256.2091764011037,256.5512278524876,250.9119211583387,254.8409423828125,114839100.0
1586822400,259.75912924719097,263.38305731179486,254.7022472679955,262.3569030761719,134143400.0
1586908800,256.60666551717674,262.49556980528627,254.65600758555064,256.7823181152344,121775000.0
1586995200,258.06736117708954,258.880904228839,254.93340352632384,258.0211486816406,131798300.0
1587081600,263.8268813194483,265.6018588746599,261.07193356078005,264.9917297363281,146684800.0
1587340800,261.2660139587041,265.1303430857355,260.10119398463854,260.32305908203125,100109300.0
1587427200,255.8301868246857,257.0412478113869,251.47588568864973,252.4188690185547,126385700.0
1587513600,257.32779197336646,259.77764670005047,255.99654483645955,258.0211486816406,92951600.0
1587600000,259.3061384249286,262.49559036286263,257.69755999332085,258.00262451171875,104709700.0
1587686400,259.5280605161507,262.2737543371694,257.4664696510414,261.598876953125,85063200.0
1587945600,263.5864659697561,266.4985583281309,263.1242281918314,265.3706970214844,77896600.0
1588032000,269.04084563004807,269.39215082857385,263.84529791564745,264.150390625,105270000.0
1588118400,269.51234809746575,272.609346742133,268.47694002572416,271.0654602050781,118745600.0
1588204800,269.6787433160945,271.1671635588947,266.79438423686474,268.5416564941406,122901700.0
1588291200,263.76210218131826,268.7080517401183,260.2583321429464,261.43243408203125,125180000.0
1588550400,259.53719194927527,262.4585373419591,258.0488002282556,262.1534729003906,80873200.0
1588636800,264.9917700447199,267.40463846070014,262.2830343741867,264.57574462890625,79569900.0
1588723200,266.28596655842614,266.6742305212483,262.347691373259,262.7821960449219,73632600.0
1588809600,266.01781453590644,267.8944985976931,265.4446442627625,265.9530944824219,75250400.0
1588896000,269.1055292810306,270.82506812205344,267.96841443111634,270.35357666015625,76452400.0
1589155200,268.41230851350684,271.7958934294872,267.9870575322045,270.4091796875,79514200.0
1589241600,271.60170162986907,272.0176987332528,264.88074578338063,265.0194396972656,95870800.0
1589328000,264.4554277292525,265.50008943368783,257.8916468196168,260.332275390625,144721100.0
1589414400,257.88251181493416,263.5772573883642,252.3726162439669,263.4478454589844,121977900.0
1589500800,261.0441715182751,264.7050870067685,260.0919627756472,264.65887451171875,111146300.0
1589760000,270.91753734646966,274.3381080239506,270.5939934876637,272.72027587890625,119703800.0
1589846400,272.1194155151454,273.83892669652425,269.90067957898384,269.9191589355469,95189300.0
1589932800,273.4783926929953,275.37355648442514,273.24727378122304,274.5045471191406,85861700.0
1590019200,274.37512681753094,275.18866987615843,271.5092467565501,272.609375,78293900.0
1590105600,272.3227859324232,273.3027278174098,271.07473822222124,273.1270751953125,63958200.0
1590451200,279.1268565344075,279.3672291714681,273.1454994439647,276.4920959472656,88951400.0
1590537600,279.302504362078,280.6430049821125,274.44900849421214,280.60601806640625,104817400.0
1590624000,281.64152185907705,283.6661259386108,279.4135319930636,280.0884094238281,90405200.0
1590710400,279.6168258055056,281.9280143403951,276.8526533458579,281.3363647460937,119090800.0
1590969600,280.68927958979083,283.0836680290045,280.17157550632606,282.4735107421875,55758300.0
1591056000,283.3979620169692,284.8586491513497,282.0574894281056,284.8124084472656,74267200.0
1591142400,286.8092679717843,289.5642150980105,286.5319366089357,288.6027526855469,92567600.0
1591228800,287.6135771555438,289.36084950136456,285.7368929023039,287.8446960449219,75794400.0
1591315200,293.27135521881405,297.0062156989103,293.2066351666821,295.22198486328125,150524700.0
1591574400,296.03554964324275,298.9846287841616,295.4901124765788,298.7904968261719,73641200.0
1591660800,296.1095182967034,298.86446569386305,295.24050899064486,296.5625305175781,77479200.0
1591747200,297.1450196957408,298.04176233711195,294.1866858939824,294.90777587890625,95000800.0
1591833600,287.9370879650805,288.57497822103,277.3518620119418,277.9065246582031,209243600.0
1591920000,284.96031526220054,285.7368712862336,276.04838623260395,281.23468017578125,194678900.0
1592179200,275.51215648320795,284.9972833883581,274.32882906565084,283.86016845703125,135782700.0
1592265600,291.65361044593334,291.80152994673745,284.4334573261957,289.32391357421875,137627500.0
1592352000,290.3500906586605,290.6459296545263,287.3825033404137,288.1221008300781,83398900.0
1592438400,286.5966900520467,288.71371886484155,286.1344522516145,288.2330017089844,80828700.0
1592524800,291.7206933521213,291.91567966607613,284.6266032887639,286.5858459472656,135549600.0
1592784000,285.982180772318,288.8235223831238,284.8307955890103,288.4242553710937,74649400.0
1592870400,291.0892111637839,292.027049548109,289.3435441397337,289.7521057128906,68471200.0
1592956800,287.70002810968066,288.32216496828954,280.5131076529364,282.36090087890625,132813500.0
1593043200,281.7852452795578,285.65728617924003,279.7517316781073,285.38800048828125,89468000.0
1593129600,284.28303778251814,284.496613106318,278.02466021675593,278.609619140625,127961000.0
1593388800,279.8723900022034,282.8437131584,277.569591178202,282.7044372558594,79773300.0
1593475200,282.2680429543891,288.03432080970254,282.11020636461024,286.3257751464844,113394800.0
1593561600,287.4493212589986,289.60354975298884,286.98504934237536,288.3314208984375,72396500.0
1593648000,291.78560431906743,293.1412987145926,289.2506977966374,289.91925048828125,69344200.0
1593993600,293.7634029133658,294.9797930469439,293.0112846883872,294.3948059082031,61713800.0
1594080000,292.84419650034664,294.8312658250423,290.9778140865629,291.3585205078125,82910000.0
1594166400,292.1291545148365,293.698395820971,290.35566077389734,293.58697509765625,54638600.0
1594252800,294.19982882375655,294.4412592915748,288.4799953308486,291.9156188964844,83354200.0
1594339200,291.8506175159601,295.1655258873221,290.4113858719339,294.896240234375,57550400.0
1594598400,297.25465473958565,299.6502846589127,291.6833933731592,292.3426513671875,102997500.0
1594684800,290.9127851965743,296.9111990418323,289.7056894917893,296.1312255859375,93657000.0
1594771200,299.37185000638834,299.9568372125493,296.4562084826376,298.85186767578125,87196500.0
1594857600,296.93897955029377,298.32250051065256,296.2889876653865,297.8675231933594,54622500.0
1594944000,298.87961896064064,299.52031631257614,296.89252205187785,298.7310485839844,62774900.0
1595203200,298.4617893428172,301.8974123060256,297.7096712262448,301.1452941894531,56308800.0
1595289600,303.1230546924242,303.56873746295486,300.7924013028892,301.78594970703125,57292200.0
1595376000,301.42391594896776,303.81957507697444,301.3124952149974,303.5038452148437,57792900.0
1595462400,303.1416743852284,303.8473766918392,298.5082502140692,299.8824768066406,75738000.0
1595548800,298.0161462247771,298.98181138159134,296.4376104179371,297.9511413574219,73766600.0
1595808000,298.6475506249182,300.3003574759023,297.8489882118405,300.1239318847656,48293000.0
1595894400,299.3903744004211,300.5139328151327,297.9232876462,298.2204284667969,57495000.0
1595980800,299.1024914646054,302.4545489495619,299.0653417823522,301.8881225585937,48454200.0
1596067200,298.8982069121053,301.2288606322121,296.79971745044656,300.8110046386719,61861700.0
1596153600,302.61244819104195,303.29029543227045,298.36899581137703,303.1881408691406,84986800.0
1596412800,304.8595427023812,306.06663844812346,304.3117051970421,305.29595947265625,53077900.0
1596499200,304.432351034434,306.47515869140625,304.432351034434,306.47515869140625,41917900.0
1596585600,307.7845001998745,308.6387732019247,307.5152144885771,308.3787536621094,42697700.0
1596672000,307.79370582601723,310.5607481856349,307.4687098320137,310.4400329589844,43679400.0
1596758400,309.4651038076949,310.9507796860284,308.55512060219945,310.6629333496094,57308300.0
1597017600,311.1178338160884,311.77709187476853,309.16788647923244,311.5914001464844,44282100.0
1597104000,312.7800599947262,313.42075763791763,308.28591032125263,309.0194396972656,69601100.0
1597190400,311.4707019012371,314.1077626164815,311.4428467236322,313.3277893066406,53774400.0
1597276800,312.5571937883496,314.080019606342,311.8329305750621,312.761474609375,41816100.0
1597363200,312.3714238838993,313.309262191888,311.6378663458615,312.77069091796875,47260400.0
1597622400,313.7921984515111,314.1636104277148,312.7800887731664,313.76434326171875,35481000.0
1597708800,314.1634670114722,314.8691692799468,312.5570762349884,314.4420471191406,38733900.0
1597795200,314.82280191835054,315.34278424193514,312.5664470138411,313.13287353515625,68054200.0
1597881600,311.39642778595925,314.59062064920715,311.266446392232,314.1077880859375,42207800.0
1597968000,313.7735806542336,315.4449484113685,313.42999559344787,315.2221069335937,55106600.0
1598227200,317.67343815259494,318.4905613278083,315.1942417800255,318.4162902832031,48588700.0
1598313600,318.98264962045295,319.6140526018926,317.812675367797,319.5304870605469,38463400.0
1598400000,320.1248027078068,323.00326611637297,319.5769652095019,322.7340087890625,50790200.0
1598486400,323.6067956437199,324.8974567380326,321.76826879321163,323.43963623046875,58034100.0
1598572800,324.4703748611952,325.65890989106765,323.27254532473523,325.5289001464844,48588900.0
1598832000,325.3153027924507,326.1974023373853,324.1174734415584,324.349609375,66099200.0
1598918400,325.18533810046165,327.50669775634526,324.28464942050243,327.4045715332031,54908700.0
1599004800,329.32671058755056,333.1151576121519,328.1752967667026,332.14019775390625,69540000.0
1599091200,330.44093080565824,330.9144972877597,318.109868288618,320.7098083496094,148011100.0
1599177600,321.3968611281054,322.9753685422502,310.9414491618156,318.0912475585937,139156300.0
1599523200,312.6498963796267,318.1561812656811,309.0935869877387,309.3999938964844,114465300.0
1599609600,313.42999106593817,317.9891451456372,312.55715750804563,315.50994873046875,91462300.0
1599696000,317.39480822136073,318.05406630132904,309.0657702593142,310.0314636230469,90569500.0
1599782400,311.82360784404324,312.8914276224348,307.348019609595,310.1893615722656,84680200.0
1600041600,313.37415293359544,316.05765738891523,310.33782573304666,314.2748413085937,65605700.0
1600128000,316.7448620744899,317.5805458417575,314.2842266287377,315.8627624511719,52920900.0
1600214400,317.1069767832356,318.54620822308874,314.33061177472035,314.60919189453125,82096000.0
1600300800,309.72502362128466,313.5692080083964,309.19574692968456,311.84210205078125,91523300.0
1600387200,312.65228607903504,312.76415281801945,305.7535621550349,308.25201416015625,105877900.0
1600646400,303.6372673909446,304.9703931268665,299.9361919318907,304.8212280273437,99450800.0
1600732800,306.3129272948169,308.4850823655749,303.7864801299103,307.9257202148437,63612100.0
1600819200,308.4849983979871,308.7646936223919,300.2811172547753,300.7845458984375,93112200.0
1600905600,299.460811288679,304.6628139646036,298.1369884523233,301.5863647460937,76681300.0
1600992000,300.72870054393417,307.2545266690337,299.8524014957373,306.4621276855469,71069400.0
1601251200,310.6479519592277,312.27007668390667,309.65042605252273,311.55224609375,64584600.0
1601337600,311.3472141431282,312.0930115793618,309.1563950549628,309.8555908203125,51304000.0
1601424000,310.5267778222554,315.37454585203375,310.331011000578,312.2048645019531,104081100.0
1601510400,314.81516184726377,315.7940243382801,312.31670965183065,314.2091979980469,88698700.0
1601596800,309.2309287659332,314.1812314984031,308.7554666384085,311.2259521484375,89431100.0
1601856000,313.29558797537777,316.9313997047593,313.24898631167633,316.7449645996094,45713100.0
1601942400,316.88473389843483,318.9916521575981,311.72933343138027,312.2420654296875,90128900.0
1602028800,315.21603328200314,318.488277961641,315.188066594585,317.6772155761719,56999600.0
1602115200,319.62564947044564,320.55791035357345,318.7026918499149,320.4926452636719,45242500.0
1602201600,322.1520812575814,323.8208362705735,321.5274823733392,323.3547058105469,59528600.0
1602460800,325.9090841222168,330.03899307486466,325.41498698398067,328.55670166015625,80388500.0
1602547200,328.4168613032181,328.5939931462487,325.4429468232973,326.4125061035156,73255500.0
1602633600,326.99046289482385,328.0905237679991,323.625015193752,324.3614807128906,57727900.0
1602720000,320.4273256942228,324.4453671413226,319.88662699209056,323.9606018066406,60357700.0
1602806400,325.32175233282794,326.9905072926632,323.5877607329296,323.764892578125,89501900.0
1603065600,325.03269518199545,325.66662564516025,317.93820474053496,318.8424987792969,68425600.0
1603152000,320.19422775602,323.3825716262022,319.42979566229104,320.1196594238281,60051900.0
1603238400,320.07303602156605,322.2545509759676,319.2060404462976,319.5137023925781,63575000.0
1603324800,319.7281329030727,321.85368623549795,317.5746128866816,321.266357421875,55399300.0
1603411200,322.4969806506025,322.55291402412485,319.8866617184212,322.3571472167969,49143900.0
1603670400,318.95441004602804,319.74683746079165,312.8853827916075,316.4000244140625,91473000.0
1603756800,316.7449854652139,317.080585746798,315.0948653963875,315.3092956542969,65994100.0
1603843200,309.6038191727914,315.3372174361068,304.03822102637105,304.5323181152344,127094300.0
1603929600,304.7654542742966,310.8158192061064,303.06873238529204,307.62750244140625,90597700.0
1604016000,306.0425653141652,307.3570564176711,300.7473309534802,304.4204406738281,120287300.0
1604275200,307.8324890136719,309.8461470533537,305.07297690678973,307.8324890136719,86068300.0
1604361600,311.0860913879369,315.3371981243173,307.9164105336659,313.267578125,93294200.0
1604448000,317.77034919955645,324.37077048590373,316.5863884247595,320.2688293457031,126959700.0
1604534400,325.58272341467915,328.3329039075465,325.2284597904764,326.5149841308594,82039700.0
1604620800,326.2259689739967,327.69895676274945,324.10041578734894,326.4403991699219,74973000.0
1604880000,339.3149665096514,339.6971968539405,330.0762585132741,330.5423889160156,172304200.0
1604966400,329.544856684147,331.12037969112043,326.76673774549005,330.0576171875,85552000.0
1605052800,332.25764035036184,333.3390659569015,331.00841467996247,332.5093688964844,58649000.0
1605139200,331.49323619264544,332.55602701155664,327.4658917244847,329.2837829589844,67546200.0
1605225600,331.20427639778285,334.5883875743845,330.6822126380673,333.84259033203125,62892200.0
1605484800,336.5274745400829,338.2055324040506,335.23161852319635,338.009765625,74541100.0
1605571200,335.58590022182614,337.4038200477033,334.06631066128045,336.1918640136719,66111000.0
1605657600,336.4621842165581,337.0122145690343,332.1085145973385,332.14581298828125,70591300.0
1605744000,331.5119288783694,333.9171490987625,330.16013940874217,333.54425048828125,59940900.0
1605830400,333.2832418785046,333.48834039613587,331.18565504150706,331.2602233886719,70417300.0
1606089600,333.07817154661024,334.5138612915198,330.831419374816,333.2459716796875,63230600.0
1606176000,335.8096997215149,339.16584474051825,334.9520356029808,338.6158142089844,62415900.0
1606262400,338.5319137721488,338.5598804618457,336.993688938127,338.09375,45330900.0
1606435200,339.19377724692663,339.5107425153413,338.01911949606887,339.0353088378906,28514100.0
1606694400,338.2521628265193,338.52252641604707,334.8401134429491,337.5343322753906,83872700.0
1606780800,340.8065739456196,342.77363049931466,340.20991340115773,341.22607421875,74231400.0
1606867200,340.10738433573124,342.102407609276,339.529387204614,341.9439392089844,45927000.0
1606953600,341.84134577914966,343.24906853668045,340.7412849840267,341.8506774902344,62882000.0
1607040000,342.4381336255865,344.7967529296875,342.3449018310852,344.7967529296875,50749900.0
1607299200,344.02290019342604,344.58226241230454,342.8109724278096,344.0881652832031,48944300.0
1607385600,342.81092050959734,345.66363609845934,342.7643188527253,345.094970703125,42458900.0
1607472000,345.756856938236,345.915325326866,341.1608184625429,341.9998474121094,74098300.0
1607558400,340.6201414584873,342.9414618657392,339.7438139853996,341.8880310058594,57735400.0
1607644800,340.1819621447532,341.89731861236754,338.65306921832496,341.48712158203125,57698600.0
1607904000,343.66862960375323,344.75002707857266,339.7810896102844,339.9582214355469,69216200.0
1607990400,342.512637194647,344.5542907714844,341.1329093183016,344.5542907714844,63865300.0
1608076800,344.76867375400104,346.01789973177443,343.8830146707132,345.094970703125,58420500.0
1608163200,346.7450828970696,347.2298482690858,345.9153571320904,347.0247497558594,64119500.0
1608249600,347.3149977999672,347.4835131936305,343.6168591998632,345.6391296386719,136542300.0
1608508800,341.6975863159967,354.3273835242469,338.94505395818203,344.4032897949219,96386700.0
1608595200,344.7309637244021,344.84330731460943,342.6899789779958,343.82281494140625,47949000.0
1608681600,344.7964629229101,346.05101380584097,343.80405657414974,344.1317443847656,46201400.0
1608768000,344.6092935001129,345.49872799105134,344.01948957475344,345.4706420898437,26457900.0
1609113600,348.0358434497332,348.8316485795175,347.4085822635312,348.4384460449219,39000400.0
1609200000,349.97393070277417,350.1518176017238,347.18394069385465,347.7737731933594,53680500.0
1609286400,348.5976463757272,349.3091939347464,347.87675589782754,348.2699584960937,49455300.0
1609372800,348.0732694651527,350.7696294601164,347.55835190666886,350.03936767578125,78520700.0
1609718400,351.37819543116666,351.5092819858067,341.5571038998392,345.2739562988281,110210800.0
1609804800,344.6280186051304,348.74744580773046,344.5811897244677,347.65203857421875,66426200.0
1609891200,346.1353006445559,352.9417447610297,345.5829256357248,349.7304382324219,107997700.0
1609977600,352.11781010059394,355.6754898622392,351.93992325535066,354.926513671875,68766800.0
1610064000,356.3215627156096,357.1641682352384,353.0541127402017,356.9488525390625,71677200.0
1610323200,353.7562908815828,356.3121933540035,353.6345757978264,354.542724609375,51034700.0
1610409600,354.7299563854463,355.6380765572961,352.3612553180215,354.6175842285156,52547700.0
1610496000,354.54270695675297,356.5743201761585,353.7562732681172,355.57257080078125,45303600.0
1610582400,356.3215157720566,356.8270904458733,353.9903008081656,354.32733154296875,49989100.0
1610668800,352.6982961647385,353.5034441983972,349.87087798649776,351.74334716796875,107160000.0
1611014400,354.2149880713764,355.04825056313285,352.7263785156569,354.5052185058594,51233300.0
1611100800,356.80840335832795,360.25376887068234,356.4152007728003,359.4111633300781,61836100.0
1611187200,359.9727976411941,360.4034860873941,358.8118759915989,359.7387390136719,47840100.0
1611273600,357.8756827558788,359.6358084093018,357.49182313387803,358.46551513671875,52860500.0
1611532800,359.20518232955203,360.23501764916625,354.3273789382754,359.8792724609375,70402000.0
1611619200,360.8342004467149,361.2461459790852,359.0834462199482,359.3175048828125,42665300.0
1611705600,355.9751659623189,356.068795148532,348.2886869202177,350.53564453125,123351100.0
1611792000,352.36128710070847,357.5761213719149,351.9212842090672,353.5503234863281,94198100.0
1611878400,351.6777822754757,352.6514741900494,344.7870812539234,346.4723205566406,126765100.0
1612137600,349.8895443103963,353.2787084916588,346.76252463565106,352.239501953125,75817600.0
1612224000,355.4414359743466,358.78380012595835,352.32378754013087,357.22027587890625,64450700.0
1612310400,358.0535651747562,359.2332299217936,356.21855334617453,357.5011901855469,52427100.0
1612396800,358.54031420501065,361.6111618631506,357.61345130128,361.5643615722656,47142600.0
1612483200,363.44626214915786,363.6990351907724,361.5176212703214,362.9874877929688,48669800.0
1612742400,364.44802795313245,365.6557785722611,363.58670813187786,365.6089782714844,38365200.0
1612828800,364.7663357138901,365.9647433876724,364.3544187905418,365.3655395507813,35551100.0
1612915200,367.1163783725252,367.2661793663317,362.7909782484796,365.2064514160156,59154400.0
1613001600,366.2924373552477,366.7137543787308,363.3526753951774,365.7962341308594,42913300.0
1613088000,364.9910470053873,367.8465509696831,364.9161322408801,367.6031494140625,50593300.0
1613433600,368.8390040611984,369.03563391424353,366.56396066123074,367.2848510742188,50972400.0
1613520000,365.52475715839137,367.62191370338655,364.5042362118772,367.369140625,52290600.0
1613606400,364.7476837323332,366.5546098976063,363.015643773682,365.8056335449219,59712800.0
1613692800,367.0695950134608,367.359825523733,364.710264966577,365.15966796875,83241000.0
1613952000,362.37894648963726,364.77570467738775,362.0793445732656,362.3508605957031,67414200.0
1614038400,360.1320514093147,364.1485063646974,355.9564525513784,362.79095458984375,107284100.0
1614124800,361.6954563302323,367.2192626537797,360.7030500610058,366.78857421875,72433900.0
1614211200,365.5153530804865,366.89161908334,356.499409324203,357.9505615234375,146670500.0
1614297600,359.8417660521564,360.99331629817215,354.1120150017396,356.1061706542969,152701600.0
1614556800,361.0027745609915,365.99292206524615,356.3028861317979,364.73834228515625,105348800.0
1614643200,364.9629993988001,365.1970580621201,361.3865761660831,361.8921508789063,79595300.0
1614729600,361.1900353964237,362.1636990273833,356.9956931613012,357.09869384765625,119940200.0
1614816000,356.91136618185686,359.51409730594685,348.166938181186,352.6795959472656,183433000.0
1614902400,356.199817756297,360.2256437904817,348.878484696464,359.1676940917969,152039600.0
1615161600,360.1320797023925,362.9594984977383,357.0986881092653,357.3795471191406,123149200.0
1615248000,361.2460971636386,365.04720704917895,360.7405225201184,362.48193359375,113633600.0
1615334400,364.8413429708138,366.44229648522463,363.4182763548508,364.73834228515625,109899400.0
1615420800,367.21933823136976,370.4212448317139,366.7605638102097,368.4364318847656,86245000.0
1615507200,367.06951941078046,369.07304666812473,366.2549998515435,368.9326171875,64653600.0
1615766400,369.1853371904508,371.39486546395887,367.0320092727285,371.1327209472656,73427200.0
1615852800,371.7506778939467,372.4621967582161,369.8875516191951,370.6646423339844,73722500.0
1615939200,369.3727185843069,372.7337981248672,368.22113948179424,371.92864990234375,97959300.0
1616025600,369.3258240760176,371.4229803734034,365.8336588383068,366.5171203613281,115349100.0
1616112000,366.2147039509197,367.802125044602,363.6504017230037,365.8389892578125,113624500.0
1616371200,366.35561481385486,370.1503993662236,366.2992590398509,368.7602233886719,73778600.0
1616457600,368.1214151171721,369.5773200301121,365.0686872256884,365.8576965332031,90686600.0
1616544000,367.2667027083642,368.9104795107674,363.9509712192673,363.9979248046875,97588600.0
1616630400,362.5513925660226,366.8439761405142,360.59763052907954,366.0455932617188,116128600.0
1616716800,367.2009100210331,372.3482894976798,366.5997723246337,371.94439697265625,114409100.0
1616976000,370.460351679942,372.6677150192703,368.9668663563612,371.756591796875,108107600.0
1617062400,370.4790826789471,371.4465614830729,369.1640384545368,370.770263671875,76262200.0
1617148800,371.3432335580199,373.8417775209728,371.3150556761712,372.2731323242188,112734200.0
1617235200,374.2175182637231,376.3497499113352,374.0108708940248,376.2933654785156,99682900.0
1617580800,378.97042940339537,382.239207685626,378.89529792498365,381.69439697265625,91684800.0
1617667200,381.1307984909578,382.5209456819821,380.792635211254,381.4689331054688,62021000.0
1617753600,381.299921394875,382.2579982742111,380.83967299184064,381.9104614257813,55836300.0
1617840000,383.169082404591,383.7796223731057,382.22978132527777,383.7232666015625,57863100.0
1617926400,383.60119001027016,386.6820964718389,383.479076280832,386.5130004882813,61104600.0
1618185600,385.9117833685557,386.9262157354184,385.30124351205205,386.6538391113281,56704900.0
1618272000,386.5506077842819,388.4292101167042,386.1654908663117,387.79986572265625,56551000.0
1618358400,387.7716753560826,388.8330902261772,385.93065315580645,386.4754638671875,61659900.0
1618444800,388.6264203401687,390.8995415703954,388.5794667521649,390.6271362304688,60229800.0
1618531200,391.9233370750753,392.54327916671264,390.4956098933959,391.9327392578125,82037300.0
1618790400,390.99351609843,391.4443623164964,388.6734410506397,390.0072326660156,78498500.0
1618876800,388.786108082157,389.8944764615716,385.6676216600676,387.1517333984375,81851800.0
1618963200,386.5317616792458,391.0216192893647,386.3908435978229,390.8149719238281,66793000.0
1619049600,390.6459606729042,391.4819237726124,386.17487812172334,387.2456665039063,97582800.0
1619136000,387.8092452233191,392.86268978837904,387.7341137471033,391.4443359375,73209200.0
1619395200,392.1018705031073,392.83452424631287,391.51010619798046,392.2615356445313,52182400.0
1619481600,392.5621188606429,392.75939273913474,391.0310534148412,392.177001953125,51303100.0
1619568000,392.4492952643624,393.5764677774902,391.59452803052494,392.0641784667969,51238900.0
1619654400,394.8070326268462,395.182747321812,391.1625398887709,394.5628051757813,78544300.0
1619740800,392.280291787345,393.1350591602017,391.0685854384391,391.9703063964844,85527000.0
1620000000,393.9710874878237,394.3562044118776,392.3179369015112,392.8157653808594,68128300.0
1620086400,390.814939310252,391.31276764952,386.6820210096064,390.3922424316406,101591200.0
1620172800,392.0455002036445,392.2803254801415,389.9508484178214,390.5144348144531,60162200.0
1620259200,390.5895188292249,393.764360768116,388.5700274297809,393.63287353515625,74321400.0
1620345600,394.4030580590848,397.1552027424643,393.7173581010479,396.4976806640625,67733800.0
1620604800,396.854682543148,397.0801056159915,392.44935844844775,392.5714721679688,81852400.0
1620691200,388.0253215827224,390.0635890823636,385.1698379811028,389.0679321289063,116888000.0
1620777600,386.26877132282095,387.5462069591576,379.477614583941,380.8020324707031,134811000.0
1620864000,382.36125569780376,387.32076371119285,382.3142734498256,385.37640380859375,106394000.0
1620950400,388.12859676699367,392.1488043000285,388.10041888080025,391.2940368652344,82201600.0
1621209600,390.1762547929354,391.11555578967017,388.26944625098,390.29833984375,65129200.0
1621296000,390.561387968672,390.8056154288192,386.7760056623648,386.9356994628906,59810200.0
1621382400,382.2204141885532,386.0997036321242,380.726900222138,385.9212341308594,106467100.0
1621468800,386.80415905405096,391.34099915612734,386.6820739969034,390.0729370117188,78022200.0
1621555200,391.5664146596628,392.8157010784653,389.2933222261304,389.7535705566406,76578700.0
1621814400,392.0078697849327,394.8069970407359,391.7636423558813,393.726806640625,51376700.0
1621900800,394.8165299668634,395.1734690718413,392.271031295072,392.8533935546875,57451400.0
1621987200,393.4450018707092,394.1400754318187,392.40239152904513,393.63287353515625,43088600.0
1622073600,394.6661586522024,395.1827627948583,393.55776156064326,393.8395690917969,56707700.0
1622160000,395.41757999706346,395.680583154986,394.3092115933323,394.5440368652344,58520200.0
1622505600,396.9203164824894,397.0612058589977,393.754877607808,394.19635009765625,54216600.0
1622592000,394.8539863190647,395.6618001453896,393.8395537758684,394.81640625,49097100.0
1622678400,392.4869637913171,394.4970532057338,391.0122542093815,393.3511047363281,58138800.0
1622764800,395.2108350471488,397.2491305167589,393.4167669728877,396.9485473632813,55938800.0
1623024000,396.9392828547992,397.117752372502,395.6242669337236,396.5635681152344,51555000.0
1623110400,397.42764801953655,397.5215838562783,394.8070187651546,396.6480407714844,47134300.0
1623196800,397.4934651030588,397.5686252497102,395.8309123396586,396.0563354492188,48436300.0
1623283200,397.2867683935218,398.8554137767314,395.96235045882463,397.8973083496094,51020100.0
1623369600,398.4515307280918,398.6675516313781,397.1552906475976,398.5548400878906,45570800.0
1623628800,398.6675381475228,399.5504834285703,397.4182803625306,399.4471740722656,42358500.0
1623715200,399.59757565099056,399.6351270644211,397.8316846029157,398.7146301269531,51508500.0
1623801600,398.8553685163884,399.08079157239314,394.43126905115474,396.4883117675781,80386100.0
1623888000,396.0751242003329,397.3431578068043,393.867760788941,396.3569030761719,90949700.0
1623974400,393.0547621033666,393.7521096496632,390.8025032330178,391.00982666015625,118676300.0
1624233600,392.78150745768414,396.7960302660624,391.9616466044744,396.6075439453125,72822000.0
1624320000,396.5981289361824,399.5666014736376,395.872482504178,398.7278747558594,57700300.0
1624406400,398.8032200600991,399.61364782405633,398.1624126989744,398.2472229003906,49445400.0
1624492800,400.40535045568936,401.0272920620272,400.1508910395755,400.6032409667969,45110300.0
1624579200,401.3571065516948,402.4785339842304,401.02726987877713,402.0261840820313,58129500.0
1624838400,402.55396918687217,403.0062903628767,401.34773145256673,402.836669921875,53159600.0
1624924800,403.22302619406673,403.86383366669776,402.5162456336421,403.0534057617188,35970500.0
1625011200,402.591615454706,404.0711496359645,402.5633453831712,403.39263916015625,64827900.0
1625097600,404.1559668520113,405.7862843626896,404.089993764296,405.6260681152344,53441000.0
1625184000,406.79464603667,409.084608229241,405.7108927994755,408.72650146484375,57697700.0
1625529600,408.7829877536855,408.9997441243618,405.230248168771,407.9819641113281,68710400.0
1625616000,408.6699708381631,409.706588138466,406.6438721996936,409.4238586425781,63549500.0
1625702400,404.0711353616928,406.8511502532912,402.8837348812311,406.08782958984375,97595200.0
1625788800,407.6050403295699,410.7242960856309,405.8899126832055,410.4227294921875,76238600.0
1626048000,410.3379412933688,412.1473121921227,409.9044572663973,411.8928527832031,52889600.0
1626134400,411.1012153129474,412.6090194308368,410.22481441480784,410.4886779785156,52911300.0
1626220800,412.19438410369895,412.6844369921227,409.8478820337302,411.1012268066406,64130400.0
1626307200,409.7537142222532,410.4322247810816,407.7841556404127,409.6971740722656,55126400.0
1626393600,410.8845422978607,410.93164949947175,406.0878615594616,406.483642578125,75874700.0
1626652800,401.6304410207938,406.5496352308652,397.6536209600926,400.4807434082031,147987000.0
1626739200,401.1498102090136,407.5014313609856,400.3487864518047,406.21978759765625,99608200.0
1626825600,407.4259978534785,409.6500155908594,406.17265300699904,409.5086364746094,64724400.0
1626912000,409.6876699789274,410.6112068666337,408.6981887670064,410.3661804199219,47878500.0
1626998400,412.3074246510725,414.9272229825932,411.61951009934097,414.5879821777344,63766600.0
1627257600,413.9943528266913,415.6152373869866,413.94724562650384,415.6058044433594,43719200.0
1627344000,414.55977029444944,414.5880403654888,410.8656513777973,413.7116394042969,67397100.0
1627430400,414.34304645941455,414.9273138127732,412.1096243949416,413.5420227050781,52472400.0
1627516800,414.475013724892,416.3408961729253,414.4655807803335,415.2571716308594,47435300.0
1627603200,412.674987348463,414.7010856257601,412.54304118877417,413.2404174804688,68951200.0
1627862400,414.9649721562708,415.5209693765124,412.0153368747902,412.3734436035156,58783300.0
1627948800,413.1745067361262,415.85084575516265,410.9693547716872,415.7283325195313,58053900.0
1628035200,414.4372678803204,415.7000456846464,413.4477866091541,413.6833801269531,46732200.0
1628121600,414.8519279703468,416.3880023567007,414.5315242270237,416.3031921386719,38969700.0
1628208000,416.6235474475425,417.4151381494277,416.340817994673,416.9910583496094,46930000.0
1628467200,416.9627651796527,417.2831688679763,415.8790409011232,416.65179443359375,41222600.0
1628553600,417.10419292546993,417.8863795453643,416.4162782277763,417.170166015625,43339300.0
1628640000,418.2444901268042,418.30103027346,417.113629675736,418.206787109375,44034300.0
1628726400,418.0559549316964,419.6014621169021,417.1512839319752,419.4600830078125,38909400.0
1628812800,419.9124501650049,420.2422868348311,419.42242601144585,420.2234497070313,39470300.0
1629072000,418.9135869117013,421.344899606322,417.349242344877,421.2129821777344,73740000.0
1629158400,418.6402703129564,419.31878083044,415.4456369974126,418.4518127441406,92673900.0
1629244800,417.43393735105536,419.0077144280287,413.6267674772568,413.8717651367188,89351900.0
1629331200,411.1294846330788,415.7188700590571,410.98813428830914,414.5126037597656,92812200.0
1629417600,414.8613672965725,418.1408108133749,414.3713143506773,417.81097412109375,72008700.0
1629676800,419.5072756439049,422.4003711560691,417.8863909726283,421.48626708984375,54973000.0
1629763200,422.1553649902344,422.69252517807496,421.63707069184784,422.1553649902344,38744700.0
1629849600,422.3437901020763,423.5594319185599,421.9668174753797,423.0411376953125,40529700.0
1629936000,422.75840977537314,422.9940032884355,420.4496106027459,420.5438537597656,57829600.0
1630022400,421.3542891231876,424.6808684363461,421.2977489797664,424.3039245605469,77235100.0
1630281600,424.98239937454537,426.961390505125,424.73737293430094,426.1697998046875,48357400.0
1630368000,426.07561229498,426.4148531713381,424.9353476708091,425.5384521484375,59300200.0
1630454400,426.4807703195426,426.9990645100965,425.5289633874281,425.7645568847656,48721400.0
1630540800,427.1970066348159,427.8849212781439,425.86825578758834,427.0744934082031,42501000.0
1630627200,425.9342976265166,427.48920929142287,425.5290548671588,426.9708862304688,47170500.0
1630972800,426.6221509198319,426.7163940772445,424.7656728788023,425.4441833496094,51671500.0
1631059200,424.9070661917901,425.6421168298102,422.9940191852134,424.9259033203125,56181900.0
1631145600,424.7279706016883,426.4902053690423,422.8620597403283,423.1070861816406,57970400.0
1631232000,425.0483261313946,425.4723771252496,419.64851340455823,419.7710266113281,89948200.0
1631491200,422.7867456427512,423.0506092501372,418.517763203472,420.8454284667969,83738600.0
1631577600,422.29667068589487,422.5039941351096,417.6790434177221,418.5743103027344,78197100.0
1631664000,418.99831669330354,422.56992214968193,417.8863222929337,422.0704650878906,78792200.0
1631750400,421.5428396378919,422.5228881124278,418.4329874812529,421.4014892578125,77786700.0
1631836800,420.624341728466,421.04975134413576,416.9372852860018,417.2965393066406,118425000.0
1632096000,411.1325667040566,412.7208202293575,405.4412816283992,410.3384399414063,166445500.0
1632182400,412.69247054595706,413.99711770891486,409.42141832581854,409.9508361816406,92526100.0
1632268800,412.238700206642,416.0013755919032,410.0643073507597,413.9498596191406,102350100.0
1632355200,415.8311324506057,420.59592142801534,415.5947841917218,418.9792785644531,76396000.0
1632441600,417.33434194671065,420.3879721161669,417.116891142323,419.6694641113281,62094800.0
1632700800,418.6295117037704,419.80178990253705,417.769200530089,418.46881103515625,61371100.0
1632787200,415.67994840064347,416.01084179881366,409.2985441473634,410.0359497070313,130436300.0
1632873600,411.42568650170494,413.174669766259,410.1588630219982,410.7261047363281,82329200.0
1632960000,412.2103357165181,412.91938062174535,405.3656981304132,405.7060546875,140506000.0
1633046400,407.4455344069044,412.2197580892175,403.9003102315903,410.5274963378906,129240100.0
1633305600,409.3552377258311,410.2628070798917,403.07781330339657,405.23333740234375,128570000.0
1633392000,406.7458984112105,411.7092119458161,405.9423373960166,409.4497375488281,90682500.0
1633478400,405.8289511472057,411.359507445002,404.19343928496,411.1515197753906,113032200.0
1633564800,414.45090048622825,417.56122305392176,414.2712734867434,414.7061462402344,72437500.0
1633651200,415.4814208636608,415.8690355442699,413.3164623211808,413.9498596191406,74557400.0
1633910400,413.28806407914567,416.2187885517024,410.8867574511802,410.9529418945313,65233300.0
1633996800,411.87941835123945,412.2859304538344,409.1472184849697,409.94134521484375,71181200.0
1634083200,410.9718322954968,412.2386556054668,407.9749522822916,411.4161682128906,72974000.0
1634169600,415.1031688468268,418.4876921318008,414.63047232052025,418.33642578125,70236800.0
1634256000,420.46353384824977,421.89108650075127,419.83957101042336,421.5223693847656,66260200.0
1634515200,419.7262487940317,423.1107439864514,419.0644619684367,422.7704162597656,62213200.0
1634601600,424.40593545300055,426.0981685377647,423.7914067813759,426.0320129394531,46996800.0
1634688000,426.495189745649,428.0078244614232,426.3817471909098,427.7052917480469,49571600.0
1634774400,427.1002090187017,429.04771639911513,426.6653362927829,428.8208312988281,41305400.0
1634860800,428.3860195607123,429.8419331474085,426.4195855745832,428.3765563964844,58845100.0
1635120000,429.47315880576673,431.00469094915405,427.6863809221838,430.6737976074219,45214500.0
1635206400,432.2337389531949,433.453275285302,430.6832804131563,431.0614318847656,56075100.0
1635292800,431.5246485551164,432.1958695101741,429.0760552838613,429.1517028808594,72438000.0
1635379200,430.5887630831377,433.3682212978146,430.5793287702373,433.2926025390625,51437900.0
1635465600,430.9763501363649,434.4648530017108,430.68328058191975,434.1717834472656,70162400.0
1635724800,435.16436164885454,435.5425419082634,433.1790595424732,434.9185791015625,48433600.0
1635811200,435.0887791129924,436.9890283255675,434.9564102409637,436.6770324707031,48908400.0
1635897600,436.10982154603056,439.7495907183395,435.66548563900415,439.3430786132813,52509800.0
1635984000,439.948166926432,441.4986256272751,439.5983760576373,441.4135437011719,52847100.0
1636070400,443.6540826825688,444.9492666422016,441.4229687654718,442.9450378417969,66390600.0
1636329600,444.0511523068338,444.5522094977037,442.6330626514163,443.32318115234375,50405200.0
1636416000,443.6918834712675,443.9282317392653,440.4397289955285,441.8578186035156,51149100.0
1636502400,440.1561240915625,441.857849049066,436.8094531589126,438.30316162109375,69429700.0
1636588800,439.8063146570788,439.8819622614729,438.42604881351787,438.4449462890625,34848500.0
1636675200,439.72122534276286,442.3115931530803,438.7663690983288,441.7538146972656,53466700.0
1636934400,443.0490367571835,443.2097374277535,440.77063592135255,441.9050903320313,46980500.0
1637020800,441.6403609063365,444.7979702552916,441.5647421562464,443.654052734375,48857500.0
1637107200,443.3892875051206,443.56891447126,441.9523006271087,442.5762634277344,47858300.0
1637193600,443.6162360667805,444.34420719724704,440.8746019270038,444.0794982910156,50625600.0
1637280000,443.9660251855124,445.22341412362175,442.9166527276879,443.2853698730469,57315600.0
1637539200,445.17621845643487,447.6815046699264,441.8295184451629,442.0375061035156,72762000.0
1637625600,441.7065332793372,443.4838767945243,439.0878049687893,442.6235656738281,73206500.0
1637712000,440.6098345570471,443.9281730332671,439.7873473093591,443.8052673339844,61858800.0
1637884800,437.093074859668,438.56788589713005,432.7726211474736,433.9071044921875,112669600.0
1638144000,438.7286180637866,441.0826378394203,436.5164014943158,439.2296752929688,86268800.0
1638230400,436.7715916421654,438.6907383907912,430.4374466298559,430.6832580566406,148559600.0
1638316800,436.43129028942224,439.2958302661636,425.7010726926602,425.8995971679688,131939200.0
1638403200,426.1170949635271,434.0016709289296,425.7200171180111,432.4228515625,127637800.0
1638489600,434.0961666276724,435.1644366060928,424.4058872587781,428.66015625,137331600.0
1638748800,431.222189194208,435.627724807556,428.792521834615,433.7369384765625,98977500.0
1638835200,439.0500730533948,443.2759819421413,433.6045988206177,442.708740234375,95484700.0
1638921600,443.10575052479743,444.33474999497895,441.3378412207383,443.8809509277344,72238800.0
1639008000,442.5858209760544,443.98501329898,440.6856002620959,440.8841247558594,61272600.0
1639094400,443.6068387533167,445.1856291593039,441.0353682278382,445.0343627929688,77159800.0
1639353600,444.5143899851278,444.8641808206626,440.8084362887176,441.0920715332031,87724700.0
1639440000,437.802066273328,440.3073520982587,435.1171534599016,438.0573120117188,97264100.0
1639526400,438.1140623271184,445.1477601146576,435.5803870123886,444.9019775390625,116899300.0
1639612800,446.7644390434781,447.0480454424632,439.41871594756833,440.9786376953125,116568600.0
1639699200,437.87908090479016,440.9054818885847,434.5680772072225,436.2852478027344,135511600.0
1639958400,431.1718218991437,432.0446231178976,428.0031186089387,431.6461791992188,107134800.0
1640044800,435.0898854770568,439.4539773911004,432.9078539962676,439.3116760253906,69806300.0
1640131200,439.055619628867,443.8181563004293,438.85636872535207,443.7043151855469,58890200.0
1640217600,444.709899328957,447.9734793596965,444.60555463643215,446.4650268554688,56439700.0
1640563200,447.8501509520467,452.8309019257752,447.8027268094746,452.7834777832031,56808600.0
1640649600,453.2199263600497,454.2540217689277,451.6450566966984,452.41351318359375,47274600.0
1640736000,452.51783027343856,454.01678637028704,451.5121952693257,452.9921875,54503000.0
1640822400,453.4190822885973,454.4342136811117,451.2750073564015,451.7398681640625,55329000.0
1640908800,451.2466494298753,452.404053506979,450.3263950624863,450.60150146484375,65237400.0
